# Blender 4.0.2
# www.blender.org
mtllib player_soldier.mtl
o PlayerSoldier
v 0.000000 -0.120925 -1.681070
v 0.006511 0.090925 -1.680038
v 0.012772 0.084779 -1.699307
v 0.018542 0.074799 -1.717065
v 0.023599 0.061368 -1.732630
v 0.027749 0.045002 -1.745404
v 0.030833 0.026330 -1.754895
v 0.032733 0.006070 -1.760740
v 0.033374 -0.015000 -1.762714
v 0.032733 -0.036070 -1.760740
v 0.030833 -0.056330 -1.754895
v 0.027749 -0.075002 -1.745404
v 0.023599 -0.091368 -1.732630
v 0.018542 -0.104799 -1.717065
v 0.012772 -0.114779 -1.699307
v 0.006511 -0.120925 -1.680038
v 0.012384 0.090925 -1.677046
v 0.024293 0.084779 -1.693437
v 0.035268 0.074799 -1.708542
v 0.044888 0.061368 -1.721783
v 0.052782 0.045002 -1.732649
v 0.058649 0.026330 -1.740723
v 0.062261 0.006070 -1.745695
v 0.063481 -0.015000 -1.747374
v 0.062261 -0.036070 -1.745695
v 0.058649 -0.056330 -1.740723
v 0.052782 -0.075002 -1.732649
v 0.044888 -0.091368 -1.721783
v 0.035268 -0.104799 -1.708542
v 0.024293 -0.114779 -1.693437
v 0.012384 -0.120925 -1.677046
v 0.017046 0.090925 -1.672385
v 0.033437 0.084779 -1.684293
v 0.048542 0.074799 -1.695268
v 0.061783 0.061368 -1.704888
v 0.072649 0.045002 -1.712782
v 0.080723 0.026330 -1.718649
v 0.085695 0.006070 -1.722261
v 0.087374 -0.015000 -1.723481
v 0.085695 -0.036070 -1.722261
v 0.080723 -0.056330 -1.718649
v 0.072649 -0.075002 -1.712782
v 0.061783 -0.091368 -1.704888
v 0.048542 -0.104799 -1.695268
v 0.033437 -0.114779 -1.684293
v 0.017046 -0.120925 -1.672385
v 0.020039 0.090925 -1.666511
v 0.039307 0.084779 -1.672772
v 0.057065 0.074799 -1.678541
v 0.072630 0.061368 -1.683599
v 0.085404 0.045002 -1.687749
v 0.094895 0.026330 -1.690833
v 0.100740 0.006070 -1.692733
v 0.102714 -0.015000 -1.693374
v 0.100740 -0.036070 -1.692733
v 0.094895 -0.056330 -1.690833
v 0.085404 -0.075002 -1.687749
v 0.072630 -0.091368 -1.683599
v 0.057065 -0.104799 -1.678541
v 0.039307 -0.114779 -1.672772
v 0.020039 -0.120925 -1.666511
v 0.021070 0.090925 -1.660000
v 0.041330 0.084779 -1.660000
v 0.060002 0.074799 -1.660000
v 0.076368 0.061368 -1.660000
v 0.089799 0.045002 -1.660000
v 0.099779 0.026330 -1.660000
v 0.105925 0.006070 -1.660000
v 0.108000 -0.015000 -1.660000
v 0.105925 -0.036070 -1.660000
v 0.099779 -0.056330 -1.660000
v 0.089799 -0.075002 -1.660000
v 0.076368 -0.091368 -1.660000
v 0.060002 -0.104799 -1.660000
v 0.041330 -0.114779 -1.660000
v 0.021070 -0.120925 -1.660000
v 0.020039 0.090925 -1.653489
v 0.039307 0.084779 -1.647228
v 0.057065 0.074799 -1.641459
v 0.072630 0.061368 -1.636401
v 0.085404 0.045002 -1.632251
v 0.094895 0.026330 -1.629167
v 0.100740 0.006070 -1.627267
v 0.102714 -0.015000 -1.626626
v 0.100740 -0.036070 -1.627267
v 0.094895 -0.056330 -1.629167
v 0.085404 -0.075002 -1.632251
v 0.072630 -0.091368 -1.636401
v 0.057065 -0.104799 -1.641459
v 0.039307 -0.114779 -1.647228
v 0.020039 -0.120925 -1.653489
v 0.017046 0.090925 -1.647615
v 0.033437 0.084779 -1.635707
v 0.048542 0.074799 -1.624732
v 0.061783 0.061368 -1.615112
v 0.072649 0.045002 -1.607218
v 0.080723 0.026330 -1.601351
v 0.085695 0.006070 -1.597739
v 0.087374 -0.015000 -1.596519
v 0.085695 -0.036070 -1.597739
v 0.080723 -0.056330 -1.601351
v 0.072649 -0.075002 -1.607218
v 0.061783 -0.091368 -1.615112
v 0.048542 -0.104799 -1.624732
v 0.033437 -0.114779 -1.635707
v 0.017046 -0.120925 -1.647615
v 0.012384 0.090925 -1.642954
v 0.024293 0.084779 -1.626563
v 0.035268 0.074799 -1.611458
v 0.044888 0.061368 -1.598217
v 0.052782 0.045002 -1.587351
v 0.058649 0.026330 -1.579277
v 0.062261 0.006070 -1.574305
v 0.063481 -0.015000 -1.572626
v 0.062261 -0.036070 -1.574305
v 0.058649 -0.056330 -1.579277
v 0.052782 -0.075002 -1.587351
v 0.044888 -0.091368 -1.598217
v 0.035268 -0.104799 -1.611458
v 0.024293 -0.114779 -1.626563
v 0.012384 -0.120925 -1.642954
v 0.006511 0.090925 -1.639961
v 0.012772 0.084779 -1.620693
v 0.018542 0.074799 -1.602935
v 0.023599 0.061368 -1.587370
v 0.027749 0.045002 -1.574596
v 0.030833 0.026330 -1.565104
v 0.032733 0.006070 -1.559259
v 0.033374 -0.015000 -1.557286
v 0.032733 -0.036070 -1.559259
v 0.030833 -0.056330 -1.565104
v 0.027749 -0.075002 -1.574596
v 0.023599 -0.091368 -1.587370
v 0.018542 -0.104799 -1.602935
v 0.012772 -0.114779 -1.620693
v 0.006511 -0.120925 -1.639961
v -0.000000 0.090925 -1.638930
v 0.000000 0.084779 -1.618670
v -0.000000 0.074799 -1.599998
v 0.000000 0.061368 -1.583632
v 0.000000 0.045002 -1.570201
v 0.000000 0.026330 -1.560221
v -0.000000 0.006070 -1.554075
v 0.000000 -0.015000 -1.552000
v -0.000000 -0.036070 -1.554075
v 0.000000 -0.056330 -1.560221
v 0.000000 -0.075002 -1.570201
v 0.000000 -0.091368 -1.583632
v -0.000000 -0.104799 -1.599998
v 0.000000 -0.114779 -1.618670
v -0.000000 -0.120925 -1.638930
v -0.006511 0.090925 -1.639961
v -0.012772 0.084779 -1.620693
v -0.018542 0.074799 -1.602935
v -0.023599 0.061368 -1.587370
v -0.027749 0.045002 -1.574596
v -0.030833 0.026330 -1.565104
v -0.032733 0.006070 -1.559259
v -0.033374 -0.015000 -1.557286
v -0.032733 -0.036070 -1.559259
v -0.030833 -0.056330 -1.565104
v -0.027749 -0.075002 -1.574596
v -0.023599 -0.091368 -1.587370
v -0.018542 -0.104799 -1.602935
v -0.012772 -0.114779 -1.620693
v -0.006511 -0.120925 -1.639961
v -0.012384 0.090925 -1.642954
v -0.024293 0.084779 -1.626563
v -0.035268 0.074799 -1.611458
v -0.044888 0.061368 -1.598217
v -0.052782 0.045002 -1.587351
v -0.058649 0.026330 -1.579277
v -0.062261 0.006070 -1.574305
v -0.063481 -0.015000 -1.572626
v -0.062261 -0.036070 -1.574305
v -0.058649 -0.056330 -1.579277
v -0.052782 -0.075002 -1.587351
v -0.044888 -0.091368 -1.598217
v -0.035268 -0.104799 -1.611458
v -0.024293 -0.114779 -1.626563
v -0.012384 -0.120925 -1.642954
v 0.000000 -0.123000 -1.660000
v -0.017046 0.090925 -1.647615
v -0.033437 0.084779 -1.635707
v -0.048542 0.074799 -1.624732
v -0.061783 0.061368 -1.615112
v -0.072649 0.045002 -1.607218
v -0.080723 0.026330 -1.601351
v -0.085695 0.006070 -1.597739
v -0.087374 -0.015000 -1.596519
v -0.085695 -0.036070 -1.597739
v -0.080723 -0.056330 -1.601351
v -0.072649 -0.075002 -1.607218
v -0.061783 -0.091368 -1.615112
v -0.048542 -0.104799 -1.624732
v -0.033437 -0.114779 -1.635707
v -0.017046 -0.120925 -1.647615
v -0.020039 0.090925 -1.653489
v -0.039307 0.084779 -1.647228
v -0.057065 0.074799 -1.641458
v -0.072630 0.061368 -1.636401
v -0.085404 0.045002 -1.632251
v -0.094895 0.026330 -1.629167
v -0.100741 0.006070 -1.627267
v -0.102714 -0.015000 -1.626626
v -0.100741 -0.036070 -1.627267
v -0.094895 -0.056330 -1.629167
v -0.085404 -0.075002 -1.632251
v -0.072630 -0.091368 -1.636401
v -0.057065 -0.104799 -1.641458
v -0.039307 -0.114779 -1.647228
v -0.020039 -0.120925 -1.653489
v 0.000000 0.093000 -1.660000
v -0.021070 0.090925 -1.660000
v -0.041330 0.084779 -1.660000
v -0.060002 0.074799 -1.660000
v -0.076368 0.061368 -1.660000
v -0.089799 0.045002 -1.660000
v -0.099779 0.026330 -1.660000
v -0.105925 0.006070 -1.660000
v -0.108000 -0.015000 -1.660000
v -0.105925 -0.036070 -1.660000
v -0.099779 -0.056330 -1.660000
v -0.089799 -0.075002 -1.660000
v -0.076368 -0.091368 -1.660000
v -0.060002 -0.104799 -1.660000
v -0.041330 -0.114779 -1.660000
v -0.021070 -0.120925 -1.660000
v -0.020039 0.090925 -1.666511
v -0.039307 0.084779 -1.672772
v -0.057065 0.074799 -1.678542
v -0.072630 0.061368 -1.683599
v -0.085404 0.045002 -1.687749
v -0.094896 0.026330 -1.690833
v -0.100741 0.006070 -1.692733
v -0.102714 -0.015000 -1.693374
v -0.100741 -0.036070 -1.692733
v -0.094896 -0.056330 -1.690833
v -0.085404 -0.075002 -1.687749
v -0.072630 -0.091368 -1.683599
v -0.057065 -0.104799 -1.678542
v -0.039307 -0.114779 -1.672772
v -0.020039 -0.120925 -1.666511
v -0.017046 0.090925 -1.672385
v -0.033437 0.084779 -1.684293
v -0.048542 0.074799 -1.695268
v -0.061783 0.061368 -1.704888
v -0.072649 0.045002 -1.712782
v -0.080723 0.026330 -1.718649
v -0.085695 0.006070 -1.722261
v -0.087374 -0.015000 -1.723481
v -0.085695 -0.036070 -1.722261
v -0.080723 -0.056330 -1.718649
v -0.072649 -0.075002 -1.712782
v -0.061783 -0.091368 -1.704888
v -0.048542 -0.104799 -1.695268
v -0.033437 -0.114779 -1.684293
v -0.017046 -0.120925 -1.672385
v -0.012384 0.090925 -1.677046
v -0.024293 0.084779 -1.693437
v -0.035268 0.074799 -1.708542
v -0.044888 0.061368 -1.721783
v -0.052782 0.045002 -1.732649
v -0.058649 0.026330 -1.740723
v -0.062261 0.006070 -1.745695
v -0.063481 -0.015000 -1.747374
v -0.062261 -0.036070 -1.745695
v -0.058649 -0.056330 -1.740723
v -0.052782 -0.075002 -1.732649
v -0.044888 -0.091368 -1.721783
v -0.035268 -0.104799 -1.708542
v -0.024293 -0.114779 -1.693437
v -0.012384 -0.120925 -1.677046
v -0.006511 0.090925 -1.680038
v -0.012772 0.084779 -1.699307
v -0.018542 0.074799 -1.717065
v -0.023599 0.061368 -1.732630
v -0.027749 0.045002 -1.745404
v -0.030833 0.026330 -1.754895
v -0.032733 0.006070 -1.760741
v -0.033374 -0.015000 -1.762714
v -0.032733 -0.036070 -1.760741
v -0.030833 -0.056330 -1.754895
v -0.027749 -0.075002 -1.745404
v -0.023599 -0.091368 -1.732630
v -0.018542 -0.104799 -1.717065
v -0.012772 -0.114779 -1.699307
v -0.006511 -0.120925 -1.680038
v 0.000000 0.090925 -1.681070
v -0.000000 0.084779 -1.701330
v 0.000000 0.074799 -1.720002
v 0.000000 0.061368 -1.736368
v -0.000000 0.045002 -1.749799
v -0.000000 0.026330 -1.759779
v 0.000000 0.006070 -1.765925
v -0.000000 -0.015000 -1.768000
v 0.000000 -0.036070 -1.765925
v -0.000000 -0.056330 -1.759779
v -0.000000 -0.075002 -1.749799
v 0.000000 -0.091368 -1.736368
v 0.000000 -0.104799 -1.720002
v -0.000000 -0.114779 -1.701330
v -0.065000 0.059500 -1.644000
v -0.065000 0.104500 -1.644000
v -0.065000 0.059500 -1.676000
v -0.065000 0.104500 -1.676000
v 0.065000 0.059500 -1.644000
v 0.065000 0.104500 -1.644000
v 0.065000 0.059500 -1.676000
v 0.065000 0.104500 -1.676000
v -0.035528 0.100217 -1.654282
v -0.033298 0.097944 -1.658145
v -0.031528 0.094405 -1.661210
v -0.030392 0.089944 -1.663178
v -0.030000 0.085000 -1.663856
v -0.030392 0.080056 -1.663178
v -0.031528 0.075595 -1.661210
v -0.033298 0.072056 -1.658145
v -0.035528 0.069783 -1.654282
v -0.033718 0.100217 -1.652472
v -0.029855 0.097944 -1.654702
v -0.026790 0.094405 -1.656472
v -0.024822 0.089944 -1.657608
v -0.024144 0.085000 -1.658000
v -0.024822 0.080056 -1.657608
v -0.026790 0.075595 -1.656472
v -0.029855 0.072056 -1.654702
v -0.033718 0.069783 -1.652472
v -0.033056 0.100217 -1.650000
v -0.028595 0.097944 -1.650000
v -0.025056 0.094405 -1.650000
v -0.022783 0.089944 -1.650000
v -0.022000 0.085000 -1.650000
v -0.022783 0.080056 -1.650000
v -0.025056 0.075595 -1.650000
v -0.028595 0.072056 -1.650000
v -0.033056 0.069783 -1.650000
v -0.033718 0.100217 -1.647528
v -0.029855 0.097944 -1.645298
v -0.026790 0.094405 -1.643528
v -0.024822 0.089944 -1.642392
v -0.024144 0.085000 -1.642000
v -0.024822 0.080056 -1.642392
v -0.026790 0.075595 -1.643528
v -0.029855 0.072056 -1.645298
v -0.033718 0.069783 -1.647528
v -0.035528 0.100217 -1.645718
v -0.033298 0.097944 -1.641855
v -0.031528 0.094405 -1.638790
v -0.030392 0.089944 -1.636822
v -0.030000 0.085000 -1.636144
v -0.030392 0.080056 -1.636822
v -0.031528 0.075595 -1.638790
v -0.033298 0.072056 -1.641855
v -0.035528 0.069783 -1.645718
v -0.038000 0.100217 -1.645056
v -0.038000 0.097944 -1.640595
v -0.038000 0.094405 -1.637056
v -0.038000 0.089944 -1.634783
v -0.038000 0.085000 -1.634000
v -0.038000 0.080056 -1.634783
v -0.038000 0.075595 -1.637056
v -0.038000 0.072056 -1.640595
v -0.038000 0.069783 -1.645056
v -0.040472 0.100217 -1.645718
v -0.042702 0.097944 -1.641855
v -0.044472 0.094405 -1.638790
v -0.045608 0.089944 -1.636822
v -0.046000 0.085000 -1.636144
v -0.045608 0.080056 -1.636822
v -0.044472 0.075595 -1.638790
v -0.042702 0.072056 -1.641855
v -0.040472 0.069783 -1.645718
v -0.038000 0.069000 -1.650000
v -0.042282 0.100217 -1.647528
v -0.046145 0.097944 -1.645298
v -0.049210 0.094405 -1.643528
v -0.051178 0.089944 -1.642392
v -0.051856 0.085000 -1.642000
v -0.051178 0.080056 -1.642392
v -0.049210 0.075595 -1.643528
v -0.046145 0.072056 -1.645298
v -0.042282 0.069783 -1.647528
v -0.038000 0.101000 -1.650000
v -0.042944 0.100217 -1.650000
v -0.047405 0.097944 -1.650000
v -0.050944 0.094405 -1.650000
v -0.053217 0.089944 -1.650000
v -0.054000 0.085000 -1.650000
v -0.053217 0.080056 -1.650000
v -0.050944 0.075595 -1.650000
v -0.047405 0.072056 -1.650000
v -0.042944 0.069783 -1.650000
v -0.042282 0.100217 -1.652472
v -0.046145 0.097944 -1.654702
v -0.049210 0.094405 -1.656472
v -0.051178 0.089944 -1.657608
v -0.051856 0.085000 -1.658000
v -0.051178 0.080056 -1.657608
v -0.049210 0.075595 -1.656472
v -0.046145 0.072056 -1.654702
v -0.042282 0.069783 -1.652472
v -0.040472 0.100217 -1.654282
v -0.042702 0.097944 -1.658145
v -0.044472 0.094405 -1.661210
v -0.045608 0.089944 -1.663178
v -0.046000 0.085000 -1.663856
v -0.045608 0.080056 -1.663178
v -0.044472 0.075595 -1.661210
v -0.042702 0.072056 -1.658145
v -0.040472 0.069783 -1.654282
v -0.038000 0.100217 -1.654944
v -0.038000 0.097944 -1.659405
v -0.038000 0.094405 -1.662944
v -0.038000 0.089944 -1.665217
v -0.038000 0.085000 -1.666000
v -0.038000 0.080056 -1.665217
v -0.038000 0.075595 -1.662944
v -0.038000 0.072056 -1.659405
v -0.038000 0.069783 -1.654944
v 0.040472 0.100217 -1.654282
v 0.042702 0.097944 -1.658145
v 0.044472 0.094405 -1.661210
v 0.045608 0.089944 -1.663178
v 0.046000 0.085000 -1.663856
v 0.045608 0.080056 -1.663178
v 0.044472 0.075595 -1.661210
v 0.042702 0.072056 -1.658145
v 0.040472 0.069783 -1.654282
v 0.042282 0.100217 -1.652472
v 0.046145 0.097944 -1.654702
v 0.049210 0.094405 -1.656472
v 0.051178 0.089944 -1.657608
v 0.051856 0.085000 -1.658000
v 0.051178 0.080056 -1.657608
v 0.049210 0.075595 -1.656472
v 0.046145 0.072056 -1.654702
v 0.042282 0.069783 -1.652472
v 0.042944 0.100217 -1.650000
v 0.047405 0.097944 -1.650000
v 0.050944 0.094405 -1.650000
v 0.053217 0.089944 -1.650000
v 0.054000 0.085000 -1.650000
v 0.053217 0.080056 -1.650000
v 0.050944 0.075595 -1.650000
v 0.047405 0.072056 -1.650000
v 0.042944 0.069783 -1.650000
v 0.042282 0.100217 -1.647528
v 0.046145 0.097944 -1.645298
v 0.049210 0.094405 -1.643528
v 0.051178 0.089944 -1.642392
v 0.051856 0.085000 -1.642000
v 0.051178 0.080056 -1.642392
v 0.049210 0.075595 -1.643528
v 0.046145 0.072056 -1.645298
v 0.042282 0.069783 -1.647528
v 0.040472 0.100217 -1.645718
v 0.042702 0.097944 -1.641855
v 0.044472 0.094405 -1.638790
v 0.045608 0.089944 -1.636822
v 0.046000 0.085000 -1.636144
v 0.045608 0.080056 -1.636822
v 0.044472 0.075595 -1.638790
v 0.042702 0.072056 -1.641855
v 0.040472 0.069783 -1.645718
v 0.038000 0.100217 -1.645056
v 0.038000 0.097944 -1.640595
v 0.038000 0.094405 -1.637056
v 0.038000 0.089944 -1.634783
v 0.038000 0.085000 -1.634000
v 0.038000 0.080056 -1.634783
v 0.038000 0.075595 -1.637056
v 0.038000 0.072056 -1.640595
v 0.038000 0.069783 -1.645056
v 0.035528 0.100217 -1.645718
v 0.033298 0.097944 -1.641855
v 0.031528 0.094405 -1.638790
v 0.030392 0.089944 -1.636822
v 0.030000 0.085000 -1.636144
v 0.030392 0.080056 -1.636822
v 0.031528 0.075595 -1.638790
v 0.033298 0.072056 -1.641855
v 0.035528 0.069783 -1.645718
v 0.038000 0.069000 -1.650000
v 0.033718 0.100217 -1.647528
v 0.029855 0.097944 -1.645298
v 0.026790 0.094405 -1.643528
v 0.024822 0.089944 -1.642392
v 0.024144 0.085000 -1.642000
v 0.024822 0.080056 -1.642392
v 0.026790 0.075595 -1.643528
v 0.029855 0.072056 -1.645298
v 0.033718 0.069783 -1.647528
v 0.038000 0.101000 -1.650000
v 0.033056 0.100217 -1.650000
v 0.028595 0.097944 -1.650000
v 0.025056 0.094405 -1.650000
v 0.022783 0.089944 -1.650000
v 0.022000 0.085000 -1.650000
v 0.022783 0.080056 -1.650000
v 0.025056 0.075595 -1.650000
v 0.028595 0.072056 -1.650000
v 0.033056 0.069783 -1.650000
v 0.033718 0.100217 -1.652472
v 0.029855 0.097944 -1.654702
v 0.026790 0.094405 -1.656472
v 0.024822 0.089944 -1.657608
v 0.024144 0.085000 -1.658000
v 0.024822 0.080056 -1.657608
v 0.026790 0.075595 -1.656472
v 0.029855 0.072056 -1.654702
v 0.033718 0.069783 -1.652472
v 0.035528 0.100217 -1.654282
v 0.033298 0.097944 -1.658145
v 0.031528 0.094405 -1.661210
v 0.030392 0.089944 -1.663178
v 0.030000 0.085000 -1.663856
v 0.030392 0.080056 -1.663178
v 0.031528 0.075595 -1.661210
v 0.033298 0.072056 -1.658145
v 0.035528 0.069783 -1.654282
v 0.038000 0.100217 -1.654944
v 0.038000 0.097944 -1.659405
v 0.038000 0.094405 -1.662944
v 0.038000 0.089944 -1.665217
v 0.038000 0.085000 -1.666000
v 0.038000 0.080056 -1.665217
v 0.038000 0.075595 -1.662944
v 0.038000 0.072056 -1.659405
v 0.038000 0.069783 -1.654944
v -0.056000 0.079000 -1.656000
v -0.056000 0.097000 -1.656000
v -0.056000 0.079000 -1.668000
v -0.056000 0.097000 -1.668000
v -0.020000 0.079000 -1.656000
v -0.020000 0.097000 -1.656000
v -0.020000 0.079000 -1.668000
v -0.020000 0.097000 -1.668000
v 0.020000 0.079000 -1.656000
v 0.020000 0.097000 -1.656000
v 0.020000 0.079000 -1.668000
v 0.020000 0.097000 -1.668000
v 0.056000 0.079000 -1.656000
v 0.056000 0.097000 -1.656000
v 0.056000 0.079000 -1.668000
v 0.056000 0.097000 -1.668000
v -0.016000 0.087000 -1.592000
v -0.016000 0.123000 -1.592000
v -0.016000 0.087000 -1.638000
v -0.016000 0.123000 -1.638000
v 0.016000 0.087000 -1.592000
v 0.016000 0.123000 -1.592000
v 0.016000 0.087000 -1.638000
v 0.016000 0.123000 -1.638000
v -0.084000 0.035000 -1.580000
v -0.084000 0.095000 -1.580000
v -0.084000 0.035000 -1.640000
v -0.084000 0.095000 -1.640000
v -0.046000 0.035000 -1.580000
v -0.046000 0.095000 -1.580000
v -0.046000 0.035000 -1.640000
v -0.046000 0.095000 -1.640000
v 0.046000 0.035000 -1.580000
v 0.046000 0.095000 -1.580000
v 0.046000 0.035000 -1.640000
v 0.046000 0.095000 -1.640000
v 0.084000 0.035000 -1.580000
v 0.084000 0.095000 -1.580000
v 0.084000 0.035000 -1.640000
v 0.084000 0.095000 -1.640000
v -0.027000 0.081000 -1.563000
v -0.027000 0.103000 -1.563000
v -0.027000 0.081000 -1.581000
v -0.027000 0.103000 -1.581000
v 0.027000 0.081000 -1.563000
v 0.027000 0.103000 -1.563000
v 0.027000 0.081000 -1.581000
v 0.027000 0.103000 -1.581000
v -0.041000 0.022500 -1.497500
v -0.041000 0.107500 -1.497500
v -0.041000 0.022500 -1.562500
v -0.041000 0.107500 -1.562500
v 0.041000 0.022500 -1.497500
v 0.041000 0.107500 -1.497500
v 0.041000 0.022500 -1.562500
v 0.041000 0.107500 -1.562500
v -0.123000 -0.018000 -1.602500
v -0.123000 0.018000 -1.602500
v -0.123000 -0.018000 -1.657500
v -0.123000 0.018000 -1.657500
v -0.101000 -0.018000 -1.602500
v -0.101000 0.018000 -1.602500
v -0.101000 -0.018000 -1.657500
v -0.101000 0.018000 -1.657500
v 0.101000 -0.018000 -1.602500
v 0.101000 0.018000 -1.602500
v 0.101000 -0.018000 -1.657500
v 0.101000 0.018000 -1.657500
v 0.123000 -0.018000 -1.602500
v 0.123000 0.018000 -1.602500
v 0.123000 -0.018000 -1.657500
v 0.123000 0.018000 -1.657500
v 0.000000 0.090116 -1.714505
v 0.000000 0.078727 -1.742000
v 0.000000 0.037000 -1.783727
v 0.000000 0.009505 -1.795115
v 0.000000 -0.020000 -1.799000
v 0.000000 -0.049505 -1.795115
v 0.000000 -0.077000 -1.783727
v 0.000000 -0.118727 -1.742000
v 0.000000 -0.130116 -1.714505
v 0.011291 0.090116 -1.712259
v 0.021813 0.078727 -1.737661
v 0.030848 0.060610 -1.759474
v 0.037781 0.037000 -1.776212
v 0.042139 0.009505 -1.786733
v 0.043626 -0.020000 -1.790322
v 0.042139 -0.049505 -1.786733
v 0.037781 -0.077000 -1.776212
v 0.030848 -0.100610 -1.759474
v 0.021813 -0.118727 -1.737661
v 0.011291 -0.130116 -1.712259
v 0.000000 0.094000 -1.685000
v 0.020863 0.090116 -1.705863
v 0.040305 0.078727 -1.725305
v 0.057000 0.060610 -1.742000
v 0.069810 0.037000 -1.754810
v 0.077863 0.009505 -1.762863
v 0.080610 -0.020000 -1.765610
v 0.077863 -0.049505 -1.762863
v 0.069810 -0.077000 -1.754810
v 0.057000 -0.100610 -1.742000
v 0.040305 -0.118727 -1.725305
v 0.020863 -0.130116 -1.705863
v 0.027259 0.090116 -1.696291
v 0.052661 0.078727 -1.706813
v 0.074474 0.060610 -1.715848
v 0.091212 0.037000 -1.722781
v 0.101733 0.009505 -1.727139
v 0.105322 -0.020000 -1.728626
v 0.101733 -0.049505 -1.727139
v 0.091212 -0.077000 -1.722781
v 0.074474 -0.100610 -1.715848
v 0.052661 -0.118727 -1.706813
v 0.027259 -0.130116 -1.696291
v 0.029505 0.090116 -1.685000
v 0.057000 0.078727 -1.685000
v 0.080610 0.060610 -1.685000
v 0.098727 0.037000 -1.685000
v 0.110116 0.009505 -1.685000
v 0.114000 -0.020000 -1.685000
v 0.110116 -0.049505 -1.685000
v 0.098727 -0.077000 -1.685000
v 0.080610 -0.100610 -1.685000
v 0.057000 -0.118727 -1.685000
v 0.029505 -0.130116 -1.685000
v 0.027259 0.090116 -1.673709
v 0.052661 0.078727 -1.663187
v 0.074474 0.060610 -1.654152
v 0.091212 0.037000 -1.647219
v 0.101733 0.009505 -1.642861
v 0.105322 -0.020000 -1.641374
v 0.101733 -0.049505 -1.642861
v 0.091212 -0.077000 -1.647219
v 0.074474 -0.100610 -1.654152
v 0.052661 -0.118727 -1.663187
v 0.027259 -0.130116 -1.673709
v 0.020863 0.090116 -1.664137
v 0.040305 0.078727 -1.644695
v 0.057000 0.060610 -1.628000
v 0.069810 0.037000 -1.615189
v 0.077863 0.009505 -1.607136
v 0.080610 -0.020000 -1.604390
v 0.077863 -0.049505 -1.607136
v 0.069810 -0.077000 -1.615189
v 0.057000 -0.100610 -1.628000
v 0.040305 -0.118727 -1.644695
v 0.020863 -0.130116 -1.664137
v 0.011291 0.090116 -1.657741
v 0.021813 0.078727 -1.632339
v 0.030848 0.060610 -1.610526
v 0.037781 0.037000 -1.593788
v 0.042139 0.009505 -1.583266
v 0.043626 -0.020000 -1.579678
v 0.042139 -0.049505 -1.583266
v 0.037781 -0.077000 -1.593788
v 0.030848 -0.100610 -1.610526
v 0.021813 -0.118727 -1.632339
v 0.011291 -0.130116 -1.657741
v -0.000000 0.090116 -1.655495
v -0.000000 0.078727 -1.628000
v -0.000000 0.060610 -1.604390
v -0.000000 0.037000 -1.586273
v -0.000000 0.009505 -1.574884
v -0.000000 -0.020000 -1.571000
v -0.000000 -0.049505 -1.574884
v -0.000000 -0.077000 -1.586273
v -0.000000 -0.100610 -1.604390
v -0.000000 -0.118727 -1.628000
v -0.000000 -0.130116 -1.655495
v -0.011291 0.090116 -1.657741
v -0.021813 0.078727 -1.632339
v -0.030848 0.060610 -1.610526
v -0.037781 0.037000 -1.593788
v -0.042139 0.009505 -1.583266
v -0.043626 -0.020000 -1.579678
v -0.042139 -0.049505 -1.583266
v -0.037781 -0.077000 -1.593788
v -0.030848 -0.100610 -1.610526
v -0.021813 -0.118727 -1.632339
v -0.011291 -0.130116 -1.657741
v 0.000000 -0.134000 -1.685000
v -0.020863 0.090116 -1.664137
v -0.040305 0.078727 -1.644695
v -0.057000 0.060610 -1.628000
v -0.069810 0.037000 -1.615190
v -0.077863 0.009505 -1.607136
v -0.080610 -0.020000 -1.604390
v -0.077863 -0.049505 -1.607136
v -0.069810 -0.077000 -1.615190
v -0.057000 -0.100610 -1.628000
v -0.040305 -0.118727 -1.644695
v -0.020863 -0.130116 -1.664137
v -0.027259 0.090116 -1.673709
v -0.052661 0.078727 -1.663187
v -0.074474 0.060610 -1.654152
v -0.091212 0.037000 -1.647219
v -0.101733 0.009505 -1.642861
v -0.105322 -0.020000 -1.641374
v -0.101733 -0.049505 -1.642861
v -0.091212 -0.077000 -1.647219
v -0.074474 -0.100610 -1.654152
v -0.052661 -0.118727 -1.663187
v -0.027259 -0.130116 -1.673709
v -0.029505 0.090116 -1.685000
v -0.057000 0.078727 -1.685000
v -0.080610 0.060610 -1.685000
v -0.098727 0.037000 -1.685000
v -0.110116 0.009505 -1.685000
v -0.114000 -0.020000 -1.685000
v -0.110116 -0.049505 -1.685000
v -0.098727 -0.077000 -1.685000
v -0.080610 -0.100610 -1.685000
v -0.057000 -0.118727 -1.685000
v -0.029505 -0.130116 -1.685000
v -0.027259 0.090116 -1.696291
v -0.052661 0.078727 -1.706813
v -0.074474 0.060610 -1.715848
v -0.091212 0.037000 -1.722781
v -0.101733 0.009505 -1.727139
v -0.105322 -0.020000 -1.728626
v -0.101733 -0.049505 -1.727139
v -0.091212 -0.077000 -1.722781
v -0.074474 -0.100610 -1.715848
v -0.052661 -0.118727 -1.706813
v -0.027259 -0.130116 -1.696291
v -0.020863 0.090116 -1.705863
v -0.040305 0.078727 -1.725305
v -0.057000 0.060610 -1.742000
v -0.069810 0.037000 -1.754810
v -0.077863 0.009505 -1.762863
v -0.080610 -0.020000 -1.765610
v -0.077863 -0.049505 -1.762863
v -0.069810 -0.077000 -1.754810
v -0.057000 -0.100610 -1.742000
v -0.040305 -0.118727 -1.725305
v -0.020863 -0.130116 -1.705863
v -0.011291 0.090116 -1.712259
v -0.021813 0.078727 -1.737661
v -0.030848 0.060610 -1.759474
v -0.037781 0.037000 -1.776212
v -0.042139 0.009505 -1.786733
v -0.043626 -0.020000 -1.790322
v -0.042139 -0.049505 -1.786733
v -0.037781 -0.077000 -1.776212
v -0.030848 -0.100610 -1.759474
v -0.021813 -0.118727 -1.737661
v -0.011291 -0.130116 -1.712259
v 0.000000 0.060610 -1.765610
v 0.000000 -0.100610 -1.765610
v 0.000000 -0.070000 -1.548000
v 0.000000 0.070000 -1.548000
v 0.026022 -0.070000 -1.542824
v 0.026022 0.070000 -1.542824
v 0.048083 -0.070000 -1.528083
v 0.048083 0.070000 -1.528083
v 0.062824 -0.070000 -1.506022
v 0.062824 0.070000 -1.506022
v 0.068000 -0.070000 -1.480000
v 0.068000 0.070000 -1.480000
v 0.062824 -0.070000 -1.453978
v 0.062824 0.070000 -1.453978
v 0.048083 -0.070000 -1.431917
v 0.048083 0.070000 -1.431917
v 0.026022 -0.070000 -1.417176
v 0.026022 0.070000 -1.417176
v 0.000000 -0.070000 -1.412000
v 0.000000 0.070000 -1.412000
v -0.026022 -0.070000 -1.417176
v -0.026022 0.070000 -1.417176
v -0.048083 -0.070000 -1.431917
v -0.048083 0.070000 -1.431917
v -0.062824 -0.070000 -1.453978
v -0.062824 0.070000 -1.453978
v -0.068000 -0.070000 -1.480000
v -0.068000 0.070000 -1.480000
v -0.062824 -0.070000 -1.506022
v -0.062824 0.070000 -1.506022
v -0.048083 -0.070000 -1.528083
v -0.048083 0.070000 -1.528083
v -0.026022 -0.070000 -1.542824
v -0.026022 0.070000 -1.542824
v -0.190000 -0.110000 -1.050000
v -0.190000 0.110000 -1.050000
v -0.190000 -0.110000 -1.450000
v -0.190000 0.110000 -1.450000
v 0.190000 -0.110000 -1.050000
v 0.190000 0.110000 -1.050000
v 0.190000 -0.110000 -1.450000
v 0.190000 0.110000 -1.450000
v 0.000000 -0.027500 -1.502000
v 0.000000 0.027500 -1.502000
v 0.031380 -0.027500 -1.495758
v 0.031380 0.027500 -1.495758
v 0.057983 -0.027500 -1.477983
v 0.057983 0.027500 -1.477983
v 0.075758 -0.027500 -1.451380
v 0.075758 0.027500 -1.451380
v 0.082000 -0.027500 -1.420000
v 0.082000 0.027500 -1.420000
v 0.075758 -0.027500 -1.388620
v 0.075758 0.027500 -1.388620
v 0.057983 -0.027500 -1.362017
v 0.057983 0.027500 -1.362017
v 0.031380 -0.027500 -1.344242
v 0.031380 0.027500 -1.344242
v 0.000000 -0.027500 -1.338000
v 0.000000 0.027500 -1.338000
v -0.031380 -0.027500 -1.344242
v -0.031380 0.027500 -1.344242
v -0.057983 -0.027500 -1.362017
v -0.057983 0.027500 -1.362017
v -0.075758 -0.027500 -1.388620
v -0.075758 0.027500 -1.388620
v -0.082000 -0.027500 -1.420000
v -0.082000 0.027500 -1.420000
v -0.075758 -0.027500 -1.451380
v -0.075758 0.027500 -1.451380
v -0.057983 -0.027500 -1.477983
v -0.057983 0.027500 -1.477983
v -0.031380 -0.027500 -1.495758
v -0.031380 0.027500 -1.495758
v -0.170000 -0.025000 -1.080000
v -0.170000 0.135000 -1.080000
v -0.170000 -0.025000 -1.440000
v -0.170000 0.135000 -1.440000
v 0.170000 -0.025000 -1.080000
v 0.170000 0.135000 -1.080000
v 0.170000 -0.025000 -1.440000
v 0.170000 0.135000 -1.440000
v -0.170000 -0.135000 -1.080000
v -0.170000 0.025000 -1.080000
v -0.170000 -0.135000 -1.440000
v -0.170000 0.025000 -1.440000
v 0.170000 -0.135000 -1.080000
v 0.170000 0.025000 -1.080000
v 0.170000 -0.135000 -1.440000
v 0.170000 0.025000 -1.440000
v -0.152500 -0.110000 -1.382500
v -0.152500 0.110000 -1.382500
v -0.152500 -0.110000 -1.457500
v -0.152500 0.110000 -1.457500
v -0.087500 -0.110000 -1.382500
v -0.087500 0.110000 -1.382500
v -0.087500 -0.110000 -1.457500
v -0.087500 0.110000 -1.457500
v 0.087500 -0.110000 -1.382500
v 0.087500 0.110000 -1.382500
v 0.087500 -0.110000 -1.457500
v 0.087500 0.110000 -1.457500
v 0.152500 -0.110000 -1.382500
v 0.152500 0.110000 -1.382500
v 0.152500 -0.110000 -1.457500
v 0.152500 0.110000 -1.457500
v -0.140000 0.136000 -1.171000
v -0.140000 0.148000 -1.171000
v -0.140000 0.136000 -1.189000
v -0.140000 0.148000 -1.189000
v 0.140000 0.136000 -1.171000
v 0.140000 0.148000 -1.171000
v 0.140000 0.136000 -1.189000
v 0.140000 0.148000 -1.189000
v -0.140000 0.136000 -1.231000
v -0.140000 0.148000 -1.231000
v -0.140000 0.136000 -1.249000
v -0.140000 0.148000 -1.249000
v 0.140000 0.136000 -1.231000
v 0.140000 0.148000 -1.231000
v 0.140000 0.136000 -1.249000
v 0.140000 0.148000 -1.249000
v -0.140000 0.136000 -1.291000
v -0.140000 0.148000 -1.291000
v -0.140000 0.136000 -1.309000
v -0.140000 0.148000 -1.309000
v 0.140000 0.136000 -1.291000
v 0.140000 0.148000 -1.291000
v 0.140000 0.136000 -1.309000
v 0.140000 0.148000 -1.309000
v -0.140000 0.136000 -1.351000
v -0.140000 0.148000 -1.351000
v -0.140000 0.136000 -1.369000
v -0.140000 0.148000 -1.369000
v 0.140000 0.136000 -1.351000
v 0.140000 0.148000 -1.351000
v 0.140000 0.136000 -1.369000
v 0.140000 0.148000 -1.369000
v -0.121000 0.132500 -1.087500
v -0.121000 0.177500 -1.087500
v -0.121000 0.132500 -1.212500
v -0.121000 0.177500 -1.212500
v -0.049000 0.132500 -1.087500
v -0.049000 0.177500 -1.087500
v -0.049000 0.132500 -1.212500
v -0.049000 0.177500 -1.212500
v -0.102500 0.154500 -1.207500
v -0.102500 0.169500 -1.207500
v -0.102500 0.154500 -1.232500
v -0.102500 0.169500 -1.232500
v -0.067500 0.154500 -1.207500
v -0.067500 0.169500 -1.207500
v -0.067500 0.154500 -1.232500
v -0.067500 0.169500 -1.232500
v -0.036000 0.132500 -1.087500
v -0.036000 0.177500 -1.087500
v -0.036000 0.132500 -1.212500
v -0.036000 0.177500 -1.212500
v 0.036000 0.132500 -1.087500
v 0.036000 0.177500 -1.087500
v 0.036000 0.132500 -1.212500
v 0.036000 0.177500 -1.212500
v -0.017500 0.154500 -1.207500
v -0.017500 0.169500 -1.207500
v -0.017500 0.154500 -1.232500
v -0.017500 0.169500 -1.232500
v 0.017500 0.154500 -1.207500
v 0.017500 0.169500 -1.207500
v 0.017500 0.154500 -1.232500
v 0.017500 0.169500 -1.232500
v 0.049000 0.132500 -1.087500
v 0.049000 0.177500 -1.087500
v 0.049000 0.132500 -1.212500
v 0.049000 0.177500 -1.212500
v 0.121000 0.132500 -1.087500
v 0.121000 0.177500 -1.087500
v 0.121000 0.132500 -1.212500
v 0.121000 0.177500 -1.212500
v 0.067500 0.154500 -1.207500
v 0.067500 0.169500 -1.207500
v 0.067500 0.154500 -1.232500
v 0.067500 0.169500 -1.232500
v 0.102500 0.154500 -1.207500
v 0.102500 0.169500 -1.207500
v 0.102500 0.154500 -1.232500
v 0.102500 0.169500 -1.232500
v -0.147500 0.127500 -1.262500
v -0.147500 0.172500 -1.262500
v -0.147500 0.127500 -1.357500
v -0.147500 0.172500 -1.357500
v -0.092500 0.127500 -1.262500
v -0.092500 0.172500 -1.262500
v -0.092500 0.127500 -1.357500
v -0.092500 0.172500 -1.357500
v -0.135000 0.070000 -1.444000
v -0.135000 0.230000 -1.444000
v -0.132172 0.070000 -1.442829
v -0.132172 0.230000 -1.442829
v -0.131000 0.070000 -1.440000
v -0.131000 0.230000 -1.440000
v -0.132172 0.070000 -1.437172
v -0.132172 0.230000 -1.437172
v -0.135000 0.070000 -1.436000
v -0.135000 0.230000 -1.436000
v -0.137828 0.070000 -1.437172
v -0.137828 0.230000 -1.437172
v -0.139000 0.070000 -1.440000
v -0.139000 0.230000 -1.440000
v -0.137828 0.070000 -1.442829
v -0.137828 0.230000 -1.442829
v 0.152500 0.000000 -1.052500
v 0.152500 0.070000 -1.052500
v 0.152500 0.000000 -1.147500
v 0.152500 0.070000 -1.147500
v 0.227500 0.000000 -1.052500
v 0.227500 0.070000 -1.052500
v 0.227500 0.000000 -1.147500
v 0.227500 0.070000 -1.147500
v -0.170000 -0.110000 -0.957500
v -0.170000 0.110000 -0.957500
v -0.170000 -0.110000 -1.022500
v -0.170000 0.110000 -1.022500
v 0.170000 -0.110000 -0.957500
v 0.170000 0.110000 -0.957500
v 0.170000 -0.110000 -1.022500
v 0.170000 0.110000 -1.022500
v -0.031000 0.104000 -0.967500
v -0.031000 0.126000 -0.967500
v -0.031000 0.104000 -1.012500
v -0.031000 0.126000 -1.012500
v 0.031000 0.104000 -0.967500
v 0.031000 0.126000 -0.967500
v 0.031000 0.104000 -1.012500
v 0.031000 0.126000 -1.012500
v 0.167500 -0.022500 -0.807500
v 0.167500 0.062500 -0.807500
v 0.167500 -0.022500 -0.972500
v 0.167500 0.062500 -0.972500
v 0.232500 -0.022500 -0.807500
v 0.232500 0.062500 -0.807500
v 0.232500 -0.022500 -0.972500
v 0.232500 0.062500 -0.972500
v -0.240000 0.045847 -1.403103
v -0.240000 0.024103 -1.414182
v -0.240000 0.000000 -1.418000
v -0.240000 -0.063103 -1.385847
v -0.240000 -0.074182 -1.364103
v -0.240000 0.078000 -1.340000
v -0.229542 0.074182 -1.361716
v -0.220108 0.063103 -1.381307
v -0.212620 0.045847 -1.396854
v -0.207813 0.024103 -1.406836
v -0.206157 0.000000 -1.410276
v -0.207813 -0.024103 -1.406836
v -0.212620 -0.045847 -1.396854
v -0.220108 -0.063103 -1.381307
v -0.229542 -0.074182 -1.361716
v -0.221155 0.074182 -1.355028
v -0.204155 0.063103 -1.368585
v -0.190664 0.045847 -1.379344
v -0.182002 0.024103 -1.386252
v -0.179017 0.000000 -1.388632
v -0.182002 -0.024103 -1.386252
v -0.190664 -0.045847 -1.379344
v -0.204155 -0.063103 -1.368585
v -0.221155 -0.074182 -1.355028
v -0.216501 0.074182 -1.345363
v -0.195302 0.063103 -1.350202
v -0.178479 0.045847 -1.354042
v -0.167677 0.024103 -1.356507
v -0.163956 0.000000 -1.357357
v -0.167677 -0.024103 -1.356507
v -0.178479 -0.045847 -1.354042
v -0.195302 -0.063103 -1.350202
v -0.216501 -0.074182 -1.345363
v -0.216501 0.074182 -1.334637
v -0.195302 0.063103 -1.329798
v -0.178479 0.045847 -1.325958
v -0.167677 0.024103 -1.323493
v -0.163956 0.000000 -1.322643
v -0.167677 -0.024103 -1.323493
v -0.178479 -0.045847 -1.325958
v -0.195302 -0.063103 -1.329798
v -0.216501 -0.074182 -1.334637
v -0.221155 0.074182 -1.324972
v -0.204155 0.063103 -1.311415
v -0.190664 0.045847 -1.300656
v -0.182002 0.024103 -1.293748
v -0.179017 0.000000 -1.291368
v -0.182002 -0.024103 -1.293748
v -0.190664 -0.045847 -1.300656
v -0.204155 -0.063103 -1.311415
v -0.221155 -0.074182 -1.324972
v -0.229542 0.074182 -1.318284
v -0.220108 0.063103 -1.298693
v -0.212620 0.045847 -1.283146
v -0.207813 0.024103 -1.273164
v -0.206157 0.000000 -1.269724
v -0.207813 -0.024103 -1.273164
v -0.212620 -0.045847 -1.283146
v -0.220108 -0.063103 -1.298693
v -0.229542 -0.074182 -1.318284
v -0.240000 0.074182 -1.315897
v -0.240000 0.063103 -1.294153
v -0.240000 0.045847 -1.276897
v -0.240000 0.024103 -1.265818
v -0.240000 0.000000 -1.262000
v -0.240000 -0.024103 -1.265818
v -0.240000 -0.045847 -1.276897
v -0.240000 -0.063103 -1.294153
v -0.240000 -0.074182 -1.315897
v -0.250458 0.074182 -1.318284
v -0.259892 0.063103 -1.298693
v -0.267380 0.045847 -1.283146
v -0.272187 0.024103 -1.273164
v -0.273843 0.000000 -1.269724
v -0.272187 -0.024103 -1.273164
v -0.267380 -0.045847 -1.283146
v -0.259892 -0.063103 -1.298693
v -0.250458 -0.074182 -1.318284
v -0.258845 0.074182 -1.324972
v -0.275845 0.063103 -1.311415
v -0.289336 0.045847 -1.300656
v -0.297998 0.024103 -1.293748
v -0.300983 0.000000 -1.291368
v -0.297998 -0.024103 -1.293748
v -0.289336 -0.045847 -1.300656
v -0.275845 -0.063103 -1.311415
v -0.258845 -0.074182 -1.324972
v -0.240000 -0.078000 -1.340000
v -0.263499 0.074182 -1.334637
v -0.284698 0.063103 -1.329798
v -0.301521 0.045847 -1.325958
v -0.312322 0.024103 -1.323493
v -0.316044 0.000000 -1.322643
v -0.312322 -0.024103 -1.323493
v -0.301521 -0.045847 -1.325958
v -0.284698 -0.063103 -1.329798
v -0.263499 -0.074182 -1.334637
v -0.263499 0.074182 -1.345363
v -0.284698 0.063103 -1.350202
v -0.301521 0.045847 -1.354042
v -0.312322 0.024103 -1.356507
v -0.316044 0.000000 -1.357357
v -0.312322 -0.024103 -1.356507
v -0.301521 -0.045847 -1.354042
v -0.284698 -0.063103 -1.350202
v -0.263499 -0.074182 -1.345363
v -0.258845 0.074182 -1.355028
v -0.275845 0.063103 -1.368585
v -0.289336 0.045847 -1.379344
v -0.297998 0.024103 -1.386252
v -0.300983 0.000000 -1.388632
v -0.297998 -0.024103 -1.386252
v -0.289336 -0.045847 -1.379344
v -0.275845 -0.063103 -1.368585
v -0.258845 -0.074182 -1.355028
v -0.250458 0.074182 -1.361716
v -0.259892 0.063103 -1.381307
v -0.267379 0.045847 -1.396854
v -0.272187 0.024103 -1.406836
v -0.273843 0.000000 -1.410276
v -0.272187 -0.024103 -1.406836
v -0.267379 -0.045847 -1.396854
v -0.259892 -0.063103 -1.381307
v -0.250458 -0.074182 -1.361716
v -0.240000 0.074182 -1.364103
v -0.240000 0.063103 -1.385847
v -0.240000 -0.024103 -1.414182
v -0.240000 -0.045847 -1.403103
v -0.260000 -0.120000 -1.224000
v -0.260000 0.120000 -1.224000
v -0.232231 -0.120000 -1.217662
v -0.232231 0.120000 -1.217662
v -0.209963 -0.120000 -1.199903
v -0.209963 0.120000 -1.199903
v -0.197605 -0.120000 -1.174241
v -0.197605 0.120000 -1.174241
v -0.197605 -0.120000 -1.145759
v -0.197605 0.120000 -1.145759
v -0.209963 -0.120000 -1.120097
v -0.209963 0.120000 -1.120097
v -0.232231 -0.120000 -1.102338
v -0.232231 0.120000 -1.102338
v -0.260000 -0.120000 -1.096000
v -0.260000 0.120000 -1.096000
v -0.287769 -0.120000 -1.102338
v -0.287769 0.120000 -1.102338
v -0.310037 -0.120000 -1.120097
v -0.310037 0.120000 -1.120097
v -0.322395 -0.120000 -1.145759
v -0.322395 0.120000 -1.145759
v -0.322395 -0.120000 -1.174241
v -0.322395 0.120000 -1.174241
v -0.310037 -0.120000 -1.199903
v -0.310037 0.120000 -1.199903
v -0.287769 -0.120000 -1.217662
v -0.287769 0.120000 -1.217662
v -0.260000 -0.017500 -1.099000
v -0.260000 0.017500 -1.099000
v -0.230062 -0.017500 -1.092167
v -0.230062 0.017500 -1.092167
v -0.206054 -0.017500 -1.073021
v -0.206054 0.017500 -1.073021
v -0.192730 -0.017500 -1.045354
v -0.192730 0.017500 -1.045354
v -0.192730 -0.017500 -1.014646
v -0.192730 0.017500 -1.014646
v -0.206054 -0.017500 -0.986979
v -0.206054 0.017500 -0.986979
v -0.230062 -0.017500 -0.967833
v -0.230062 0.017500 -0.967833
v -0.260000 -0.017500 -0.961000
v -0.260000 0.017500 -0.961000
v -0.289938 -0.017500 -0.967833
v -0.289938 0.017500 -0.967833
v -0.313946 -0.017500 -0.986979
v -0.313946 0.017500 -0.986979
v -0.327270 -0.017500 -1.014646
v -0.327270 0.017500 -1.014646
v -0.327270 -0.017500 -1.045354
v -0.327270 0.017500 -1.045354
v -0.313946 -0.017500 -1.073021
v -0.313946 0.017500 -1.073021
v -0.289938 -0.017500 -1.092167
v -0.289938 0.017500 -1.092167
v -0.260000 -0.090000 -0.952000
v -0.260000 0.150000 -0.952000
v -0.237438 -0.090000 -0.946850
v -0.237438 0.150000 -0.946850
v -0.219345 -0.090000 -0.932421
v -0.219345 0.150000 -0.932421
v -0.209304 -0.090000 -0.911571
v -0.209304 0.150000 -0.911571
v -0.209304 -0.090000 -0.888429
v -0.209304 0.150000 -0.888429
v -0.219345 -0.090000 -0.867579
v -0.219345 0.150000 -0.867579
v -0.237438 -0.090000 -0.853150
v -0.237438 0.150000 -0.853150
v -0.260000 -0.090000 -0.848000
v -0.260000 0.150000 -0.848000
v -0.282562 -0.090000 -0.853150
v -0.282562 0.150000 -0.853150
v -0.300655 -0.090000 -0.867579
v -0.300655 0.150000 -0.867579
v -0.310696 -0.090000 -0.888429
v -0.310696 0.150000 -0.888429
v -0.310696 -0.090000 -0.911571
v -0.310696 0.150000 -0.911571
v -0.300655 -0.090000 -0.932421
v -0.300655 0.150000 -0.932421
v -0.282562 -0.090000 -0.946850
v -0.282562 0.150000 -0.946850
v -0.260000 0.022500 -0.814000
v -0.260000 0.077500 -0.814000
v -0.240909 0.022500 -0.809643
v -0.240909 0.077500 -0.809643
v -0.225599 0.022500 -0.797434
v -0.225599 0.077500 -0.797434
v -0.217103 0.022500 -0.779791
v -0.217103 0.077500 -0.779791
v -0.217103 0.022500 -0.760209
v -0.217103 0.077500 -0.760209
v -0.225599 0.022500 -0.742566
v -0.225599 0.077500 -0.742566
v -0.240909 0.022500 -0.730357
v -0.240909 0.077500 -0.730357
v -0.260000 0.022500 -0.726000
v -0.260000 0.077500 -0.726000
v -0.279091 0.022500 -0.730357
v -0.279091 0.077500 -0.730357
v -0.294401 0.022500 -0.742566
v -0.294401 0.077500 -0.742566
v -0.302897 0.022500 -0.760209
v -0.302897 0.077500 -0.760209
v -0.302897 0.022500 -0.779791
v -0.302897 0.077500 -0.779791
v -0.294401 0.022500 -0.797434
v -0.294401 0.077500 -0.797434
v -0.279091 0.022500 -0.809643
v -0.279091 0.077500 -0.809643
v -0.302500 0.037500 -0.667500
v -0.302500 0.082500 -0.667500
v -0.302500 0.037500 -0.752500
v -0.302500 0.082500 -0.752500
v -0.217500 0.037500 -0.667500
v -0.217500 0.082500 -0.667500
v -0.217500 0.037500 -0.752500
v -0.217500 0.082500 -0.752500
v -0.298000 0.074000 -0.711000
v -0.298000 0.096000 -0.711000
v -0.298000 0.074000 -0.739000
v -0.298000 0.096000 -0.739000
v -0.222000 0.074000 -0.711000
v -0.222000 0.096000 -0.711000
v -0.222000 0.074000 -0.739000
v -0.222000 0.096000 -0.739000
v -0.207591 0.067475 -0.710784
v -0.225881 0.110736 -0.693639
v -0.198615 0.069852 -0.707208
v -0.216906 0.113113 -0.690063
v -0.193881 0.068432 -0.698572
v -0.212171 0.111693 -0.681428
v -0.196161 0.064046 -0.689937
v -0.214451 0.107307 -0.672792
v -0.204119 0.059264 -0.686361
v -0.222409 0.102525 -0.669216
v -0.213094 0.056887 -0.689937
v -0.231385 0.100148 -0.672792
v -0.217829 0.058307 -0.698572
v -0.236119 0.101568 -0.681428
v -0.215549 0.062693 -0.707208
v -0.233839 0.105954 -0.690063
v -0.238000 0.031000 -0.652000
v -0.238000 0.089000 -0.652000
v -0.229515 0.031000 -0.648485
v -0.229515 0.089000 -0.648485
v -0.226000 0.031000 -0.640000
v -0.226000 0.089000 -0.640000
v -0.229515 0.031000 -0.631515
v -0.229515 0.089000 -0.631515
v -0.238000 0.031000 -0.628000
v -0.238000 0.089000 -0.628000
v -0.246485 0.031000 -0.631515
v -0.246485 0.089000 -0.631515
v -0.250000 0.031000 -0.640000
v -0.250000 0.089000 -0.640000
v -0.246485 0.031000 -0.648485
v -0.246485 0.089000 -0.648485
v -0.258000 0.028000 -0.643000
v -0.258000 0.092000 -0.643000
v -0.248808 0.028000 -0.639192
v -0.248808 0.092000 -0.639192
v -0.245000 0.028000 -0.630000
v -0.245000 0.092000 -0.630000
v -0.248808 0.028000 -0.620808
v -0.248808 0.092000 -0.620808
v -0.258000 0.028000 -0.617000
v -0.258000 0.092000 -0.617000
v -0.267192 0.028000 -0.620808
v -0.267192 0.092000 -0.620808
v -0.271000 0.028000 -0.630000
v -0.271000 0.092000 -0.630000
v -0.267192 0.028000 -0.639192
v -0.267192 0.092000 -0.639192
v -0.278000 0.031000 -0.652000
v -0.278000 0.089000 -0.652000
v -0.269515 0.031000 -0.648485
v -0.269515 0.089000 -0.648485
v -0.266000 0.031000 -0.640000
v -0.266000 0.089000 -0.640000
v -0.269515 0.031000 -0.631515
v -0.269515 0.089000 -0.631515
v -0.278000 0.031000 -0.628000
v -0.278000 0.089000 -0.628000
v -0.286485 0.031000 -0.631515
v -0.286485 0.089000 -0.631515
v -0.290000 0.031000 -0.640000
v -0.290000 0.089000 -0.640000
v -0.286485 0.031000 -0.648485
v -0.286485 0.089000 -0.648485
v -0.298000 0.036000 -0.661000
v -0.298000 0.084000 -0.661000
v -0.290222 0.036000 -0.657778
v -0.290222 0.084000 -0.657778
v -0.287000 0.036000 -0.650000
v -0.287000 0.084000 -0.650000
v -0.290222 0.036000 -0.642222
v -0.290222 0.084000 -0.642222
v -0.298000 0.036000 -0.639000
v -0.298000 0.084000 -0.639000
v -0.305778 0.036000 -0.642222
v -0.305778 0.084000 -0.642222
v -0.309000 0.036000 -0.650000
v -0.309000 0.084000 -0.650000
v -0.305778 0.036000 -0.657778
v -0.305778 0.084000 -0.657778
v 0.240000 0.045847 -1.403103
v 0.240000 0.024103 -1.414182
v 0.240000 0.000000 -1.418000
v 0.240000 -0.063103 -1.385847
v 0.240000 -0.074182 -1.364103
v 0.240000 0.078000 -1.340000
v 0.250458 0.074182 -1.361716
v 0.259892 0.063103 -1.381307
v 0.267379 0.045847 -1.396854
v 0.272187 0.024103 -1.406836
v 0.273843 0.000000 -1.410276
v 0.272187 -0.024103 -1.406836
v 0.267379 -0.045847 -1.396854
v 0.259892 -0.063103 -1.381307
v 0.250458 -0.074182 -1.361716
v 0.258845 0.074182 -1.355028
v 0.275845 0.063103 -1.368585
v 0.289336 0.045847 -1.379344
v 0.297998 0.024103 -1.386252
v 0.300983 0.000000 -1.388632
v 0.297998 -0.024103 -1.386252
v 0.289336 -0.045847 -1.379344
v 0.275845 -0.063103 -1.368585
v 0.258845 -0.074182 -1.355028
v 0.263499 0.074182 -1.345363
v 0.284698 0.063103 -1.350202
v 0.301521 0.045847 -1.354042
v 0.312322 0.024103 -1.356507
v 0.316044 0.000000 -1.357357
v 0.312322 -0.024103 -1.356507
v 0.301521 -0.045847 -1.354042
v 0.284698 -0.063103 -1.350202
v 0.263499 -0.074182 -1.345363
v 0.263499 0.074182 -1.334637
v 0.284698 0.063103 -1.329798
v 0.301521 0.045847 -1.325958
v 0.312322 0.024103 -1.323493
v 0.316044 0.000000 -1.322643
v 0.312322 -0.024103 -1.323493
v 0.301521 -0.045847 -1.325958
v 0.284698 -0.063103 -1.329798
v 0.263499 -0.074182 -1.334637
v 0.258845 0.074182 -1.324972
v 0.275845 0.063103 -1.311415
v 0.289336 0.045847 -1.300656
v 0.297998 0.024103 -1.293748
v 0.300983 0.000000 -1.291368
v 0.297998 -0.024103 -1.293748
v 0.289336 -0.045847 -1.300656
v 0.275845 -0.063103 -1.311415
v 0.258845 -0.074182 -1.324972
v 0.250458 0.074182 -1.318284
v 0.259892 0.063103 -1.298693
v 0.267379 0.045847 -1.283146
v 0.272187 0.024103 -1.273164
v 0.273843 0.000000 -1.269724
v 0.272187 -0.024103 -1.273164
v 0.267379 -0.045847 -1.283146
v 0.259892 -0.063103 -1.298693
v 0.250458 -0.074182 -1.318284
v 0.240000 0.074182 -1.315897
v 0.240000 0.063103 -1.294153
v 0.240000 0.045847 -1.276897
v 0.240000 0.024103 -1.265818
v 0.240000 0.000000 -1.262000
v 0.240000 -0.024103 -1.265818
v 0.240000 -0.045847 -1.276897
v 0.240000 -0.063103 -1.294153
v 0.240000 -0.074182 -1.315897
v 0.229542 0.074182 -1.318284
v 0.220108 0.063103 -1.298693
v 0.212620 0.045847 -1.283146
v 0.207813 0.024103 -1.273164
v 0.206157 0.000000 -1.269724
v 0.207813 -0.024103 -1.273164
v 0.212620 -0.045847 -1.283146
v 0.220108 -0.063103 -1.298693
v 0.229542 -0.074182 -1.318284
v 0.221155 0.074182 -1.324972
v 0.204155 0.063103 -1.311415
v 0.190664 0.045847 -1.300656
v 0.182002 0.024103 -1.293748
v 0.179017 0.000000 -1.291368
v 0.182002 -0.024103 -1.293748
v 0.190664 -0.045847 -1.300656
v 0.204155 -0.063103 -1.311415
v 0.221155 -0.074182 -1.324972
v 0.240000 -0.078000 -1.340000
v 0.216501 0.074182 -1.334637
v 0.195302 0.063103 -1.329798
v 0.178479 0.045847 -1.325958
v 0.167677 0.024103 -1.323493
v 0.163956 0.000000 -1.322643
v 0.167677 -0.024103 -1.323493
v 0.178479 -0.045847 -1.325958
v 0.195302 -0.063103 -1.329798
v 0.216501 -0.074182 -1.334637
v 0.216501 0.074182 -1.345363
v 0.195302 0.063103 -1.350202
v 0.178479 0.045847 -1.354042
v 0.167677 0.024103 -1.356507
v 0.163956 0.000000 -1.357357
v 0.167677 -0.024103 -1.356507
v 0.178479 -0.045847 -1.354042
v 0.195302 -0.063103 -1.350202
v 0.216501 -0.074182 -1.345363
v 0.221155 0.074182 -1.355028
v 0.204155 0.063103 -1.368585
v 0.190664 0.045847 -1.379344
v 0.182002 0.024103 -1.386252
v 0.179017 0.000000 -1.388632
v 0.182002 -0.024103 -1.386252
v 0.190664 -0.045847 -1.379344
v 0.204155 -0.063103 -1.368585
v 0.221155 -0.074182 -1.355028
v 0.229542 0.074182 -1.361716
v 0.220108 0.063103 -1.381307
v 0.212621 0.045847 -1.396854
v 0.207813 0.024103 -1.406836
v 0.206157 0.000000 -1.410276
v 0.207813 -0.024103 -1.406836
v 0.212621 -0.045847 -1.396854
v 0.220108 -0.063103 -1.381307
v 0.229542 -0.074182 -1.361716
v 0.240000 0.074182 -1.364103
v 0.240000 0.063103 -1.385847
v 0.240000 -0.024103 -1.414182
v 0.240000 -0.045847 -1.403103
v 0.260000 -0.120000 -1.224000
v 0.260000 0.120000 -1.224000
v 0.287769 -0.120000 -1.217662
v 0.287769 0.120000 -1.217662
v 0.310037 -0.120000 -1.199903
v 0.310037 0.120000 -1.199903
v 0.322395 -0.120000 -1.174241
v 0.322395 0.120000 -1.174241
v 0.322395 -0.120000 -1.145759
v 0.322395 0.120000 -1.145759
v 0.310037 -0.120000 -1.120097
v 0.310037 0.120000 -1.120097
v 0.287769 -0.120000 -1.102338
v 0.287769 0.120000 -1.102338
v 0.260000 -0.120000 -1.096000
v 0.260000 0.120000 -1.096000
v 0.232231 -0.120000 -1.102338
v 0.232231 0.120000 -1.102338
v 0.209963 -0.120000 -1.120097
v 0.209963 0.120000 -1.120097
v 0.197605 -0.120000 -1.145759
v 0.197605 0.120000 -1.145759
v 0.197605 -0.120000 -1.174241
v 0.197605 0.120000 -1.174241
v 0.209963 -0.120000 -1.199903
v 0.209963 0.120000 -1.199903
v 0.232231 -0.120000 -1.217662
v 0.232231 0.120000 -1.217662
v 0.260000 -0.017500 -1.099000
v 0.260000 0.017500 -1.099000
v 0.289938 -0.017500 -1.092167
v 0.289938 0.017500 -1.092167
v 0.313946 -0.017500 -1.073021
v 0.313946 0.017500 -1.073021
v 0.327270 -0.017500 -1.045354
v 0.327270 0.017500 -1.045354
v 0.327270 -0.017500 -1.014646
v 0.327270 0.017500 -1.014646
v 0.313946 -0.017500 -0.986979
v 0.313946 0.017500 -0.986979
v 0.289938 -0.017500 -0.967833
v 0.289938 0.017500 -0.967833
v 0.260000 -0.017500 -0.961000
v 0.260000 0.017500 -0.961000
v 0.230062 -0.017500 -0.967833
v 0.230062 0.017500 -0.967833
v 0.206054 -0.017500 -0.986979
v 0.206054 0.017500 -0.986979
v 0.192730 -0.017500 -1.014646
v 0.192730 0.017500 -1.014646
v 0.192730 -0.017500 -1.045354
v 0.192730 0.017500 -1.045354
v 0.206054 -0.017500 -1.073021
v 0.206054 0.017500 -1.073021
v 0.230062 -0.017500 -1.092167
v 0.230062 0.017500 -1.092167
v 0.260000 -0.090000 -0.952000
v 0.260000 0.150000 -0.952000
v 0.282562 -0.090000 -0.946850
v 0.282562 0.150000 -0.946850
v 0.300655 -0.090000 -0.932421
v 0.300655 0.150000 -0.932421
v 0.310696 -0.090000 -0.911571
v 0.310696 0.150000 -0.911571
v 0.310696 -0.090000 -0.888429
v 0.310696 0.150000 -0.888429
v 0.300655 -0.090000 -0.867579
v 0.300655 0.150000 -0.867579
v 0.282562 -0.090000 -0.853150
v 0.282562 0.150000 -0.853150
v 0.260000 -0.090000 -0.848000
v 0.260000 0.150000 -0.848000
v 0.237438 -0.090000 -0.853150
v 0.237438 0.150000 -0.853150
v 0.219345 -0.090000 -0.867579
v 0.219345 0.150000 -0.867579
v 0.209304 -0.090000 -0.888429
v 0.209304 0.150000 -0.888429
v 0.209304 -0.090000 -0.911571
v 0.209304 0.150000 -0.911571
v 0.219345 -0.090000 -0.932421
v 0.219345 0.150000 -0.932421
v 0.237438 -0.090000 -0.946850
v 0.237438 0.150000 -0.946850
v 0.260000 0.022500 -0.814000
v 0.260000 0.077500 -0.814000
v 0.279091 0.022500 -0.809643
v 0.279091 0.077500 -0.809643
v 0.294401 0.022500 -0.797434
v 0.294401 0.077500 -0.797434
v 0.302897 0.022500 -0.779791
v 0.302897 0.077500 -0.779791
v 0.302897 0.022500 -0.760209
v 0.302897 0.077500 -0.760209
v 0.294401 0.022500 -0.742566
v 0.294401 0.077500 -0.742566
v 0.279091 0.022500 -0.730357
v 0.279091 0.077500 -0.730357
v 0.260000 0.022500 -0.726000
v 0.260000 0.077500 -0.726000
v 0.240909 0.022500 -0.730357
v 0.240909 0.077500 -0.730357
v 0.225599 0.022500 -0.742566
v 0.225599 0.077500 -0.742566
v 0.217103 0.022500 -0.760209
v 0.217103 0.077500 -0.760209
v 0.217103 0.022500 -0.779791
v 0.217103 0.077500 -0.779791
v 0.225599 0.022500 -0.797434
v 0.225599 0.077500 -0.797434
v 0.240909 0.022500 -0.809643
v 0.240909 0.077500 -0.809643
v 0.217500 0.037500 -0.667500
v 0.217500 0.082500 -0.667500
v 0.217500 0.037500 -0.752500
v 0.217500 0.082500 -0.752500
v 0.302500 0.037500 -0.667500
v 0.302500 0.082500 -0.667500
v 0.302500 0.037500 -0.752500
v 0.302500 0.082500 -0.752500
v 0.222000 0.074000 -0.711000
v 0.222000 0.096000 -0.711000
v 0.222000 0.074000 -0.739000
v 0.222000 0.096000 -0.739000
v 0.298000 0.074000 -0.711000
v 0.298000 0.096000 -0.711000
v 0.298000 0.074000 -0.739000
v 0.298000 0.096000 -0.739000
v 0.207591 0.067475 -0.710784
v 0.225881 0.110736 -0.693639
v 0.215549 0.062693 -0.707208
v 0.233839 0.105954 -0.690063
v 0.217829 0.058307 -0.698572
v 0.236119 0.101568 -0.681428
v 0.213094 0.056887 -0.689937
v 0.231385 0.100148 -0.672792
v 0.204119 0.059264 -0.686361
v 0.222409 0.102525 -0.669216
v 0.196161 0.064046 -0.689937
v 0.214451 0.107307 -0.672792
v 0.193881 0.068432 -0.698572
v 0.212171 0.111693 -0.681428
v 0.198615 0.069852 -0.707208
v 0.216906 0.113113 -0.690063
v 0.238000 0.031000 -0.652000
v 0.238000 0.089000 -0.652000
v 0.246485 0.031000 -0.648485
v 0.246485 0.089000 -0.648485
v 0.250000 0.031000 -0.640000
v 0.250000 0.089000 -0.640000
v 0.246485 0.031000 -0.631515
v 0.246485 0.089000 -0.631515
v 0.238000 0.031000 -0.628000
v 0.238000 0.089000 -0.628000
v 0.229515 0.031000 -0.631515
v 0.229515 0.089000 -0.631515
v 0.226000 0.031000 -0.640000
v 0.226000 0.089000 -0.640000
v 0.229515 0.031000 -0.648485
v 0.229515 0.089000 -0.648485
v 0.258000 0.028000 -0.643000
v 0.258000 0.092000 -0.643000
v 0.267192 0.028000 -0.639192
v 0.267192 0.092000 -0.639192
v 0.271000 0.028000 -0.630000
v 0.271000 0.092000 -0.630000
v 0.267192 0.028000 -0.620808
v 0.267192 0.092000 -0.620808
v 0.258000 0.028000 -0.617000
v 0.258000 0.092000 -0.617000
v 0.248808 0.028000 -0.620808
v 0.248808 0.092000 -0.620808
v 0.245000 0.028000 -0.630000
v 0.245000 0.092000 -0.630000
v 0.248808 0.028000 -0.639192
v 0.248808 0.092000 -0.639192
v 0.278000 0.031000 -0.652000
v 0.278000 0.089000 -0.652000
v 0.286485 0.031000 -0.648485
v 0.286485 0.089000 -0.648485
v 0.290000 0.031000 -0.640000
v 0.290000 0.089000 -0.640000
v 0.286485 0.031000 -0.631515
v 0.286485 0.089000 -0.631515
v 0.278000 0.031000 -0.628000
v 0.278000 0.089000 -0.628000
v 0.269515 0.031000 -0.631515
v 0.269515 0.089000 -0.631515
v 0.266000 0.031000 -0.640000
v 0.266000 0.089000 -0.640000
v 0.269515 0.031000 -0.648485
v 0.269515 0.089000 -0.648485
v 0.298000 0.036000 -0.661000
v 0.298000 0.084000 -0.661000
v 0.305778 0.036000 -0.657778
v 0.305778 0.084000 -0.657778
v 0.309000 0.036000 -0.650000
v 0.309000 0.084000 -0.650000
v 0.305778 0.036000 -0.642222
v 0.305778 0.084000 -0.642222
v 0.298000 0.036000 -0.639000
v 0.298000 0.084000 -0.639000
v 0.290222 0.036000 -0.642222
v 0.290222 0.084000 -0.642222
v 0.287000 0.036000 -0.650000
v 0.287000 0.084000 -0.650000
v 0.290222 0.036000 -0.657778
v 0.290222 0.084000 -0.657778
v -0.160000 -0.100000 -0.870000
v -0.160000 0.100000 -0.870000
v -0.160000 -0.100000 -1.010000
v -0.160000 0.100000 -1.010000
v 0.160000 -0.100000 -0.870000
v 0.160000 0.100000 -0.870000
v 0.160000 -0.100000 -1.010000
v 0.160000 0.100000 -1.010000
v -0.110000 -0.180000 -0.805000
v -0.110000 0.180000 -0.805000
v -0.073120 -0.180000 -0.796582
v -0.073120 0.180000 -0.796582
v -0.043544 -0.180000 -0.772997
v -0.043544 0.180000 -0.772997
v -0.027131 -0.180000 -0.738914
v -0.027131 0.180000 -0.738914
v -0.027131 -0.180000 -0.701086
v -0.027131 0.180000 -0.701086
v -0.043544 -0.180000 -0.667003
v -0.043544 0.180000 -0.667003
v -0.073120 -0.180000 -0.643418
v -0.073120 0.180000 -0.643418
v -0.110000 -0.180000 -0.635000
v -0.110000 0.180000 -0.635000
v -0.146880 -0.180000 -0.643418
v -0.146880 0.180000 -0.643418
v -0.176456 -0.180000 -0.667003
v -0.176456 0.180000 -0.667003
v -0.192869 -0.180000 -0.701086
v -0.192869 0.180000 -0.701086
v -0.192869 -0.180000 -0.738914
v -0.192869 0.180000 -0.738914
v -0.176456 -0.180000 -0.772997
v -0.176456 0.180000 -0.772997
v -0.146880 -0.180000 -0.796582
v -0.146880 0.180000 -0.796582
v -0.227500 -0.057500 -0.647500
v -0.227500 0.057500 -0.647500
v -0.227500 -0.057500 -0.792500
v -0.227500 0.057500 -0.792500
v -0.182500 -0.057500 -0.647500
v -0.182500 0.057500 -0.647500
v -0.182500 -0.057500 -0.792500
v -0.182500 0.057500 -0.792500
v -0.162500 0.034500 -0.437500
v -0.162500 0.089500 -0.437500
v -0.162500 0.034500 -0.562500
v -0.162500 0.089500 -0.562500
v -0.057500 0.034500 -0.437500
v -0.057500 0.089500 -0.437500
v -0.057500 0.034500 -0.562500
v -0.057500 0.089500 -0.562500
v -0.192500 -0.082500 -0.477500
v -0.192500 0.082500 -0.477500
v -0.192500 -0.082500 -0.522500
v -0.192500 0.082500 -0.522500
v -0.027500 -0.082500 -0.477500
v -0.027500 0.082500 -0.477500
v -0.027500 -0.082500 -0.522500
v -0.027500 0.082500 -0.522500
v -0.110000 -0.170000 -0.364000
v -0.110000 0.170000 -0.364000
v -0.077893 -0.170000 -0.356672
v -0.077893 0.170000 -0.356672
v -0.052144 -0.170000 -0.336138
v -0.052144 0.170000 -0.336138
v -0.037855 -0.170000 -0.306466
v -0.037855 0.170000 -0.306466
v -0.037855 -0.170000 -0.273533
v -0.037855 0.170000 -0.273533
v -0.052144 -0.170000 -0.243862
v -0.052144 0.170000 -0.243862
v -0.077893 -0.170000 -0.223328
v -0.077893 0.170000 -0.223328
v -0.110000 -0.170000 -0.216000
v -0.110000 0.170000 -0.216000
v -0.142107 -0.170000 -0.223328
v -0.142107 0.170000 -0.223328
v -0.167856 -0.170000 -0.243862
v -0.167856 0.170000 -0.243862
v -0.182145 -0.170000 -0.273533
v -0.182145 0.170000 -0.273533
v -0.182145 -0.170000 -0.306466
v -0.182145 0.170000 -0.306466
v -0.167856 -0.170000 -0.336138
v -0.167856 0.170000 -0.336138
v -0.142107 -0.170000 -0.356672
v -0.142107 0.170000 -0.356672
v -0.167500 -0.089500 -0.000500
v -0.167500 0.165500 -0.000500
v -0.167500 -0.089500 -0.055500
v -0.167500 0.165500 -0.055500
v -0.052500 -0.089500 -0.000500
v -0.052500 0.165500 -0.000500
v -0.052500 -0.089500 -0.055500
v -0.052500 0.165500 -0.055500
v -0.162500 -0.082500 -0.047500
v -0.162500 0.152500 -0.047500
v -0.162500 -0.082500 -0.142500
v -0.162500 0.152500 -0.142500
v -0.057500 -0.082500 -0.047500
v -0.057500 0.152500 -0.047500
v -0.057500 -0.082500 -0.142500
v -0.057500 0.152500 -0.142500
v -0.157500 0.097500 -0.037500
v -0.157500 0.172500 -0.037500
v -0.157500 0.097500 -0.092500
v -0.157500 0.172500 -0.092500
v -0.062500 0.097500 -0.037500
v -0.062500 0.172500 -0.037500
v -0.062500 0.097500 -0.092500
v -0.062500 0.172500 -0.092500
v -0.110000 -0.040000 -0.247000
v -0.110000 0.070000 -0.247000
v -0.074000 -0.040000 -0.237354
v -0.074000 0.070000 -0.237354
v -0.047646 -0.040000 -0.211000
v -0.047646 0.070000 -0.211000
v -0.038000 -0.040000 -0.175000
v -0.038000 0.070000 -0.175000
v -0.047646 -0.040000 -0.139000
v -0.047646 0.070000 -0.139000
v -0.074000 -0.040000 -0.112646
v -0.074000 0.070000 -0.112646
v -0.110000 -0.040000 -0.103000
v -0.110000 0.070000 -0.103000
v -0.146000 -0.040000 -0.112646
v -0.146000 0.070000 -0.112646
v -0.172354 -0.040000 -0.139000
v -0.172354 0.070000 -0.139000
v -0.182000 -0.040000 -0.175000
v -0.182000 0.070000 -0.175000
v -0.172354 -0.040000 -0.211000
v -0.172354 0.070000 -0.211000
v -0.146000 -0.040000 -0.237354
v -0.146000 0.070000 -0.237354
v 0.110000 -0.180000 -0.805000
v 0.110000 0.180000 -0.805000
v 0.146880 -0.180000 -0.796582
v 0.146880 0.180000 -0.796582
v 0.176456 -0.180000 -0.772997
v 0.176456 0.180000 -0.772997
v 0.192869 -0.180000 -0.738914
v 0.192869 0.180000 -0.738914
v 0.192869 -0.180000 -0.701086
v 0.192869 0.180000 -0.701086
v 0.176456 -0.180000 -0.667003
v 0.176456 0.180000 -0.667003
v 0.146880 -0.180000 -0.643418
v 0.146880 0.180000 -0.643418
v 0.110000 -0.180000 -0.635000
v 0.110000 0.180000 -0.635000
v 0.073120 -0.180000 -0.643418
v 0.073120 0.180000 -0.643418
v 0.043544 -0.180000 -0.667003
v 0.043544 0.180000 -0.667003
v 0.027131 -0.180000 -0.701086
v 0.027131 0.180000 -0.701086
v 0.027131 -0.180000 -0.738914
v 0.027131 0.180000 -0.738914
v 0.043544 -0.180000 -0.772997
v 0.043544 0.180000 -0.772997
v 0.073120 -0.180000 -0.796582
v 0.073120 0.180000 -0.796582
v 0.182500 -0.057500 -0.647500
v 0.182500 0.057500 -0.647500
v 0.182500 -0.057500 -0.792500
v 0.182500 0.057500 -0.792500
v 0.227500 -0.057500 -0.647500
v 0.227500 0.057500 -0.647500
v 0.227500 -0.057500 -0.792500
v 0.227500 0.057500 -0.792500
v 0.057500 0.034500 -0.437500
v 0.057500 0.089500 -0.437500
v 0.057500 0.034500 -0.562500
v 0.057500 0.089500 -0.562500
v 0.162500 0.034500 -0.437500
v 0.162500 0.089500 -0.437500
v 0.162500 0.034500 -0.562500
v 0.162500 0.089500 -0.562500
v 0.027500 -0.082500 -0.477500
v 0.027500 0.082500 -0.477500
v 0.027500 -0.082500 -0.522500
v 0.027500 0.082500 -0.522500
v 0.192500 -0.082500 -0.477500
v 0.192500 0.082500 -0.477500
v 0.192500 -0.082500 -0.522500
v 0.192500 0.082500 -0.522500
v 0.110000 -0.170000 -0.364000
v 0.110000 0.170000 -0.364000
v 0.142107 -0.170000 -0.356672
v 0.142107 0.170000 -0.356672
v 0.167856 -0.170000 -0.336138
v 0.167856 0.170000 -0.336138
v 0.182145 -0.170000 -0.306466
v 0.182145 0.170000 -0.306466
v 0.182145 -0.170000 -0.273533
v 0.182145 0.170000 -0.273533
v 0.167856 -0.170000 -0.243862
v 0.167856 0.170000 -0.243862
v 0.142107 -0.170000 -0.223328
v 0.142107 0.170000 -0.223328
v 0.110000 -0.170000 -0.216000
v 0.110000 0.170000 -0.216000
v 0.077893 -0.170000 -0.223328
v 0.077893 0.170000 -0.223328
v 0.052144 -0.170000 -0.243862
v 0.052144 0.170000 -0.243862
v 0.037855 -0.170000 -0.273533
v 0.037855 0.170000 -0.273533
v 0.037855 -0.170000 -0.306466
v 0.037855 0.170000 -0.306466
v 0.052144 -0.170000 -0.336138
v 0.052144 0.170000 -0.336138
v 0.077893 -0.170000 -0.356672
v 0.077893 0.170000 -0.356672
v 0.052500 -0.089500 -0.000500
v 0.052500 0.165500 -0.000500
v 0.052500 -0.089500 -0.055500
v 0.052500 0.165500 -0.055500
v 0.167500 -0.089500 -0.000500
v 0.167500 0.165500 -0.000500
v 0.167500 -0.089500 -0.055500
v 0.167500 0.165500 -0.055500
v 0.057500 -0.082500 -0.047500
v 0.057500 0.152500 -0.047500
v 0.057500 -0.082500 -0.142500
v 0.057500 0.152500 -0.142500
v 0.162500 -0.082500 -0.047500
v 0.162500 0.152500 -0.047500
v 0.162500 -0.082500 -0.142500
v 0.162500 0.152500 -0.142500
v 0.062500 0.097500 -0.037500
v 0.062500 0.172500 -0.037500
v 0.062500 0.097500 -0.092500
v 0.062500 0.172500 -0.092500
v 0.157500 0.097500 -0.037500
v 0.157500 0.172500 -0.037500
v 0.157500 0.097500 -0.092500
v 0.157500 0.172500 -0.092500
v 0.110000 -0.040000 -0.247000
v 0.110000 0.070000 -0.247000
v 0.146000 -0.040000 -0.237354
v 0.146000 0.070000 -0.237354
v 0.172354 -0.040000 -0.211000
v 0.172354 0.070000 -0.211000
v 0.182000 -0.040000 -0.175000
v 0.182000 0.070000 -0.175000
v 0.172354 -0.040000 -0.139000
v 0.172354 0.070000 -0.139000
v 0.146000 -0.040000 -0.112646
v 0.146000 0.070000 -0.112646
v 0.110000 -0.040000 -0.103000
v 0.110000 0.070000 -0.103000
v 0.074000 -0.040000 -0.112646
v 0.074000 0.070000 -0.112646
v 0.047646 -0.040000 -0.139000
v 0.047646 0.070000 -0.139000
v 0.038000 -0.040000 -0.175000
v 0.038000 0.070000 -0.175000
v 0.047646 -0.040000 -0.211000
v 0.047646 0.070000 -0.211000
v 0.074000 -0.040000 -0.237354
v 0.074000 0.070000 -0.237354
vn -0.0000 -0.9789 -0.2045
vn -0.0000 -0.9204 -0.3910
vn 0.1208 -0.9204 -0.3718
vn 0.0632 -0.9789 -0.1945
vn -0.0000 -0.0000 -1.0000
vn -0.0000 0.1932 -0.9812
vn 0.3032 0.1932 -0.9331
vn 0.3090 -0.0000 -0.9511
vn -0.0000 0.9789 -0.2045
vn -0.0000 1.0000 -0.0000
vn 0.0632 0.9789 -0.1945
vn -0.0000 -1.0000 -0.0000
vn -0.0000 -0.1932 -0.9812
vn 0.3032 -0.1932 -0.9331
vn -0.0000 0.9204 -0.3910
vn 0.1208 0.9204 -0.3718
vn -0.0000 -0.3793 -0.9253
vn 0.2859 -0.3793 -0.8800
vn -0.0000 0.8270 -0.5623
vn 0.1737 0.8270 -0.5347
vn -0.0000 -0.5511 -0.8344
vn 0.2579 -0.5511 -0.7936
vn -0.0000 0.7022 -0.7119
vn 0.2200 0.7022 -0.6771
vn -0.0000 -0.7022 -0.7119
vn 0.2200 -0.7022 -0.6771
vn -0.0000 0.5511 -0.8344
vn 0.2579 0.5511 -0.7936
vn -0.0000 -0.8270 -0.5623
vn 0.1737 -0.8270 -0.5347
vn -0.0000 0.3793 -0.9253
vn 0.2859 0.3793 -0.8800
vn 0.3305 -0.8270 -0.4549
vn 0.2298 -0.9204 -0.3163
vn 0.5439 0.3793 -0.7486
vn 0.5767 0.1932 -0.7938
vn 0.1202 -0.9789 -0.1654
vn 0.5878 -0.0000 -0.8090
vn 0.1202 0.9789 -0.1654
vn 0.5767 -0.1932 -0.7938
vn 0.2298 0.9204 -0.3163
vn 0.5439 -0.3793 -0.7486
vn 0.3305 0.8270 -0.4549
vn 0.4905 -0.5511 -0.6751
vn 0.4185 0.7022 -0.5760
vn 0.4185 -0.7022 -0.5760
vn 0.4905 0.5511 -0.6751
vn 0.3163 0.9204 -0.2298
vn 0.4549 0.8270 -0.3305
vn 0.7486 -0.3793 -0.5439
vn 0.6751 -0.5511 -0.4905
vn 0.5760 0.7022 -0.4185
vn 0.5760 -0.7022 -0.4185
vn 0.6751 0.5511 -0.4905
vn 0.4549 -0.8270 -0.3305
vn 0.7486 0.3793 -0.5439
vn 0.3163 -0.9204 -0.2298
vn 0.7938 0.1932 -0.5767
vn 0.1654 -0.9789 -0.1202
vn 0.8090 -0.0000 -0.5878
vn 0.1654 0.9789 -0.1202
vn 0.7938 -0.1932 -0.5767
vn 0.8800 0.3793 -0.2859
vn 0.9331 0.1932 -0.3032
vn 0.3718 -0.9204 -0.1208
vn 0.1945 -0.9789 -0.0632
vn 0.9511 -0.0000 -0.3090
vn 0.1945 0.9789 -0.0632
vn 0.9331 -0.1932 -0.3032
vn 0.3718 0.9204 -0.1208
vn 0.8800 -0.3793 -0.2859
vn 0.5347 0.8270 -0.1737
vn 0.7936 -0.5511 -0.2579
vn 0.6771 0.7022 -0.2200
vn 0.6771 -0.7022 -0.2200
vn 0.7936 0.5511 -0.2579
vn 0.5347 -0.8270 -0.1737
vn 0.9253 -0.3793 -0.0000
vn 0.8344 -0.5511 -0.0000
vn 0.5623 0.8270 -0.0000
vn 0.7119 0.7022 -0.0000
vn 0.7119 -0.7022 -0.0000
vn 0.8344 0.5511 -0.0000
vn 0.5623 -0.8270 -0.0000
vn 0.9253 0.3793 -0.0000
vn 0.3910 -0.9204 -0.0000
vn 0.9812 0.1932 -0.0000
vn 0.2045 -0.9789 -0.0000
vn 1.0000 -0.0000 -0.0000
vn 0.2045 0.9789 -0.0000
vn 0.9812 -0.1932 -0.0000
vn 0.3910 0.9204 -0.0000
vn 0.3718 -0.9204 0.1208
vn 0.1945 -0.9789 0.0632
vn 0.9331 0.1932 0.3032
vn 0.9511 -0.0000 0.3090
vn 0.1945 0.9789 0.0632
vn 0.9331 -0.1932 0.3032
vn 0.3718 0.9204 0.1208
vn 0.8800 -0.3793 0.2859
vn 0.5347 0.8270 0.1737
vn 0.7936 -0.5511 0.2579
vn 0.6771 0.7022 0.2200
vn 0.6771 -0.7022 0.2200
vn 0.7936 0.5511 0.2579
vn 0.5347 -0.8270 0.1737
vn 0.8800 0.3793 0.2859
vn 0.4549 0.8270 0.3305
vn 0.5760 0.7022 0.4185
vn 0.6751 -0.5511 0.4905
vn 0.5760 -0.7022 0.4185
vn 0.6751 0.5511 0.4905
vn 0.4549 -0.8270 0.3305
vn 0.7486 0.3793 0.5439
vn 0.3163 -0.9204 0.2298
vn 0.7938 0.1932 0.5767
vn 0.1654 -0.9789 0.1202
vn 0.8090 -0.0000 0.5878
vn 0.1654 0.9789 0.1202
vn 0.7938 -0.1932 0.5767
vn 0.3163 0.9204 0.2298
vn 0.7486 -0.3793 0.5439
vn 0.5767 0.1932 0.7938
vn 0.5878 -0.0000 0.8090
vn 0.1202 0.9789 0.1654
vn 0.1202 -0.9789 0.1654
vn 0.5767 -0.1932 0.7938
vn 0.2298 0.9204 0.3163
vn 0.5439 -0.3793 0.7486
vn 0.3305 0.8270 0.4549
vn 0.4905 -0.5511 0.6751
vn 0.4185 0.7022 0.5760
vn 0.4185 -0.7022 0.5760
vn 0.4905 0.5511 0.6751
vn 0.3305 -0.8270 0.4549
vn 0.5439 0.3793 0.7486
vn 0.2298 -0.9204 0.3163
vn 0.2579 -0.5511 0.7936
vn 0.2200 -0.7022 0.6771
vn 0.2200 0.7022 0.6771
vn 0.2579 0.5511 0.7936
vn 0.1737 -0.8270 0.5347
vn 0.2859 0.3793 0.8800
vn 0.1208 -0.9204 0.3718
vn 0.3032 0.1932 0.9331
vn 0.0632 -0.9789 0.1945
vn 0.3090 -0.0000 0.9511
vn 0.0632 0.9789 0.1945
vn 0.3032 -0.1932 0.9331
vn 0.1208 0.9204 0.3718
vn 0.2859 -0.3793 0.8800
vn 0.1737 0.8270 0.5347
vn -0.0000 -0.9789 0.2045
vn -0.0000 -0.0000 1.0000
vn -0.0000 -0.1932 0.9811
vn -0.0000 0.9789 0.2045
vn -0.0000 0.9204 0.3910
vn -0.0000 -0.3793 0.9253
vn -0.0000 0.8270 0.5623
vn -0.0000 -0.5511 0.8344
vn -0.0000 0.7022 0.7119
vn -0.0000 -0.7022 0.7119
vn -0.0000 0.5511 0.8344
vn -0.0000 -0.8270 0.5623
vn -0.0000 0.3793 0.9253
vn -0.0000 -0.9204 0.3910
vn -0.0000 0.1932 0.9811
vn -0.2200 -0.7022 0.6771
vn -0.1737 -0.8270 0.5347
vn -0.2579 0.5511 0.7936
vn -0.2859 0.3793 0.8800
vn -0.1208 -0.9204 0.3718
vn -0.3032 0.1932 0.9331
vn -0.0632 -0.9789 0.1945
vn -0.3090 -0.0000 0.9511
vn -0.0632 0.9789 0.1945
vn -0.3032 -0.1932 0.9331
vn -0.1208 0.9204 0.3718
vn -0.2859 -0.3793 0.8800
vn -0.1737 0.8270 0.5347
vn -0.2579 -0.5511 0.7936
vn -0.2200 0.7022 0.6771
vn -0.1202 0.9789 0.1654
vn -0.2298 0.9204 0.3163
vn -0.5767 -0.1932 0.7938
vn -0.5439 -0.3793 0.7486
vn -0.3305 0.8270 0.4549
vn -0.4905 -0.5511 0.6751
vn -0.4185 0.7022 0.5760
vn -0.4185 -0.7022 0.5760
vn -0.4905 0.5511 0.6751
vn -0.3305 -0.8270 0.4549
vn -0.5439 0.3793 0.7486
vn -0.2298 -0.9204 0.3163
vn -0.5767 0.1932 0.7938
vn -0.1202 -0.9789 0.1654
vn -0.5878 -0.0000 0.8090
vn -0.6751 0.5511 0.4905
vn -0.7486 0.3793 0.5439
vn -0.4549 -0.8270 0.3305
vn -0.3163 -0.9204 0.2298
vn -0.7938 0.1932 0.5767
vn -0.1654 -0.9789 0.1202
vn -0.8090 -0.0000 0.5878
vn -0.1654 0.9789 0.1202
vn -0.7938 -0.1932 0.5767
vn -0.3163 0.9204 0.2298
vn -0.7486 -0.3793 0.5439
vn -0.4549 0.8270 0.3305
vn -0.6751 -0.5511 0.4905
vn -0.5760 0.7022 0.4185
vn -0.5760 -0.7022 0.4185
vn -0.9331 -0.1932 0.3032
vn -0.8800 -0.3793 0.2859
vn -0.3718 0.9204 0.1208
vn -0.5347 0.8270 0.1737
vn -0.7936 -0.5511 0.2579
vn -0.6771 0.7022 0.2200
vn -0.6771 -0.7022 0.2200
vn -0.7936 0.5511 0.2579
vn -0.5347 -0.8270 0.1737
vn -0.8800 0.3793 0.2859
vn -0.3718 -0.9204 0.1208
vn -0.9331 0.1932 0.3032
vn -0.1945 -0.9789 0.0632
vn -0.9511 -0.0000 0.3090
vn -0.1945 0.9789 0.0632
vn -0.5623 -0.8270 -0.0000
vn -0.3910 -0.9204 -0.0000
vn -0.9253 0.3793 -0.0000
vn -0.9812 0.1932 -0.0000
vn -0.2045 -0.9789 -0.0000
vn -1.0000 -0.0000 -0.0000
vn -0.2045 0.9789 -0.0000
vn -0.9812 -0.1932 -0.0000
vn -0.3910 0.9204 -0.0000
vn -0.9253 -0.3793 -0.0000
vn -0.5623 0.8270 -0.0000
vn -0.8344 -0.5511 -0.0000
vn -0.7119 0.7022 -0.0000
vn -0.7119 -0.7022 -0.0000
vn -0.8344 0.5511 -0.0000
vn -0.3718 0.9204 -0.1208
vn -0.5347 0.8270 -0.1737
vn -0.8800 -0.3793 -0.2859
vn -0.7936 -0.5511 -0.2579
vn -0.6771 0.7022 -0.2200
vn -0.6771 -0.7022 -0.2200
vn -0.7936 0.5511 -0.2579
vn -0.5347 -0.8270 -0.1737
vn -0.8800 0.3793 -0.2859
vn -0.3718 -0.9204 -0.1208
vn -0.9331 0.1932 -0.3032
vn -0.1945 -0.9789 -0.0632
vn -0.9511 -0.0000 -0.3090
vn -0.1945 0.9789 -0.0632
vn -0.9331 -0.1932 -0.3032
vn -0.7486 0.3793 -0.5439
vn -0.7938 0.1932 -0.5767
vn -0.3163 -0.9204 -0.2298
vn -0.1654 -0.9789 -0.1202
vn -0.8090 -0.0000 -0.5878
vn -0.1654 0.9789 -0.1202
vn -0.7938 -0.1932 -0.5767
vn -0.3163 0.9204 -0.2298
vn -0.7486 -0.3793 -0.5439
vn -0.4549 0.8270 -0.3305
vn -0.6751 -0.5511 -0.4905
vn -0.5760 0.7022 -0.4185
vn -0.5760 -0.7022 -0.4185
vn -0.6751 0.5511 -0.4905
vn -0.4549 -0.8270 -0.3305
vn -0.5439 -0.3793 -0.7486
vn -0.4905 -0.5511 -0.6751
vn -0.3305 0.8270 -0.4549
vn -0.4185 0.7022 -0.5760
vn -0.4185 -0.7022 -0.5760
vn -0.4905 0.5511 -0.6751
vn -0.3305 -0.8270 -0.4549
vn -0.5439 0.3793 -0.7486
vn -0.2298 -0.9204 -0.3163
vn -0.5767 0.1932 -0.7938
vn -0.1202 -0.9789 -0.1654
vn -0.5878 -0.0000 -0.8090
vn -0.1202 0.9789 -0.1654
vn -0.5767 -0.1932 -0.7938
vn -0.2298 0.9204 -0.3163
vn -0.1208 -0.9204 -0.3718
vn -0.0632 -0.9789 -0.1945
vn -0.3032 0.1932 -0.9331
vn -0.3090 -0.0000 -0.9511
vn -0.0632 0.9789 -0.1945
vn -0.3032 -0.1932 -0.9331
vn -0.1208 0.9204 -0.3718
vn -0.2859 -0.3793 -0.8800
vn -0.1737 0.8270 -0.5347
vn -0.2579 -0.5511 -0.7936
vn -0.2200 0.7022 -0.6771
vn -0.2200 -0.7022 -0.6771
vn -0.2579 0.5511 -0.7936
vn -0.1737 -0.8270 -0.5347
vn -0.2859 0.3793 -0.8800
vn -0.0000 -0.9432 -0.3322
vn -0.0000 -0.7968 -0.6043
vn 0.3021 -0.7968 -0.5233
vn 0.1661 -0.9432 -0.2877
vn -0.0000 -0.3017 -0.9534
vn 0.5000 -0.0000 -0.8660
vn 0.4767 -0.3017 -0.8257
vn -0.0000 0.5758 -0.8176
vn -0.0000 0.7968 -0.6043
vn 0.3021 0.7968 -0.5233
vn 0.4088 0.5758 -0.7081
vn -0.0000 -0.5758 -0.8176
vn 0.4088 -0.5758 -0.7081
vn -0.0000 0.3017 -0.9534
vn 0.4767 0.3017 -0.8257
vn -0.0000 0.9432 -0.3322
vn 0.1661 0.9432 -0.2877
vn 0.8660 -0.0000 -0.5000
vn 0.8257 -0.3017 -0.4767
vn 0.5233 0.7968 -0.3021
vn 0.7081 0.5758 -0.4088
vn 0.2877 -0.9432 -0.1661
vn 0.7081 -0.5758 -0.4088
vn 0.8257 0.3017 -0.4767
vn 0.2877 0.9432 -0.1661
vn 0.5233 -0.7968 -0.3021
vn 0.3322 0.9432 -0.0000
vn 0.6043 0.7968 -0.0000
vn 0.6043 -0.7968 -0.0000
vn 0.3322 -0.9432 -0.0000
vn 0.9534 -0.3017 -0.0000
vn 0.8176 0.5758 -0.0000
vn 0.8176 -0.5758 -0.0000
vn 0.9534 0.3017 -0.0000
vn 0.7081 -0.5758 0.4088
vn 0.5233 -0.7968 0.3021
vn 0.8257 0.3017 0.4767
vn 0.8660 -0.0000 0.5000
vn 0.2877 0.9432 0.1661
vn 0.5233 0.7968 0.3021
vn 0.2877 -0.9432 0.1661
vn 0.8257 -0.3017 0.4767
vn 0.7081 0.5758 0.4088
vn 0.4088 0.5758 0.7081
vn 0.4767 0.3017 0.8257
vn 0.1661 0.9432 0.2877
vn 0.4088 -0.5758 0.7081
vn 0.3021 -0.7968 0.5233
vn 0.5000 -0.0000 0.8660
vn 0.3021 0.7968 0.5233
vn 0.1661 -0.9432 0.2877
vn 0.4767 -0.3017 0.8257
vn -0.0000 -0.3017 0.9534
vn -0.0000 -0.5758 0.8176
vn -0.0000 0.5758 0.8176
vn -0.0000 0.3017 0.9534
vn -0.0000 0.9432 0.3322
vn -0.0000 -0.7968 0.6043
vn -0.0000 0.7968 0.6043
vn -0.0000 -0.9432 0.3322
vn -0.3021 0.7968 0.5233
vn -0.4088 0.5758 0.7081
vn -0.1661 -0.9432 0.2877
vn -0.4767 -0.3017 0.8257
vn -0.4088 -0.5758 0.7081
vn -0.4767 0.3017 0.8257
vn -0.1661 0.9432 0.2877
vn -0.3021 -0.7968 0.5233
vn -0.5000 -0.0000 0.8660
vn -0.5233 -0.7968 0.3021
vn -0.2877 -0.9432 0.1661
vn -0.8660 -0.0000 0.5000
vn -0.8257 -0.3017 0.4767
vn -0.5233 0.7968 0.3021
vn -0.7081 0.5758 0.4088
vn -0.7081 -0.5758 0.4088
vn -0.8257 0.3017 0.4767
vn -0.2877 0.9432 0.1661
vn -0.9534 0.3017 -0.0000
vn -0.3322 0.9432 -0.0000
vn -0.6043 0.7968 -0.0000
vn -0.6043 -0.7968 -0.0000
vn -0.3322 -0.9432 -0.0000
vn -0.9534 -0.3017 -0.0000
vn -0.8176 0.5758 -0.0000
vn -0.8176 -0.5758 -0.0000
vn -0.2877 0.9432 -0.1661
vn -0.7081 -0.5758 -0.4088
vn -0.5233 -0.7968 -0.3021
vn -0.8257 0.3017 -0.4767
vn -0.8660 -0.0000 -0.5000
vn -0.5233 0.7968 -0.3021
vn -0.2877 -0.9432 -0.1661
vn -0.8257 -0.3017 -0.4767
vn -0.7081 0.5758 -0.4088
vn -0.4088 0.5758 -0.7081
vn -0.4767 0.3017 -0.8257
vn -0.1661 0.9432 -0.2877
vn -0.4088 -0.5758 -0.7081
vn -0.3021 -0.7968 -0.5233
vn -0.5000 -0.0000 -0.8660
vn -0.3021 0.7968 -0.5233
vn -0.1661 -0.9432 -0.2877
vn -0.4767 -0.3017 -0.8257
vn -0.0000 0.2549 -0.9670
vn -0.0000 0.4931 -0.8700
vn 0.3329 0.4931 -0.8038
vn 0.3700 0.2549 -0.8934
vn -0.0000 -0.9618 -0.2739
vn 0.1048 -0.9618 -0.2531
vn -0.0000 0.8590 -0.5120
vn -0.0000 0.9618 -0.2739
vn 0.1048 0.9618 -0.2531
vn 0.1959 0.8590 -0.4730
vn -0.0000 -0.6991 -0.7151
vn -0.0000 -0.4931 -0.8700
vn 0.3329 -0.4931 -0.8038
vn 0.2736 -0.6991 -0.6606
vn 0.3827 -0.0000 -0.9239
vn -0.0000 0.6991 -0.7151
vn 0.2736 0.6991 -0.6606
vn -0.0000 -0.8590 -0.5120
vn 0.1959 -0.8590 -0.4730
vn -0.0000 -0.2549 -0.9670
vn 0.3700 -0.2549 -0.8934
vn 0.5056 -0.6991 -0.5056
vn 0.3621 -0.8590 -0.3621
vn 0.7071 -0.0000 -0.7071
vn 0.6838 -0.2549 -0.6838
vn 0.5056 0.6991 -0.5056
vn 0.6152 0.4931 -0.6152
vn 0.1937 -0.9618 -0.1937
vn 0.1937 0.9618 -0.1937
vn 0.6152 -0.4931 -0.6152
vn 0.6838 0.2549 -0.6838
vn 0.3621 0.8590 -0.3621
vn 0.2531 0.9618 -0.1048
vn 0.4730 0.8590 -0.1959
vn 0.8038 -0.4931 -0.3329
vn 0.6606 -0.6991 -0.2736
vn 0.8934 0.2549 -0.3700
vn 0.9239 -0.0000 -0.3827
vn 0.6606 0.6991 -0.2736
vn 0.4730 -0.8590 -0.1959
vn 0.8934 -0.2549 -0.3700
vn 0.8038 0.4931 -0.3329
vn 0.2531 -0.9618 -0.1048
vn 0.5120 -0.8590 -0.0000
vn 0.2739 -0.9618 -0.0000
vn 0.2739 0.9618 -0.0000
vn 0.9670 -0.2549 -0.0000
vn 0.8700 -0.4931 -0.0000
vn 0.8700 0.4931 -0.0000
vn 0.9670 0.2549 -0.0000
vn 0.5120 0.8590 -0.0000
vn 0.7151 -0.6991 -0.0000
vn 0.7151 0.6991 -0.0000
vn 0.4730 0.8590 0.1959
vn 0.6606 0.6991 0.2736
vn 0.6606 -0.6991 0.2736
vn 0.4730 -0.8590 0.1959
vn 0.9239 -0.0000 0.3827
vn 0.8934 -0.2549 0.3700
vn 0.8038 0.4931 0.3329
vn 0.2531 -0.9618 0.1048
vn 0.2531 0.9618 0.1048
vn 0.8038 -0.4931 0.3329
vn 0.8934 0.2549 0.3700
vn 0.1937 -0.9618 0.1937
vn 0.1937 0.9618 0.1937
vn 0.3621 0.8590 0.3621
vn 0.6152 -0.4931 0.6152
vn 0.5056 -0.6991 0.5056
vn 0.6838 0.2549 0.6838
vn 0.7071 -0.0000 0.7071
vn 0.5056 0.6991 0.5056
vn 0.3621 -0.8590 0.3621
vn 0.6838 -0.2549 0.6838
vn 0.6152 0.4931 0.6152
vn 0.2736 0.6991 0.6606
vn 0.3329 0.4931 0.8038
vn 0.1959 -0.8590 0.4730
vn 0.1048 -0.9618 0.2531
vn 0.1048 0.9618 0.2531
vn 0.3700 -0.2549 0.8934
vn 0.3329 -0.4931 0.8038
vn 0.3700 0.2549 0.8934
vn 0.1959 0.8590 0.4730
vn 0.2736 -0.6991 0.6606
vn 0.3827 -0.0000 0.9239
vn -0.0000 0.8590 0.5120
vn -0.0000 0.6991 0.7151
vn -0.0000 -0.6991 0.7151
vn -0.0000 -0.8590 0.5120
vn -0.0000 -0.2549 0.9670
vn -0.0000 0.4931 0.8700
vn -0.0000 -0.9618 0.2739
vn -0.0000 0.9618 0.2739
vn -0.0000 -0.4931 0.8700
vn -0.0000 0.2549 0.9670
vn -0.3329 0.4931 0.8038
vn -0.3700 0.2549 0.8934
vn -0.1048 -0.9618 0.2531
vn -0.1048 0.9618 0.2531
vn -0.1959 0.8590 0.4730
vn -0.3329 -0.4931 0.8038
vn -0.2736 -0.6991 0.6606
vn -0.3827 -0.0000 0.9239
vn -0.2736 0.6991 0.6606
vn -0.1959 -0.8590 0.4730
vn -0.3700 -0.2549 0.8934
vn -0.5056 0.6991 0.5056
vn -0.6152 0.4931 0.6152
vn -0.3621 -0.8590 0.3621
vn -0.1937 -0.9618 0.1937
vn -0.1937 0.9618 0.1937
vn -0.6838 -0.2549 0.6838
vn -0.6152 -0.4931 0.6152
vn -0.6838 0.2549 0.6838
vn -0.3621 0.8590 0.3621
vn -0.5056 -0.6991 0.5056
vn -0.7071 -0.0000 0.7071
vn -0.8934 0.2549 0.3700
vn -0.9239 -0.0000 0.3827
vn -0.4730 0.8590 0.1959
vn -0.6606 0.6991 0.2736
vn -0.6606 -0.6991 0.2736
vn -0.4730 -0.8590 0.1959
vn -0.8934 -0.2549 0.3700
vn -0.8038 0.4931 0.3329
vn -0.2531 -0.9618 0.1048
vn -0.2531 0.9618 0.1048
vn -0.8038 -0.4931 0.3329
vn -0.8700 0.4931 -0.0000
vn -0.9670 0.2549 -0.0000
vn -0.2739 -0.9618 -0.0000
vn -0.2739 0.9618 -0.0000
vn -0.5120 0.8590 -0.0000
vn -0.8700 -0.4931 -0.0000
vn -0.7151 -0.6991 -0.0000
vn -0.7151 0.6991 -0.0000
vn -0.5120 -0.8590 -0.0000
vn -0.9670 -0.2549 -0.0000
vn -0.9239 -0.0000 -0.3827
vn -0.8934 -0.2549 -0.3700
vn -0.6606 0.6991 -0.2736
vn -0.8038 0.4931 -0.3329
vn -0.4730 -0.8590 -0.1959
vn -0.2531 -0.9618 -0.1048
vn -0.2531 0.9618 -0.1048
vn -0.8038 -0.4931 -0.3329
vn -0.8934 0.2549 -0.3700
vn -0.4730 0.8590 -0.1959
vn -0.6606 -0.6991 -0.2736
vn -0.6838 0.2549 -0.6838
vn -0.7071 -0.0000 -0.7071
vn -0.3621 0.8590 -0.3621
vn -0.5056 0.6991 -0.5056
vn -0.5056 -0.6991 -0.5056
vn -0.3621 -0.8590 -0.3621
vn -0.6838 -0.2549 -0.6838
vn -0.6152 0.4931 -0.6152
vn -0.1937 -0.9618 -0.1937
vn -0.1937 0.9618 -0.1937
vn -0.6152 -0.4931 -0.6152
vn -0.3700 -0.2549 -0.8934
vn -0.3329 -0.4931 -0.8038
vn -0.3329 0.4931 -0.8038
vn -0.3700 0.2549 -0.8934
vn -0.1048 -0.9618 -0.2531
vn -0.1048 0.9618 -0.2531
vn -0.1959 0.8590 -0.4730
vn -0.2736 -0.6991 -0.6606
vn -0.3827 -0.0000 -0.9239
vn -0.2736 0.6991 -0.6606
vn -0.1959 -0.8590 -0.4730
vn -0.0000 -0.6657 -0.7462
vn -0.0000 0.6657 -0.7462
vn 0.2856 0.6657 -0.6894
vn 0.2856 -0.6657 -0.6894
vn 0.5276 0.6657 -0.5276
vn 0.5276 -0.6657 -0.5276
vn 0.6894 0.6657 -0.2856
vn 0.6894 -0.6657 -0.2856
vn 0.7462 0.6657 -0.0000
vn 0.7462 -0.6657 -0.0000
vn 0.6894 0.6657 0.2856
vn 0.6894 -0.6657 0.2856
vn 0.5276 0.6657 0.5276
vn 0.5276 -0.6657 0.5276
vn 0.2856 0.6657 0.6894
vn 0.2856 -0.6657 0.6894
vn -0.0000 0.6657 0.7462
vn -0.0000 -0.6657 0.7462
vn -0.2856 0.6657 0.6894
vn -0.2856 -0.6657 0.6894
vn -0.5276 0.6657 0.5276
vn -0.5276 -0.6657 0.5276
vn -0.6894 0.6657 0.2856
vn -0.6894 -0.6657 0.2856
vn -0.7462 0.6657 -0.0000
vn -0.7462 -0.6657 -0.0000
vn -0.6894 0.6657 -0.2856
vn -0.6894 -0.6657 -0.2856
vn -0.5276 0.6657 -0.5276
vn -0.5276 -0.6657 -0.5276
vn -0.2856 0.6657 -0.6894
vn -0.2856 -0.6657 -0.6894
vn -0.0000 -0.6303 -0.7764
vn -0.0000 0.6303 -0.7764
vn 0.5490 0.6303 -0.5490
vn 0.5490 -0.6303 -0.5490
vn 0.7764 0.6303 -0.0000
vn 0.7764 -0.6303 -0.0000
vn 0.5490 0.6303 0.5490
vn 0.5490 -0.6303 0.5490
vn -0.0000 0.6303 0.7764
vn -0.0000 -0.6303 0.7764
vn -0.5490 0.6303 0.5490
vn -0.5490 -0.6303 0.5490
vn -0.7764 0.6303 -0.0000
vn -0.7764 -0.6303 -0.0000
vn -0.5490 0.6303 -0.5490
vn -0.5490 -0.6303 -0.5490
vn -0.0000 -0.3027 -0.9531
vn 0.4339 -0.0000 -0.9010
vn 0.4135 -0.3027 -0.8587
vn -0.0000 0.5774 -0.8164
vn -0.0000 0.7985 -0.6020
vn 0.2612 0.7985 -0.5424
vn 0.3542 0.5774 -0.7356
vn -0.0000 -0.9444 -0.3289
vn 0.1427 -0.9444 -0.2964
vn -0.0000 -0.5774 -0.8164
vn 0.3542 -0.5774 -0.7356
vn -0.0000 0.3027 -0.9531
vn 0.4135 0.3027 -0.8587
vn -0.0000 0.9444 -0.3289
vn 0.1427 0.9444 -0.2964
vn -0.0000 -0.7985 -0.6020
vn 0.2612 -0.7985 -0.5424
vn 0.4707 0.7985 -0.3753
vn 0.6383 0.5774 -0.5090
vn 0.2572 -0.9444 -0.2051
vn 0.7452 -0.3027 -0.5942
vn 0.6383 -0.5774 -0.5090
vn 0.7452 0.3027 -0.5942
vn 0.2572 0.9444 -0.2051
vn 0.4707 -0.7985 -0.3753
vn 0.7818 -0.0000 -0.6235
vn 0.5869 -0.7985 -0.1340
vn 0.3207 -0.9444 -0.0732
vn 0.9749 -0.0000 -0.2225
vn 0.9292 -0.3027 -0.2121
vn 0.5869 0.7985 -0.1340
vn 0.7960 0.5774 -0.1817
vn 0.7960 -0.5774 -0.1817
vn 0.9292 0.3027 -0.2121
vn 0.3207 0.9444 -0.0732
vn 0.9292 0.3027 0.2121
vn 0.9749 -0.0000 0.2225
vn 0.3207 0.9444 0.0732
vn 0.5869 0.7985 0.1340
vn 0.5869 -0.7985 0.1340
vn 0.3207 -0.9444 0.0732
vn 0.9292 -0.3027 0.2121
vn 0.7960 0.5774 0.1817
vn 0.7960 -0.5774 0.1817
vn 0.2572 0.9444 0.2051
vn 0.6383 -0.5774 0.5090
vn 0.4707 -0.7985 0.3753
vn 0.7452 0.3027 0.5942
vn 0.7818 -0.0000 0.6235
vn 0.4707 0.7985 0.3753
vn 0.2572 -0.9444 0.2051
vn 0.7452 -0.3027 0.5942
vn 0.6383 0.5774 0.5090
vn 0.3542 0.5774 0.7356
vn 0.4135 0.3027 0.8587
vn 0.1427 0.9444 0.2964
vn 0.3542 -0.5774 0.7356
vn 0.2612 -0.7985 0.5424
vn 0.4339 -0.0000 0.9010
vn 0.2612 0.7985 0.5424
vn 0.1427 -0.9444 0.2964
vn 0.4135 -0.3027 0.8587
vn -0.0000 -0.9444 0.3289
vn -0.0000 -0.3027 0.9531
vn -0.0000 -0.5774 0.8164
vn -0.0000 0.5774 0.8164
vn -0.0000 0.3027 0.9531
vn -0.0000 0.9444 0.3289
vn -0.0000 -0.7985 0.6020
vn -0.0000 0.7985 0.6020
vn -0.4339 -0.0000 0.9010
vn -0.4135 -0.3027 0.8587
vn -0.2612 0.7985 0.5424
vn -0.3542 0.5774 0.7356
vn -0.1427 -0.9444 0.2964
vn -0.3542 -0.5774 0.7356
vn -0.4135 0.3027 0.8587
vn -0.1427 0.9444 0.2964
vn -0.2612 -0.7985 0.5424
vn -0.2572 0.9444 0.2051
vn -0.4707 0.7985 0.3753
vn -0.4707 -0.7985 0.3753
vn -0.2572 -0.9444 0.2051
vn -0.7818 -0.0000 0.6235
vn -0.7452 -0.3027 0.5942
vn -0.6383 0.5774 0.5090
vn -0.6383 -0.5774 0.5090
vn -0.7452 0.3027 0.5942
vn -0.9292 0.3027 0.2121
vn -0.9749 -0.0000 0.2225
vn -0.3207 0.9444 0.0732
vn -0.5869 0.7985 0.1340
vn -0.5869 -0.7985 0.1340
vn -0.3207 -0.9444 0.0732
vn -0.9292 -0.3027 0.2121
vn -0.7960 0.5774 0.1817
vn -0.7960 -0.5774 0.1817
vn -0.3207 0.9444 -0.0732
vn -0.7960 -0.5774 -0.1817
vn -0.5869 -0.7985 -0.1340
vn -0.9292 0.3027 -0.2121
vn -0.9749 -0.0000 -0.2225
vn -0.5869 0.7985 -0.1340
vn -0.3207 -0.9444 -0.0732
vn -0.9292 -0.3027 -0.2121
vn -0.7960 0.5774 -0.1817
vn -0.7452 -0.3027 -0.5942
vn -0.6383 -0.5774 -0.5090
vn -0.6383 0.5774 -0.5090
vn -0.7452 0.3027 -0.5942
vn -0.2572 0.9444 -0.2051
vn -0.4707 -0.7985 -0.3753
vn -0.7818 -0.0000 -0.6235
vn -0.4707 0.7985 -0.3753
vn -0.2572 -0.9444 -0.2051
vn -0.2612 0.7985 -0.5424
vn -0.3542 0.5774 -0.7356
vn -0.1427 -0.9444 -0.2964
vn -0.4135 -0.3027 -0.8587
vn -0.3542 -0.5774 -0.7356
vn -0.4135 0.3027 -0.8587
vn -0.1427 0.9444 -0.2964
vn -0.2612 -0.7985 -0.5424
vn -0.4339 -0.0000 -0.9010
vn -0.0000 -0.6603 -0.7510
vn -0.0000 0.6603 -0.7510
vn 0.3259 0.6603 -0.6766
vn 0.3259 -0.6603 -0.6766
vn 0.5872 0.6603 -0.4683
vn 0.5872 -0.6603 -0.4683
vn 0.7322 0.6603 -0.1671
vn 0.7322 -0.6603 -0.1671
vn 0.7322 0.6603 0.1671
vn 0.7322 -0.6603 0.1671
vn 0.5872 0.6603 0.4683
vn 0.5872 -0.6603 0.4683
vn 0.3259 0.6603 0.6766
vn 0.3259 -0.6603 0.6766
vn -0.0000 0.6603 0.7510
vn -0.0000 -0.6603 0.7510
vn -0.3259 0.6603 0.6766
vn -0.3259 -0.6603 0.6766
vn -0.5872 0.6603 0.4683
vn -0.5872 -0.6603 0.4683
vn -0.7322 0.6603 0.1671
vn -0.7322 -0.6603 0.1671
vn -0.7322 0.6603 -0.1671
vn -0.7322 -0.6603 -0.1671
vn -0.5872 0.6603 -0.4683
vn -0.5872 -0.6603 -0.4683
vn -0.3259 0.6603 -0.6766
vn -0.3259 -0.6603 -0.6766
vn 0.1269 -0.3001 -0.9454
vn -0.3342 0.7905 -0.5132
vn 0.2018 0.9325 -0.2996
vn 0.6629 -0.1581 -0.7318
vn 0.4845 0.8477 0.2161
vn 0.9457 -0.2430 -0.2161
vn 0.3484 0.5857 0.7318
vn 0.8095 -0.5049 0.2996
vn -0.1269 0.3001 0.9454
vn 0.3342 -0.7905 0.5132
vn -0.6629 0.1581 0.7318
vn -0.2018 -0.9325 0.2996
vn -0.9457 0.2430 0.2161
vn -0.4845 -0.8477 -0.2161
vn -0.8095 0.5049 -0.2996
vn -0.3484 -0.5857 -0.7318
vn -0.1269 -0.3001 -0.9454
vn 0.3342 0.7905 -0.5132
vn 0.8095 0.5049 -0.2996
vn 0.3484 -0.5857 -0.7318
vn 0.9457 0.2430 0.2161
vn 0.4845 -0.8477 -0.2161
vn 0.6629 0.1581 0.7318
vn 0.2018 -0.9325 0.2996
vn 0.1269 0.3001 0.9454
vn -0.3342 -0.7905 0.5132
vn -0.3484 0.5857 0.7318
vn -0.8095 -0.5049 0.2996
vn -0.4845 0.8477 0.2161
vn -0.9457 -0.2430 -0.2161
vn -0.2018 0.9325 -0.2996
vn -0.6629 -0.1581 -0.7318
vn -0.0000 -0.6532 -0.7572
vn -0.0000 0.6532 -0.7572
vn 0.3786 0.6532 -0.6557
vn 0.3786 -0.6532 -0.6557
vn 0.6557 0.6532 -0.3786
vn 0.6557 -0.6532 -0.3786
vn 0.7572 0.6532 -0.0000
vn 0.7572 -0.6532 -0.0000
vn 0.6557 0.6532 0.3786
vn 0.6557 -0.6532 0.3786
vn 0.3786 0.6532 0.6557
vn 0.3786 -0.6532 0.6557
vn -0.0000 0.6532 0.7572
vn -0.0000 -0.6532 0.7572
vn -0.3786 0.6532 0.6557
vn -0.3786 -0.6532 0.6557
vn -0.6557 0.6532 0.3786
vn -0.6557 -0.6532 0.3786
vn -0.7572 0.6532 -0.0000
vn -0.7572 -0.6532 -0.0000
vn -0.6557 0.6532 -0.3786
vn -0.6557 -0.6532 -0.3786
vn -0.3786 0.6532 -0.6557
vn -0.3786 -0.6532 -0.6557
vt 0.750000 0.062500
vt 0.750000 0.125000
vt 0.700000 0.125000
vt 0.700000 0.062500
vt 0.750000 0.500000
vt 0.750000 0.562500
vt 0.700000 0.562500
vt 0.700000 0.500000
vt 0.750000 0.937500
vt 0.725000 1.000000
vt 0.700000 0.937500
vt 0.725000 0.000000
vt 0.750000 0.437500
vt 0.700000 0.437500
vt 0.750000 0.875000
vt 0.700000 0.875000
vt 0.750000 0.375000
vt 0.700000 0.375000
vt 0.750000 0.812500
vt 0.700000 0.812500
vt 0.750000 0.312500
vt 0.700000 0.312500
vt 0.750000 0.750000
vt 0.700000 0.750000
vt 0.750000 0.250000
vt 0.700000 0.250000
vt 0.750000 0.687500
vt 0.700000 0.687500
vt 0.750000 0.187500
vt 0.700000 0.187500
vt 0.750000 0.625000
vt 0.700000 0.625000
vt 0.650000 0.187500
vt 0.650000 0.125000
vt 0.650000 0.625000
vt 0.650000 0.562500
vt 0.650000 0.062500
vt 0.650000 0.500000
vt 0.675000 1.000000
vt 0.650000 0.937500
vt 0.675000 0.000000
vt 0.650000 0.437500
vt 0.650000 0.875000
vt 0.650000 0.375000
vt 0.650000 0.812500
vt 0.650000 0.312500
vt 0.650000 0.750000
vt 0.650000 0.250000
vt 0.650000 0.687500
vt 0.600000 0.875000
vt 0.600000 0.812500
vt 0.600000 0.375000
vt 0.600000 0.312500
vt 0.600000 0.750000
vt 0.600000 0.250000
vt 0.600000 0.687500
vt 0.600000 0.187500
vt 0.600000 0.625000
vt 0.600000 0.125000
vt 0.600000 0.562500
vt 0.600000 0.062500
vt 0.600000 0.500000
vt 0.625000 1.000000
vt 0.600000 0.937500
vt 0.625000 0.000000
vt 0.600000 0.437500
vt 0.550000 0.625000
vt 0.550000 0.562500
vt 0.550000 0.125000
vt 0.550000 0.062500
vt 0.550000 0.500000
vt 0.575000 1.000000
vt 0.550000 0.937500
vt 0.575000 0.000000
vt 0.550000 0.437500
vt 0.550000 0.875000
vt 0.550000 0.375000
vt 0.550000 0.812500
vt 0.550000 0.312500
vt 0.550000 0.750000
vt 0.550000 0.250000
vt 0.550000 0.687500
vt 0.550000 0.187500
vt 0.500000 0.375000
vt 0.500000 0.312500
vt 0.500000 0.812500
vt 0.500000 0.750000
vt 0.500000 0.250000
vt 0.500000 0.687500
vt 0.500000 0.187500
vt 0.500000 0.625000
vt 0.500000 0.125000
vt 0.500000 0.562500
vt 0.500000 0.062500
vt 0.500000 0.500000
vt 0.525000 1.000000
vt 0.500000 0.937500
vt 0.525000 0.000000
vt 0.500000 0.437500
vt 0.500000 0.875000
vt 0.450000 0.125000
vt 0.450000 0.062500
vt 0.450000 0.562500
vt 0.450000 0.500000
vt 0.475000 1.000000
vt 0.450000 0.937500
vt 0.475000 0.000000
vt 0.450000 0.437500
vt 0.450000 0.875000
vt 0.450000 0.375000
vt 0.450000 0.812500
vt 0.450000 0.312500
vt 0.450000 0.750000
vt 0.450000 0.250000
vt 0.450000 0.687500
vt 0.450000 0.187500
vt 0.450000 0.625000
vt 0.400000 0.812500
vt 0.400000 0.750000
vt 0.400000 0.312500
vt 0.400000 0.250000
vt 0.400000 0.687500
vt 0.400000 0.187500
vt 0.400000 0.625000
vt 0.400000 0.125000
vt 0.400000 0.562500
vt 0.400000 0.062500
vt 0.400000 0.500000
vt 0.425000 1.000000
vt 0.400000 0.937500
vt 0.425000 0.000000
vt 0.400000 0.437500
vt 0.400000 0.875000
vt 0.400000 0.375000
vt 0.350000 0.562500
vt 0.350000 0.500000
vt 0.375000 1.000000
vt 0.350000 0.937500
vt 0.375000 0.000000
vt 0.350000 0.062500
vt 0.350000 0.437500
vt 0.350000 0.875000
vt 0.350000 0.375000
vt 0.350000 0.812500
vt 0.350000 0.312500
vt 0.350000 0.750000
vt 0.350000 0.250000
vt 0.350000 0.687500
vt 0.350000 0.187500
vt 0.350000 0.625000
vt 0.350000 0.125000
vt 0.300000 0.312500
vt 0.300000 0.250000
vt 0.300000 0.750000
vt 0.300000 0.687500
vt 0.300000 0.187500
vt 0.300000 0.625000
vt 0.300000 0.125000
vt 0.300000 0.562500
vt 0.300000 0.062500
vt 0.300000 0.500000
vt 0.325000 1.000000
vt 0.300000 0.937500
vt 0.325000 0.000000
vt 0.300000 0.437500
vt 0.300000 0.875000
vt 0.300000 0.375000
vt 0.300000 0.812500
vt 0.275000 0.000000
vt 0.250000 0.062500
vt 0.250000 0.500000
vt 0.250000 0.437500
vt 0.250000 0.937500
vt 0.250000 0.875000
vt 0.250000 0.375000
vt 0.250000 0.812500
vt 0.250000 0.312500
vt 0.250000 0.750000
vt 0.250000 0.250000
vt 0.250000 0.687500
vt 0.250000 0.187500
vt 0.250000 0.625000
vt 0.250000 0.125000
vt 0.250000 0.562500
vt 0.275000 1.000000
vt 0.200000 0.250000
vt 0.200000 0.187500
vt 0.200000 0.687500
vt 0.200000 0.625000
vt 0.200000 0.125000
vt 0.200000 0.562500
vt 0.200000 0.062500
vt 0.200000 0.500000
vt 0.225000 1.000000
vt 0.200000 0.937500
vt 0.225000 0.000000
vt 0.200000 0.437500
vt 0.200000 0.875000
vt 0.200000 0.375000
vt 0.200000 0.812500
vt 0.200000 0.312500
vt 0.200000 0.750000
vt 0.150000 0.937500
vt 0.150000 0.875000
vt 0.150000 0.437500
vt 0.150000 0.375000
vt 0.150000 0.812500
vt 0.150000 0.312500
vt 0.150000 0.750000
vt 0.150000 0.250000
vt 0.150000 0.687500
vt 0.150000 0.187500
vt 0.150000 0.625000
vt 0.150000 0.125000
vt 0.150000 0.562500
vt 0.150000 0.062500
vt 0.150000 0.500000
vt 0.175000 1.000000
vt 0.175000 0.000000
vt 0.100000 0.687500
vt 0.100000 0.625000
vt 0.100000 0.187500
vt 0.100000 0.125000
vt 0.100000 0.562500
vt 0.100000 0.062500
vt 0.100000 0.500000
vt 0.125000 1.000000
vt 0.100000 0.937500
vt 0.125000 0.000000
vt 0.100000 0.437500
vt 0.100000 0.875000
vt 0.100000 0.375000
vt 0.100000 0.812500
vt 0.100000 0.312500
vt 0.100000 0.750000
vt 0.100000 0.250000
vt 0.050000 0.437500
vt 0.050000 0.375000
vt 0.050000 0.875000
vt 0.050000 0.812500
vt 0.050000 0.312500
vt 0.050000 0.750000
vt 0.050000 0.250000
vt 0.050000 0.687500
vt 0.050000 0.187500
vt 0.050000 0.625000
vt 0.050000 0.125000
vt 0.050000 0.562500
vt 0.050000 0.062500
vt 0.050000 0.500000
vt 0.075000 1.000000
vt 0.050000 0.937500
vt 0.075000 0.000000
vt 0.000000 0.187500
vt 0.000000 0.125000
vt 0.000000 0.625000
vt 0.000000 0.562500
vt 0.000000 0.062500
vt 0.000000 0.500000
vt 0.025000 1.000000
vt 0.000000 0.937500
vt 0.025000 0.000000
vt 0.000000 0.437500
vt 0.000000 0.875000
vt 0.000000 0.375000
vt 0.000000 0.812500
vt 0.000000 0.312500
vt 0.000000 0.750000
vt 0.000000 0.250000
vt 0.000000 0.687500
vt 1.000000 0.812500
vt 1.000000 0.875000
vt 0.950000 0.875000
vt 0.950000 0.812500
vt 1.000000 0.312500
vt 1.000000 0.375000
vt 0.950000 0.375000
vt 0.950000 0.312500
vt 1.000000 0.750000
vt 0.950000 0.750000
vt 1.000000 0.250000
vt 0.950000 0.250000
vt 1.000000 0.687500
vt 0.950000 0.687500
vt 1.000000 0.187500
vt 0.950000 0.187500
vt 1.000000 0.625000
vt 0.950000 0.625000
vt 1.000000 0.125000
vt 0.950000 0.125000
vt 1.000000 0.562500
vt 0.950000 0.562500
vt 1.000000 0.062500
vt 0.950000 0.062500
vt 1.000000 0.500000
vt 0.950000 0.500000
vt 1.000000 0.937500
vt 0.975000 1.000000
vt 0.950000 0.937500
vt 0.975000 0.000000
vt 1.000000 0.437500
vt 0.950000 0.437500
vt 0.900000 0.625000
vt 0.900000 0.562500
vt 0.900000 0.125000
vt 0.900000 0.062500
vt 0.900000 0.500000
vt 0.925000 1.000000
vt 0.900000 0.937500
vt 0.925000 0.000000
vt 0.900000 0.437500
vt 0.900000 0.875000
vt 0.900000 0.375000
vt 0.900000 0.812500
vt 0.900000 0.312500
vt 0.900000 0.750000
vt 0.900000 0.250000
vt 0.900000 0.687500
vt 0.900000 0.187500
vt 0.850000 0.375000
vt 0.850000 0.312500
vt 0.850000 0.812500
vt 0.850000 0.750000
vt 0.850000 0.250000
vt 0.850000 0.687500
vt 0.850000 0.187500
vt 0.850000 0.625000
vt 0.850000 0.125000
vt 0.850000 0.562500
vt 0.850000 0.062500
vt 0.850000 0.500000
vt 0.875000 1.000000
vt 0.850000 0.937500
vt 0.875000 0.000000
vt 0.850000 0.437500
vt 0.850000 0.875000
vt 0.800000 0.125000
vt 0.800000 0.062500
vt 0.800000 0.562500
vt 0.800000 0.500000
vt 0.825000 1.000000
vt 0.800000 0.937500
vt 0.825000 0.000000
vt 0.800000 0.437500
vt 0.800000 0.875000
vt 0.800000 0.375000
vt 0.800000 0.812500
vt 0.800000 0.312500
vt 0.800000 0.750000
vt 0.800000 0.250000
vt 0.800000 0.687500
vt 0.800000 0.187500
vt 0.800000 0.625000
vt 0.775000 1.000000
vt 0.775000 0.000000
vt 0.625000 0.250000
vt 0.375000 0.250000
vt 0.625000 0.500000
vt 0.375000 0.500000
vt 0.625000 0.750000
vt 0.375000 0.750000
vt 0.125000 0.500000
vt 0.125000 0.750000
vt 0.875000 0.500000
vt 0.875000 0.750000
vt 0.750000 0.100000
vt 0.750000 0.200000
vt 0.666667 0.200000
vt 0.666667 0.100000
vt 0.750000 0.400000
vt 0.666667 0.500000
vt 0.666667 0.400000
vt 0.750000 0.700000
vt 0.750000 0.800000
vt 0.666667 0.800000
vt 0.666667 0.700000
vt 0.708333 0.000000
vt 0.750000 0.300000
vt 0.666667 0.300000
vt 0.750000 0.600000
vt 0.666667 0.600000
vt 0.750000 0.900000
vt 0.708333 1.000000
vt 0.666667 0.900000
vt 0.583333 0.500000
vt 0.583333 0.400000
vt 0.583333 0.800000
vt 0.583333 0.700000
vt 0.583333 0.100000
vt 0.583333 0.300000
vt 0.583333 0.600000
vt 0.583333 0.900000
vt 0.583333 0.200000
vt 0.500000 0.900000
vt 0.500000 0.800000
vt 0.500000 0.200000
vt 0.500000 0.100000
vt 0.500000 0.400000
vt 0.500000 0.700000
vt 0.541667 0.000000
vt 0.500000 0.300000
vt 0.500000 0.600000
vt 0.541667 1.000000
vt 0.416667 0.300000
vt 0.416667 0.200000
vt 0.416667 0.600000
vt 0.416667 0.500000
vt 0.416667 0.900000
vt 0.416667 0.800000
vt 0.416667 0.100000
vt 0.416667 0.400000
vt 0.416667 0.700000
vt 0.458333 0.000000
vt 0.458333 1.000000
vt 0.333333 0.700000
vt 0.333333 0.600000
vt 0.333333 0.900000
vt 0.333333 0.300000
vt 0.333333 0.200000
vt 0.333333 0.500000
vt 0.333333 0.800000
vt 0.333333 0.100000
vt 0.333333 0.400000
vt 0.250000 0.400000
vt 0.250000 0.300000
vt 0.250000 0.700000
vt 0.250000 0.600000
vt 0.291667 1.000000
vt 0.250000 0.900000
vt 0.250000 0.200000
vt 0.250000 0.800000
vt 0.250000 0.100000
vt 0.291667 0.000000
vt 0.166667 0.800000
vt 0.166667 0.700000
vt 0.208333 0.000000
vt 0.166667 0.100000
vt 0.166667 0.400000
vt 0.166667 0.300000
vt 0.166667 0.600000
vt 0.208333 1.000000
vt 0.166667 0.900000
vt 0.166667 0.200000
vt 0.166667 0.500000
vt 0.083333 0.200000
vt 0.083333 0.100000
vt 0.083333 0.500000
vt 0.083333 0.400000
vt 0.083333 0.800000
vt 0.083333 0.700000
vt 0.125000 0.000000
vt 0.083333 0.300000
vt 0.083333 0.600000
vt 0.125000 1.000000
vt 0.083333 0.900000
vt 0.000000 0.600000
vt 0.000000 0.500000
vt 0.000000 0.900000
vt 0.000000 0.800000
vt 0.000000 0.200000
vt 0.000000 0.100000
vt 0.000000 0.400000
vt 0.000000 0.700000
vt 0.041667 0.000000
vt 0.000000 0.300000
vt 0.041667 1.000000
vt 1.000000 0.900000
vt 0.958333 1.000000
vt 0.916667 0.900000
vt 1.000000 0.200000
vt 1.000000 0.300000
vt 0.916667 0.300000
vt 0.916667 0.200000
vt 1.000000 0.600000
vt 0.916667 0.600000
vt 0.916667 0.500000
vt 1.000000 0.800000
vt 0.916667 0.800000
vt 1.000000 0.100000
vt 0.916667 0.100000
vt 1.000000 0.400000
vt 0.916667 0.400000
vt 1.000000 0.700000
vt 0.916667 0.700000
vt 0.958333 0.000000
vt 0.833333 0.700000
vt 0.833333 0.600000
vt 0.833333 0.900000
vt 0.833333 0.300000
vt 0.833333 0.200000
vt 0.833333 0.500000
vt 0.833333 0.800000
vt 0.833333 0.100000
vt 0.833333 0.400000
vt 0.791667 0.000000
vt 0.791667 1.000000
vt 0.750000 0.583333
vt 0.750000 0.666667
vt 0.687500 0.666667
vt 0.687500 0.583333
vt 0.718750 0.000000
vt 0.750000 0.083333
vt 0.687500 0.083333
vt 0.750000 0.833333
vt 0.750000 0.916667
vt 0.687500 0.916667
vt 0.687500 0.833333
vt 0.750000 0.250000
vt 0.750000 0.333333
vt 0.687500 0.333333
vt 0.687500 0.250000
vt 0.687500 0.500000
vt 0.750000 0.750000
vt 0.687500 0.750000
vt 0.750000 0.166667
vt 0.687500 0.166667
vt 0.750000 0.416667
vt 0.687500 0.416667
vt 0.718750 1.000000
vt 0.625000 0.166667
vt 0.625000 0.416667
vt 0.625000 0.666667
vt 0.625000 0.083333
vt 0.656250 1.000000
vt 0.625000 0.916667
vt 0.625000 0.333333
vt 0.625000 0.583333
vt 0.656250 0.000000
vt 0.625000 0.833333
vt 0.562500 0.916667
vt 0.562500 0.833333
vt 0.562500 0.333333
vt 0.562500 0.250000
vt 0.562500 0.583333
vt 0.562500 0.500000
vt 0.562500 0.750000
vt 0.562500 0.166667
vt 0.562500 0.416667
vt 0.562500 0.666667
vt 0.562500 0.083333
vt 0.593750 1.000000
vt 0.593750 0.000000
vt 0.500000 0.166667
vt 0.500000 0.083333
vt 0.531250 1.000000
vt 0.500000 0.916667
vt 0.500000 0.416667
vt 0.500000 0.333333
vt 0.500000 0.666667
vt 0.500000 0.583333
vt 0.531250 0.000000
vt 0.500000 0.833333
vt 0.500000 0.250000
vt 0.500000 0.500000
vt 0.500000 0.750000
vt 0.437500 0.833333
vt 0.437500 0.750000
vt 0.437500 0.250000
vt 0.437500 0.166667
vt 0.437500 0.500000
vt 0.437500 0.416667
vt 0.437500 0.666667
vt 0.437500 0.083333
vt 0.468750 1.000000
vt 0.437500 0.916667
vt 0.437500 0.333333
vt 0.437500 0.583333
vt 0.468750 0.000000
vt 0.406250 0.000000
vt 0.375000 0.083333
vt 0.375000 0.916667
vt 0.375000 0.833333
vt 0.375000 0.333333
vt 0.375000 0.250000
vt 0.375000 0.583333
vt 0.375000 0.500000
vt 0.375000 0.750000
vt 0.375000 0.166667
vt 0.375000 0.416667
vt 0.375000 0.666667
vt 0.406250 1.000000
vt 0.312500 0.750000
vt 0.312500 0.666667
vt 0.312500 0.166667
vt 0.312500 0.083333
vt 0.343750 1.000000
vt 0.312500 0.916667
vt 0.312500 0.416667
vt 0.312500 0.333333
vt 0.312500 0.583333
vt 0.343750 0.000000
vt 0.312500 0.833333
vt 0.312500 0.250000
vt 0.312500 0.500000
vt 0.250000 0.833333
vt 0.250000 0.750000
vt 0.250000 0.250000
vt 0.250000 0.166667
vt 0.250000 0.500000
vt 0.250000 0.416667
vt 0.250000 0.666667
vt 0.250000 0.083333
vt 0.281250 1.000000
vt 0.250000 0.916667
vt 0.250000 0.333333
vt 0.250000 0.583333
vt 0.281250 0.000000
vt 0.187500 0.666667
vt 0.187500 0.583333
vt 0.218750 0.000000
vt 0.187500 0.083333
vt 0.187500 0.916667
vt 0.187500 0.833333
vt 0.187500 0.333333
vt 0.187500 0.250000
vt 0.187500 0.500000
vt 0.187500 0.750000
vt 0.187500 0.166667
vt 0.187500 0.416667
vt 0.218750 1.000000
vt 0.125000 0.750000
vt 0.125000 0.666667
vt 0.125000 0.166667
vt 0.125000 0.083333
vt 0.156250 1.000000
vt 0.125000 0.916667
vt 0.125000 0.416667
vt 0.125000 0.333333
vt 0.125000 0.583333
vt 0.156250 0.000000
vt 0.125000 0.833333
vt 0.125000 0.250000
vt 0.125000 0.500000
vt 0.062500 0.583333
vt 0.062500 0.500000
vt 0.062500 0.833333
vt 0.062500 0.750000
vt 0.062500 0.250000
vt 0.062500 0.166667
vt 0.062500 0.416667
vt 0.062500 0.666667
vt 0.062500 0.083333
vt 0.093750 1.000000
vt 0.062500 0.916667
vt 0.062500 0.333333
vt 0.093750 0.000000
vt 0.000000 0.666667
vt 0.000000 0.583333
vt 0.031250 0.000000
vt 0.000000 0.083333
vt 0.000000 0.916667
vt 0.000000 0.833333
vt 0.000000 0.333333
vt 0.000000 0.250000
vt 0.000000 0.750000
vt 0.000000 0.166667
vt 0.000000 0.416667
vt 0.031250 1.000000
vt 1.000000 0.416667
vt 0.937500 0.500000
vt 0.937500 0.416667
vt 1.000000 0.666667
vt 1.000000 0.750000
vt 0.937500 0.750000
vt 0.937500 0.666667
vt 1.000000 0.083333
vt 1.000000 0.166667
vt 0.937500 0.166667
vt 0.937500 0.083333
vt 1.000000 0.916667
vt 0.968750 1.000000
vt 0.937500 0.916667
vt 1.000000 0.333333
vt 0.937500 0.333333
vt 1.000000 0.583333
vt 0.937500 0.583333
vt 0.968750 0.000000
vt 1.000000 0.833333
vt 0.937500 0.833333
vt 1.000000 0.250000
vt 0.937500 0.250000
vt 0.875000 0.583333
vt 0.875000 0.500000
vt 0.875000 0.833333
vt 0.875000 0.750000
vt 0.875000 0.250000
vt 0.875000 0.166667
vt 0.875000 0.416667
vt 0.875000 0.666667
vt 0.875000 0.083333
vt 0.906250 1.000000
vt 0.875000 0.916667
vt 0.875000 0.333333
vt 0.906250 0.000000
vt 0.812500 0.416667
vt 0.812500 0.333333
vt 0.812500 0.666667
vt 0.812500 0.583333
vt 0.843750 0.000000
vt 0.812500 0.083333
vt 0.812500 0.916667
vt 0.812500 0.833333
vt 0.812500 0.250000
vt 0.812500 0.500000
vt 0.812500 0.750000
vt 0.812500 0.166667
vt 0.843750 1.000000
vt 0.781250 1.000000
vt 0.781250 0.000000
vt 1.000000 1.000000
vt 0.937500 1.000000
vt 0.937500 0.500000
vt 0.812500 1.000000
vt 0.812500 0.500000
vt 0.750000 1.000000
vt 0.687500 1.000000
vt 0.562500 1.000000
vt 0.500000 1.000000
vt 0.437500 1.000000
vt 0.437500 0.500000
vt 0.312500 1.000000
vt 0.312500 0.500000
vt 0.250000 1.000000
vt 0.187500 1.000000
vt 0.187500 0.500000
vt 0.341844 0.471731
vt 0.250000 0.490000
vt 0.158156 0.471731
vt 0.080294 0.419706
vt 0.028269 0.341844
vt 0.010000 0.250000
vt 0.028269 0.158156
vt 0.080294 0.080294
vt 0.158156 0.028269
vt 0.250000 0.010000
vt 0.341844 0.028269
vt 0.419706 0.080294
vt 0.471731 0.158156
vt 0.490000 0.250000
vt 0.471731 0.341844
vt 0.419706 0.419706
vt 0.062500 1.000000
vt 0.000000 1.000000
vt 0.750000 0.490000
vt 0.841844 0.471731
vt 0.919706 0.419706
vt 0.971731 0.341844
vt 0.990000 0.250000
vt 0.971731 0.158156
vt 0.919706 0.080294
vt 0.841844 0.028269
vt 0.750000 0.010000
vt 0.658156 0.028269
vt 0.580294 0.080294
vt 0.528269 0.158156
vt 0.510000 0.250000
vt 0.528269 0.341844
vt 0.580294 0.419706
vt 0.658156 0.471731
vt 0.080294 0.419706
vt 0.080294 0.080294
vt 0.419706 0.080294
vt 0.919706 0.080294
vt 0.580294 0.080294
vt 0.714286 0.400000
vt 0.714286 0.500000
vt 0.642857 0.500000
vt 0.642857 0.400000
vt 0.714286 0.700000
vt 0.714286 0.800000
vt 0.642857 0.800000
vt 0.642857 0.700000
vt 0.678572 0.000000
vt 0.714286 0.100000
vt 0.642857 0.100000
vt 0.714286 0.300000
vt 0.642857 0.300000
vt 0.714286 0.600000
vt 0.642857 0.600000
vt 0.714286 0.900000
vt 0.678571 1.000000
vt 0.642857 0.900000
vt 0.714286 0.200000
vt 0.642857 0.200000
vt 0.571429 0.800000
vt 0.571429 0.700000
vt 0.607143 0.000000
vt 0.571429 0.100000
vt 0.571429 0.400000
vt 0.571429 0.300000
vt 0.571429 0.600000
vt 0.607143 1.000000
vt 0.571429 0.900000
vt 0.571429 0.200000
vt 0.571429 0.500000
vt 0.500000 0.200000
vt 0.500000 0.100000
vt 0.500000 0.500000
vt 0.500000 0.400000
vt 0.500000 0.800000
vt 0.500000 0.700000
vt 0.535714 0.000000
vt 0.500000 0.300000
vt 0.500000 0.600000
vt 0.535714 1.000000
vt 0.500000 0.900000
vt 0.428571 0.600000
vt 0.428571 0.500000
vt 0.428571 0.900000
vt 0.428571 0.800000
vt 0.428571 0.200000
vt 0.428571 0.100000
vt 0.428571 0.400000
vt 0.428571 0.700000
vt 0.464286 0.000000
vt 0.428571 0.300000
vt 0.464286 1.000000
vt 0.392857 1.000000
vt 0.357143 0.900000
vt 0.357143 0.300000
vt 0.357143 0.200000
vt 0.357143 0.600000
vt 0.357143 0.500000
vt 0.357143 0.800000
vt 0.357143 0.100000
vt 0.357143 0.400000
vt 0.357143 0.700000
vt 0.392857 0.000000
vt 0.285714 0.700000
vt 0.285714 0.600000
vt 0.321429 1.000000
vt 0.285714 0.900000
vt 0.285714 0.300000
vt 0.285714 0.200000
vt 0.285714 0.500000
vt 0.285714 0.800000
vt 0.285714 0.100000
vt 0.285714 0.400000
vt 0.321429 0.000000
vt 0.250000 0.000000
vt 0.214286 0.100000
vt 0.214286 0.400000
vt 0.214286 0.300000
vt 0.214286 0.700000
vt 0.214286 0.600000
vt 0.250000 1.000000
vt 0.214286 0.900000
vt 0.214286 0.200000
vt 0.214286 0.500000
vt 0.214286 0.800000
vt 0.142857 0.500000
vt 0.142857 0.400000
vt 0.142857 0.800000
vt 0.142857 0.700000
vt 0.178571 0.000000
vt 0.142857 0.100000
vt 0.142857 0.300000
vt 0.142857 0.600000
vt 0.178571 1.000000
vt 0.142857 0.900000
vt 0.142857 0.200000
vt 0.071429 0.900000
vt 0.071429 0.800000
vt 0.071429 0.200000
vt 0.071429 0.100000
vt 0.071429 0.500000
vt 0.071429 0.400000
vt 0.071429 0.700000
vt 0.107143 0.000000
vt 0.071429 0.300000
vt 0.071429 0.600000
vt 0.107143 1.000000
vt 0.000000 0.500000
vt 0.000000 0.900000
vt 0.000000 0.800000
vt 0.000000 0.100000
vt 0.000000 0.700000
vt 0.035714 0.000000
vt 0.000000 0.300000
vt 0.035714 1.000000
vt 1.000000 0.900000
vt 0.964286 1.000000
vt 0.928571 0.900000
vt 1.000000 0.200000
vt 1.000000 0.300000
vt 0.928571 0.300000
vt 0.928571 0.200000
vt 1.000000 0.600000
vt 0.928571 0.600000
vt 0.928571 0.500000
vt 1.000000 0.800000
vt 0.928571 0.800000
vt 1.000000 0.100000
vt 0.928571 0.100000
vt 1.000000 0.400000
vt 0.928571 0.400000
vt 1.000000 0.700000
vt 0.928571 0.700000
vt 0.964286 0.000000
vt 0.857143 0.400000
vt 0.857143 0.300000
vt 0.857143 0.700000
vt 0.857143 0.600000
vt 0.892857 1.000000
vt 0.857143 0.900000
vt 0.857143 0.200000
vt 0.857143 0.500000
vt 0.857143 0.800000
vt 0.857143 0.100000
vt 0.892857 0.000000
vt 0.785714 0.800000
vt 0.785714 0.700000
vt 0.821429 0.000000
vt 0.785714 0.100000
vt 0.785714 0.400000
vt 0.785714 0.300000
vt 0.785714 0.600000
vt 0.821429 1.000000
vt 0.785714 0.900000
vt 0.785714 0.200000
vt 0.785714 0.500000
vt 0.750000 0.000000
vt 0.928571 1.000000
vt 0.928571 0.500000
vt 0.857143 1.000000
vt 0.857143 0.500000
vt 0.785714 1.000000
vt 0.785714 0.500000
vt 0.714286 1.000000
vt 0.714286 0.500000
vt 0.642857 1.000000
vt 0.642857 0.500000
vt 0.571428 1.000000
vt 0.571428 0.500000
vt 0.500000 1.000000
vt 0.500000 0.500000
vt 0.428571 1.000000
vt 0.428571 0.500000
vt 0.357143 1.000000
vt 0.357143 0.500000
vt 0.285714 1.000000
vt 0.285714 0.500000
vt 0.214286 1.000000
vt 0.214286 0.500000
vt 0.142857 1.000000
vt 0.142857 0.500000
vt 0.354132 0.466233
vt 0.145868 0.466233
vt 0.062360 0.399638
vt 0.016017 0.303405
vt 0.016017 0.196595
vt 0.062360 0.100362
vt 0.145868 0.033767
vt 0.354132 0.033767
vt 0.437640 0.100362
vt 0.483983 0.196595
vt 0.483983 0.303405
vt 0.437640 0.399638
vt 0.071428 1.000000
vt 0.071428 0.500000
vt -0.000000 1.000000
vt -0.000000 0.500000
vt 0.854132 0.466233
vt 0.937640 0.399638
vt 0.983983 0.303405
vt 0.983983 0.196595
vt 0.937640 0.100362
vt 0.854132 0.033767
vt 0.645868 0.033767
vt 0.562360 0.100362
vt 0.516017 0.196595
vt 0.516017 0.303405
vt 0.562360 0.399638
vt 0.645868 0.466233
vt 0.016017 0.303405
vt 0.016017 0.196595
vt 0.250000 0.010000
vt 0.483983 0.196595
vt 0.483983 0.303405
vt 0.750000 0.010000
vt 0.145868 0.466233
vt 0.145868 0.033767
vt 0.062360 0.399638
vt 0.016017 0.303405
vt 0.016017 0.196595
vt 0.062360 0.100362
vt 0.010000 0.250000
vt 0.354132 0.466233
vt 0.145868 0.466233
vt 0.062360 0.399638
vt 0.016017 0.196595
vt 0.062360 0.100362
vt 0.145868 0.033767
vt 0.354132 0.033767
vt 0.483983 0.196595
vt 0.854132 0.466233
vt 0.983983 0.196595
vt 0.854132 0.033767
vt 0.645868 0.033767
vt 0.516017 0.196595
vt 0.645868 0.466233
vt 0.145868 0.033767
vt 0.354132 0.033767
vt 0.854132 0.033767
vt 0.645868 0.033767
vt 0.916667 1.000000
vt 0.916667 0.500000
vt 0.833333 1.000000
vt 0.750000 1.000000
vt 0.750000 0.500000
vt 0.666667 1.000000
vt 0.666667 0.500000
vt 0.583333 1.000000
vt 0.583333 0.500000
vt 0.500000 1.000000
vt 0.500000 0.500000
vt 0.416667 1.000000
vt 0.416667 0.500000
vt 0.333333 1.000000
vt 0.333333 0.500000
vt 0.250000 1.000000
vt 0.250000 0.500000
vt 0.166667 1.000000
vt 0.166667 0.500000
vt 0.370000 0.457846
vt 0.130000 0.457846
vt 0.042154 0.370000
vt 0.042154 0.130000
vt 0.130000 0.042154
vt 0.370000 0.042154
vt 0.457846 0.130000
vt 0.457846 0.370000
vt 0.083333 1.000000
vt 0.083333 0.500000
vt 0.000000 1.000000
vt 0.000000 0.500000
vt 0.870000 0.457846
vt 0.957846 0.370000
vt 0.957846 0.130000
vt 0.870000 0.042154
vt 0.630000 0.042154
vt 0.542154 0.130000
vt 0.542154 0.370000
vt 0.630000 0.457846
s 1
usemtl Mat_HumanSkin
f 1/1/1 302/2/2 15/3/3 16/4/4
f 296/5/5 295/6/6 8/7/7 9/8/8
f 289/9/9 213/10/10 2/11/11
f 182/12/12 1/1/1 16/4/4
f 297/13/13 296/5/5 9/8/8 10/14/14
f 290/15/15 289/9/9 2/11/11 3/16/16
f 298/17/17 297/13/13 10/14/14 11/18/18
f 291/19/19 290/15/15 3/16/16 4/20/20
f 299/21/21 298/17/17 11/18/18 12/22/22
f 292/23/23 291/19/19 4/20/20 5/24/24
f 300/25/25 299/21/21 12/22/22 13/26/26
f 293/27/27 292/23/23 5/24/24 6/28/28
f 301/29/29 300/25/25 13/26/26 14/30/30
f 294/31/31 293/27/27 6/28/28 7/32/32
f 302/2/2 301/29/29 14/30/30 15/3/3
f 295/6/6 294/31/31 7/32/32 8/7/7
f 15/3/3 14/30/30 29/33/33 30/34/34
f 8/7/7 7/32/32 22/35/35 23/36/36
f 16/4/4 15/3/3 30/34/34 31/37/37
f 9/8/8 8/7/7 23/36/36 24/38/38
f 2/11/11 213/39/10 17/40/39
f 182/41/12 16/4/4 31/37/37
f 10/14/14 9/8/8 24/38/38 25/42/40
f 3/16/16 2/11/11 17/40/39 18/43/41
f 11/18/18 10/14/14 25/42/40 26/44/42
f 4/20/20 3/16/16 18/43/41 19/45/43
f 12/22/22 11/18/18 26/44/42 27/46/44
f 5/24/24 4/20/20 19/45/43 20/47/45
f 13/26/26 12/22/22 27/46/44 28/48/46
f 6/28/28 5/24/24 20/47/45 21/49/47
f 14/30/30 13/26/26 28/48/46 29/33/33
f 7/32/32 6/28/28 21/49/47 22/35/35
f 19/45/43 18/43/41 33/50/48 34/51/49
f 27/46/44 26/44/42 41/52/50 42/53/51
f 20/47/45 19/45/43 34/51/49 35/54/52
f 28/48/46 27/46/44 42/53/51 43/55/53
f 21/49/47 20/47/45 35/54/52 36/56/54
f 29/33/33 28/48/46 43/55/53 44/57/55
f 22/35/35 21/49/47 36/56/54 37/58/56
f 30/34/34 29/33/33 44/57/55 45/59/57
f 23/36/36 22/35/35 37/58/56 38/60/58
f 31/37/37 30/34/34 45/59/57 46/61/59
f 24/38/38 23/36/36 38/60/58 39/62/60
f 17/40/39 213/63/10 32/64/61
f 182/65/12 31/37/37 46/61/59
f 25/42/40 24/38/38 39/62/60 40/66/62
f 18/43/41 17/40/39 32/64/61 33/50/48
f 26/44/42 25/42/40 40/66/62 41/52/50
f 38/60/58 37/58/56 52/67/63 53/68/64
f 46/61/59 45/59/57 60/69/65 61/70/66
f 39/62/60 38/60/58 53/68/64 54/71/67
f 32/64/61 213/72/10 47/73/68
f 182/74/12 46/61/59 61/70/66
f 40/66/62 39/62/60 54/71/67 55/75/69
f 33/50/48 32/64/61 47/73/68 48/76/70
f 41/52/50 40/66/62 55/75/69 56/77/71
f 34/51/49 33/50/48 48/76/70 49/78/72
f 42/53/51 41/52/50 56/77/71 57/79/73
f 35/54/52 34/51/49 49/78/72 50/80/74
f 43/55/53 42/53/51 57/79/73 58/81/75
f 36/56/54 35/54/52 50/80/74 51/82/76
f 44/57/55 43/55/53 58/81/75 59/83/77
f 37/58/56 36/56/54 51/82/76 52/67/63
f 45/59/57 44/57/55 59/83/77 60/69/65
f 57/79/73 56/77/71 71/84/78 72/85/79
f 50/80/74 49/78/72 64/86/80 65/87/81
f 58/81/75 57/79/73 72/85/79 73/88/82
f 51/82/76 50/80/74 65/87/81 66/89/83
f 59/83/77 58/81/75 73/88/82 74/90/84
f 52/67/63 51/82/76 66/89/83 67/91/85
f 60/69/65 59/83/77 74/90/84 75/92/86
f 53/68/64 52/67/63 67/91/85 68/93/87
f 61/70/66 60/69/65 75/92/86 76/94/88
f 54/71/67 53/68/64 68/93/87 69/95/89
f 47/73/68 213/96/10 62/97/90
f 182/98/12 61/70/66 76/94/88
f 55/75/69 54/71/67 69/95/89 70/99/91
f 48/76/70 47/73/68 62/97/90 63/100/92
f 56/77/71 55/75/69 70/99/91 71/84/78
f 49/78/72 48/76/70 63/100/92 64/86/80
f 76/94/88 75/92/86 90/101/93 91/102/94
f 69/95/89 68/93/87 83/103/95 84/104/96
f 62/97/90 213/105/10 77/106/97
f 182/107/12 76/94/88 91/102/94
f 70/99/91 69/95/89 84/104/96 85/108/98
f 63/100/92 62/97/90 77/106/97 78/109/99
f 71/84/78 70/99/91 85/108/98 86/110/100
f 64/86/80 63/100/92 78/109/99 79/111/101
f 72/85/79 71/84/78 86/110/100 87/112/102
f 65/87/81 64/86/80 79/111/101 80/113/103
f 73/88/82 72/85/79 87/112/102 88/114/104
f 66/89/83 65/87/81 80/113/103 81/115/105
f 74/90/84 73/88/82 88/114/104 89/116/106
f 67/91/85 66/89/83 81/115/105 82/117/107
f 75/92/86 74/90/84 89/116/106 90/101/93
f 68/93/87 67/91/85 82/117/107 83/103/95
f 80/113/103 79/111/101 94/118/108 95/119/109
f 88/114/104 87/112/102 102/120/110 103/121/111
f 81/115/105 80/113/103 95/119/109 96/122/112
f 89/116/106 88/114/104 103/121/111 104/123/113
f 82/117/107 81/115/105 96/122/112 97/124/114
f 90/101/93 89/116/106 104/123/113 105/125/115
f 83/103/95 82/117/107 97/124/114 98/126/116
f 91/102/94 90/101/93 105/125/115 106/127/117
f 84/104/96 83/103/95 98/126/116 99/128/118
f 77/106/97 213/129/10 92/130/119
f 182/131/12 91/102/94 106/127/117
f 85/108/98 84/104/96 99/128/118 100/132/120
f 78/109/99 77/106/97 92/130/119 93/133/121
f 86/110/100 85/108/98 100/132/120 101/134/122
f 79/111/101 78/109/99 93/133/121 94/118/108
f 87/112/102 86/110/100 101/134/122 102/120/110
f 99/128/118 98/126/116 113/135/123 114/136/124
f 92/130/119 213/137/10 107/138/125
f 182/139/12 106/127/117 121/140/126
f 100/132/120 99/128/118 114/136/124 115/141/127
f 93/133/121 92/130/119 107/138/125 108/142/128
f 101/134/122 100/132/120 115/141/127 116/143/129
f 94/118/108 93/133/121 108/142/128 109/144/130
f 102/120/110 101/134/122 116/143/129 117/145/131
f 95/119/109 94/118/108 109/144/130 110/146/132
f 103/121/111 102/120/110 117/145/131 118/147/133
f 96/122/112 95/119/109 110/146/132 111/148/134
f 104/123/113 103/121/111 118/147/133 119/149/135
f 97/124/114 96/122/112 111/148/134 112/150/136
f 105/125/115 104/123/113 119/149/135 120/151/137
f 98/126/116 97/124/114 112/150/136 113/135/123
f 106/127/117 105/125/115 120/151/137 121/140/126
f 118/147/133 117/145/131 132/152/138 133/153/139
f 111/148/134 110/146/132 125/154/140 126/155/141
f 119/149/135 118/147/133 133/153/139 134/156/142
f 112/150/136 111/148/134 126/155/141 127/157/143
f 120/151/137 119/149/135 134/156/142 135/158/144
f 113/135/123 112/150/136 127/157/143 128/159/145
f 121/140/126 120/151/137 135/158/144 136/160/146
f 114/136/124 113/135/123 128/159/145 129/161/147
f 107/138/125 213/162/10 122/163/148
f 182/164/12 121/140/126 136/160/146
f 115/141/127 114/136/124 129/161/147 130/165/149
f 108/142/128 107/138/125 122/163/148 123/166/150
f 116/143/129 115/141/127 130/165/149 131/167/151
f 109/144/130 108/142/128 123/166/150 124/168/152
f 117/145/131 116/143/129 131/167/151 132/152/138
f 110/146/132 109/144/130 124/168/152 125/154/140
f 182/169/12 136/160/146 151/170/153
f 130/165/149 129/161/147 144/171/154 145/172/155
f 123/166/150 122/163/148 137/173/156 138/174/157
f 131/167/151 130/165/149 145/172/155 146/175/158
f 124/168/152 123/166/150 138/174/157 139/176/159
f 132/152/138 131/167/151 146/175/158 147/177/160
f 125/154/140 124/168/152 139/176/159 140/178/161
f 133/153/139 132/152/138 147/177/160 148/179/162
f 126/155/141 125/154/140 140/178/161 141/180/163
f 134/156/142 133/153/139 148/179/162 149/181/164
f 127/157/143 126/155/141 141/180/163 142/182/165
f 135/158/144 134/156/142 149/181/164 150/183/166
f 128/159/145 127/157/143 142/182/165 143/184/167
f 136/160/146 135/158/144 150/183/166 151/170/153
f 129/161/147 128/159/145 143/184/167 144/171/154
f 122/163/148 213/185/10 137/173/156
f 149/181/164 148/179/162 163/186/168 164/187/169
f 142/182/165 141/180/163 156/188/170 157/189/171
f 150/183/166 149/181/164 164/187/169 165/190/172
f 143/184/167 142/182/165 157/189/171 158/191/173
f 151/170/153 150/183/166 165/190/172 166/192/174
f 144/171/154 143/184/167 158/191/173 159/193/175
f 137/173/156 213/194/10 152/195/176
f 182/196/12 151/170/153 166/192/174
f 145/172/155 144/171/154 159/193/175 160/197/177
f 138/174/157 137/173/156 152/195/176 153/198/178
f 146/175/158 145/172/155 160/197/177 161/199/179
f 139/176/159 138/174/157 153/198/178 154/200/180
f 147/177/160 146/175/158 161/199/179 162/201/181
f 140/178/161 139/176/159 154/200/180 155/202/182
f 148/179/162 147/177/160 162/201/181 163/186/168
f 141/180/163 140/178/161 155/202/182 156/188/170
f 153/198/178 152/195/176 167/203/183 168/204/184
f 161/199/179 160/197/177 175/205/185 176/206/186
f 154/200/180 153/198/178 168/204/184 169/207/187
f 162/201/181 161/199/179 176/206/186 177/208/188
f 155/202/182 154/200/180 169/207/187 170/209/189
f 163/186/168 162/201/181 177/208/188 178/210/190
f 156/188/170 155/202/182 170/209/189 171/211/191
f 164/187/169 163/186/168 178/210/190 179/212/192
f 157/189/171 156/188/170 171/211/191 172/213/193
f 165/190/172 164/187/169 179/212/192 180/214/194
f 158/191/173 157/189/171 172/213/193 173/215/195
f 166/192/174 165/190/172 180/214/194 181/216/196
f 159/193/175 158/191/173 173/215/195 174/217/197
f 152/195/176 213/218/10 167/203/183
f 182/219/12 166/192/174 181/216/196
f 160/197/177 159/193/175 174/217/197 175/205/185
f 172/213/193 171/211/191 187/220/198 188/221/199
f 180/214/194 179/212/192 195/222/200 196/223/201
f 173/215/195 172/213/193 188/221/199 189/224/202
f 181/216/196 180/214/194 196/223/201 197/225/203
f 174/217/197 173/215/195 189/224/202 190/226/204
f 167/203/183 213/227/10 183/228/205
f 182/229/12 181/216/196 197/225/203
f 175/205/185 174/217/197 190/226/204 191/230/206
f 168/204/184 167/203/183 183/228/205 184/231/207
f 176/206/186 175/205/185 191/230/206 192/232/208
f 169/207/187 168/204/184 184/231/207 185/233/209
f 177/208/188 176/206/186 192/232/208 193/234/210
f 170/209/189 169/207/187 185/233/209 186/235/211
f 178/210/190 177/208/188 193/234/210 194/236/212
f 171/211/191 170/209/189 186/235/211 187/220/198
f 179/212/192 178/210/190 194/236/212 195/222/200
f 192/232/208 191/230/206 206/237/213 207/238/214
f 185/233/209 184/231/207 199/239/215 200/240/216
f 193/234/210 192/232/208 207/238/214 208/241/217
f 186/235/211 185/233/209 200/240/216 201/242/218
f 194/236/212 193/234/210 208/241/217 209/243/219
f 187/220/198 186/235/211 201/242/218 202/244/220
f 195/222/200 194/236/212 209/243/219 210/245/221
f 188/221/199 187/220/198 202/244/220 203/246/222
f 196/223/201 195/222/200 210/245/221 211/247/223
f 189/224/202 188/221/199 203/246/222 204/248/224
f 197/225/203 196/223/201 211/247/223 212/249/225
f 190/226/204 189/224/202 204/248/224 205/250/226
f 183/228/205 213/251/10 198/252/227
f 182/253/12 197/225/203 212/249/225
f 191/230/206 190/226/204 205/250/226 206/237/213
f 184/231/207 183/228/205 198/252/227 199/239/215
f 211/247/223 210/245/221 226/254/228 227/255/229
f 204/248/224 203/246/222 219/256/230 220/257/231
f 212/249/225 211/247/223 227/255/229 228/258/232
f 205/250/226 204/248/224 220/257/231 221/259/233
f 198/252/227 213/260/10 214/261/234
f 182/262/12 212/249/225 228/258/232
f 206/237/213 205/250/226 221/259/233 222/263/235
f 199/239/215 198/252/227 214/261/234 215/264/236
f 207/238/214 206/237/213 222/263/235 223/265/237
f 200/240/216 199/239/215 215/264/236 216/266/238
f 208/241/217 207/238/214 223/265/237 224/267/239
f 201/242/218 200/240/216 216/266/238 217/268/240
f 209/243/219 208/241/217 224/267/239 225/269/241
f 202/244/220 201/242/218 217/268/240 218/270/242
f 210/245/221 209/243/219 225/269/241 226/254/228
f 203/246/222 202/244/220 218/270/242 219/256/230
f 216/271/238 215/272/236 230/273/243 231/274/244
f 224/275/239 223/276/237 238/277/245 239/278/246
f 217/279/240 216/271/238 231/274/244 232/280/247
f 225/281/241 224/275/239 239/278/246 240/282/248
f 218/283/242 217/279/240 232/280/247 233/284/249
f 226/285/228 225/281/241 240/282/248 241/286/250
f 219/287/230 218/283/242 233/284/249 234/288/251
f 227/289/229 226/285/228 241/286/250 242/290/252
f 220/291/231 219/287/230 234/288/251 235/292/253
f 228/293/232 227/289/229 242/290/252 243/294/254
f 221/295/233 220/291/231 235/292/253 236/296/255
f 214/297/234 213/298/10 229/299/256
f 182/300/12 228/293/232 243/294/254
f 222/301/235 221/295/233 236/296/255 237/302/257
f 215/272/236 214/297/234 229/299/256 230/273/243
f 223/276/237 222/301/235 237/302/257 238/277/245
f 235/292/253 234/288/251 249/303/258 250/304/259
f 243/294/254 242/290/252 257/305/260 258/306/261
f 236/296/255 235/292/253 250/304/259 251/307/262
f 229/299/256 213/308/10 244/309/263
f 182/310/12 243/294/254 258/306/261
f 237/302/257 236/296/255 251/307/262 252/311/264
f 230/273/243 229/299/256 244/309/263 245/312/265
f 238/277/245 237/302/257 252/311/264 253/313/266
f 231/274/244 230/273/243 245/312/265 246/314/267
f 239/278/246 238/277/245 253/313/266 254/315/268
f 232/280/247 231/274/244 246/314/267 247/316/269
f 240/282/248 239/278/246 254/315/268 255/317/270
f 233/284/249 232/280/247 247/316/269 248/318/271
f 241/286/250 240/282/248 255/317/270 256/319/272
f 234/288/251 233/284/249 248/318/271 249/303/258
f 242/290/252 241/286/250 256/319/272 257/305/260
f 254/315/268 253/313/266 268/320/273 269/321/274
f 247/316/269 246/314/267 261/322/275 262/323/276
f 255/317/270 254/315/268 269/321/274 270/324/277
f 248/318/271 247/316/269 262/323/276 263/325/278
f 256/319/272 255/317/270 270/324/277 271/326/279
f 249/303/258 248/318/271 263/325/278 264/327/280
f 257/305/260 256/319/272 271/326/279 272/328/281
f 250/304/259 249/303/258 264/327/280 265/329/282
f 258/306/261 257/305/260 272/328/281 273/330/283
f 251/307/262 250/304/259 265/329/282 266/331/284
f 244/309/263 213/332/10 259/333/285
f 182/334/12 258/306/261 273/330/283
f 252/311/264 251/307/262 266/331/284 267/335/286
f 245/312/265 244/309/263 259/333/285 260/336/287
f 253/313/266 252/311/264 267/335/286 268/320/273
f 246/314/267 245/312/265 260/336/287 261/322/275
f 273/330/283 272/328/281 287/337/288 288/338/289
f 266/331/284 265/329/282 280/339/290 281/340/291
f 259/333/285 213/341/10 274/342/292
f 182/343/12 273/330/283 288/338/289
f 267/335/286 266/331/284 281/340/291 282/344/293
f 260/336/287 259/333/285 274/342/292 275/345/294
f 268/320/273 267/335/286 282/344/293 283/346/295
f 261/322/275 260/336/287 275/345/294 276/347/296
f 269/321/274 268/320/273 283/346/295 284/348/297
f 262/323/276 261/322/275 276/347/296 277/349/298
f 270/324/277 269/321/274 284/348/297 285/350/299
f 263/325/278 262/323/276 277/349/298 278/351/300
f 271/326/279 270/324/277 285/350/299 286/352/301
f 264/327/280 263/325/278 278/351/300 279/353/302
f 272/328/281 271/326/279 286/352/301 287/337/288
f 265/329/282 264/327/280 279/353/302 280/339/290
f 285/350/299 284/348/297 299/21/21 300/25/25
f 278/351/300 277/349/298 292/23/23 293/27/27
f 286/352/301 285/350/299 300/25/25 301/29/29
f 279/353/302 278/351/300 293/27/27 294/31/31
f 287/337/288 286/352/301 301/29/29 302/2/2
f 280/339/290 279/353/302 294/31/31 295/6/6
f 288/338/289 287/337/288 302/2/2 1/1/1
f 281/340/291 280/339/290 295/6/6 296/5/5
f 274/342/292 213/354/10 289/9/9
f 182/355/12 288/338/289 1/1/1
f 282/344/293 281/340/291 296/5/5 297/13/13
f 275/345/294 274/342/292 289/9/9 290/15/15
f 283/346/295 282/344/293 297/13/13 298/17/17
f 276/347/296 275/345/294 290/15/15 291/19/19
f 284/348/297 283/346/295 298/17/17 299/21/21
f 277/349/298 276/347/296 291/19/19 292/23/23
s 0
f 303/139/233 304/65/233 306/356/233 305/357/233
f 305/357/5 306/356/5 310/358/5 309/359/5
f 309/359/89 310/358/89 308/360/89 307/361/89
f 307/361/154 308/360/154 304/63/154 303/137/154
f 305/362/12 309/359/12 307/361/12 303/363/12
f 310/358/10 306/364/10 304/365/10 308/360/10
f 531/139/233 532/65/233 534/356/233 533/357/233
f 533/357/5 534/356/5 538/358/5 537/359/5
f 537/359/89 538/358/89 536/360/89 535/361/89
f 535/361/154 536/360/154 532/63/154 531/137/154
f 533/362/12 537/359/12 535/361/12 531/363/12
f 538/358/10 534/364/10 532/365/10 536/360/10
f 539/139/233 540/65/233 542/356/233 541/357/233
f 541/357/5 542/356/5 546/358/5 545/359/5
f 545/359/89 546/358/89 544/360/89 543/361/89
f 543/361/154 544/360/154 540/63/154 539/137/154
f 541/362/12 545/359/12 543/361/12 539/363/12
f 546/358/10 542/364/10 540/365/10 544/360/10
f 547/139/233 548/65/233 550/356/233 549/357/233
f 549/357/5 550/356/5 554/358/5 553/359/5
f 553/359/89 554/358/89 552/360/89 551/361/89
f 551/361/154 552/360/154 548/63/154 547/137/154
f 549/362/12 553/359/12 551/361/12 547/363/12
f 554/358/10 550/364/10 548/365/10 552/360/10
f 555/139/233 556/65/233 558/356/233 557/357/233
f 557/357/5 558/356/5 562/358/5 561/359/5
f 561/359/89 562/358/89 560/360/89 559/361/89
f 559/361/154 560/360/154 556/63/154 555/137/154
f 557/362/12 561/359/12 559/361/12 555/363/12
f 562/358/10 558/364/10 556/365/10 560/360/10
f 563/139/233 564/65/233 566/356/233 565/357/233
f 565/357/5 566/356/5 570/358/5 569/359/5
f 569/359/89 570/358/89 568/360/89 567/361/89
f 567/361/154 568/360/154 564/63/154 563/137/154
f 565/362/12 569/359/12 567/361/12 563/363/12
f 570/358/10 566/364/10 564/365/10 568/360/10
f 571/139/233 572/65/233 574/356/233 573/357/233
f 573/357/5 574/356/5 578/358/5 577/359/5
f 577/359/89 578/358/89 576/360/89 575/361/89
f 575/361/154 576/360/154 572/63/154 571/137/154
f 573/362/12 577/359/12 575/361/12 571/363/12
f 578/358/10 574/364/10 572/365/10 576/360/10
f 579/139/233 580/65/233 582/356/233 581/357/233
f 581/357/5 582/356/5 586/358/5 585/359/5
f 585/359/89 586/358/89 584/360/89 583/361/89
f 583/361/154 584/360/154 580/63/154 579/137/154
f 581/362/12 585/359/12 583/361/12 579/363/12
f 586/358/10 582/364/10 580/365/10 584/360/10
f 587/139/233 588/65/233 590/356/233 589/357/233
f 589/357/5 590/356/5 594/358/5 593/359/5
f 593/359/89 594/358/89 592/360/89 591/361/89
f 591/361/154 592/360/154 588/63/154 587/137/154
f 589/362/12 593/359/12 591/361/12 587/363/12
f 594/358/10 590/364/10 588/365/10 592/360/10
f 595/139/233 596/65/233 598/356/233 597/357/233
f 597/357/5 598/356/5 602/358/5 601/359/5
f 601/359/89 602/358/89 600/360/89 599/361/89
f 599/361/154 600/360/154 596/63/154 595/137/154
f 597/362/12 601/359/12 599/361/12 595/363/12
f 602/358/10 598/364/10 596/365/10 600/360/10
s 1
f 781/295/579 782/710/580 784/711/581 783/712/582
f 783/712/582 784/711/581 786/332/583 785/364/584
f 785/364/584 786/332/583 788/713/585 787/714/586
f 787/714/586 788/713/585 790/715/587 789/5/588
f 789/5/588 790/715/587 792/716/589 791/512/590
f 791/512/590 792/716/589 794/63/591 793/358/592
f 793/358/592 794/63/591 796/717/593 795/535/594
f 795/535/594 796/717/593 798/718/595 797/95/596
f 797/95/596 798/718/595 800/719/597 799/720/598
f 799/720/598 800/719/597 802/137/599 801/359/600
f 801/359/600 802/137/599 804/721/601 803/722/602
f 803/722/602 804/721/601 806/723/603 805/171/604
f 805/171/604 806/723/603 808/724/605 807/725/606
f 807/725/606 808/724/605 810/454/607 809/362/608
f 784/726/581 782/727/580 812/728/609 810/729/607 808/730/605 806/731/603 804/732/601 802/733/599 800/734/597 798/735/595 796/736/593 794/737/591 792/738/589 790/739/587 788/740/585 786/741/583
f 809/362/608 810/454/607 812/742/609 811/635/610
f 811/635/610 812/742/609 782/743/580 781/457/579
f 781/744/579 783/745/582 785/746/584 787/747/586 789/748/588 791/749/590 793/750/592 795/751/594 797/752/596 799/753/598 801/754/600 803/755/602 805/756/604 807/757/606 809/758/608 811/759/610
f 1205/295/751 1206/710/752 1208/923/753 1207/924/754
f 1207/924/754 1208/923/753 1210/925/755 1209/926/756
f 1209/926/756 1210/925/755 1212/927/757 1211/928/758
f 1211/928/758 1212/927/757 1214/929/759 1213/930/760
f 1213/930/760 1214/929/759 1216/931/761 1215/932/762
f 1215/932/762 1216/931/761 1218/933/763 1217/934/764
f 1217/934/764 1218/933/763 1220/935/765 1219/936/766
f 1219/936/766 1220/935/765 1222/937/767 1221/938/768
f 1221/938/768 1222/937/767 1224/939/769 1223/940/770
f 1223/940/770 1224/939/769 1226/941/771 1225/942/772
f 1225/942/772 1226/941/771 1228/943/773 1227/944/774
f 1227/944/774 1228/943/773 1230/945/775 1229/946/776
f 1208/947/753 1206/727/752 1232/981/777 1230/949/775 1228/975/773 1226/976/771 1224/952/769 1222/982/767 1220/977/765 1218/954/763 1216/955/761 1214/978/759 1212/979/757 1210/958/755
f 1229/946/776 1230/945/775 1232/959/777 1231/960/778
f 1231/960/778 1232/959/777 1206/961/752 1205/962/751
f 1205/744/751 1207/963/754 1209/964/756 1211/965/758 1213/966/760 1215/967/762 1217/968/764 1219/980/766 1221/969/768 1223/970/770 1225/971/772 1227/972/774 1229/973/776 1231/974/778
f 1233/295/751 1234/710/752 1236/923/753 1235/924/754
f 1235/924/754 1236/923/753 1238/925/755 1237/926/756
f 1237/926/756 1238/925/755 1240/927/757 1239/928/758
f 1239/928/758 1240/927/757 1242/929/759 1241/930/760
f 1241/930/760 1242/929/759 1244/931/761 1243/932/762
f 1243/932/762 1244/931/761 1246/933/763 1245/934/764
f 1245/934/764 1246/933/763 1248/935/765 1247/936/766
f 1247/936/766 1248/935/765 1250/937/767 1249/938/768
f 1249/938/768 1250/937/767 1252/939/769 1251/940/770
f 1251/940/770 1252/939/769 1254/941/771 1253/942/772
f 1253/942/772 1254/941/771 1256/943/773 1255/944/774
f 1255/944/774 1256/943/773 1258/945/775 1257/946/776
f 1236/947/753 1234/727/752 1260/948/777 1258/983/775 1256/984/773 1254/985/771 1252/986/769 1250/953/767 1248/735/765 1246/954/763 1244/955/761 1242/956/759 1240/957/757 1238/958/755
f 1257/946/776 1258/945/775 1260/959/777 1259/960/778
f 1259/960/778 1260/959/777 1234/961/752 1233/962/751
f 1233/744/751 1235/963/754 1237/964/756 1239/965/758 1241/966/760 1243/967/762 1245/968/764 1247/752/766 1249/969/768 1251/970/770 1253/971/772 1255/972/774 1257/973/776 1259/974/778
f 1541/295/751 1542/710/752 1544/923/753 1543/924/754
f 1543/924/754 1544/923/753 1546/925/755 1545/926/756
f 1545/926/756 1546/925/755 1548/927/757 1547/928/758
f 1547/928/758 1548/927/757 1550/929/759 1549/930/760
f 1549/930/760 1550/929/759 1552/931/761 1551/932/762
f 1551/932/762 1552/931/761 1554/933/763 1553/934/764
f 1553/934/764 1554/933/763 1556/935/765 1555/936/766
f 1555/936/766 1556/935/765 1558/937/767 1557/938/768
f 1557/938/768 1558/937/767 1560/939/769 1559/940/770
f 1559/940/770 1560/939/769 1562/941/771 1561/942/772
f 1561/942/772 1562/941/771 1564/943/773 1563/944/774
f 1563/944/774 1564/943/773 1566/945/775 1565/946/776
f 1544/947/753 1542/727/752 1568/981/777 1566/949/775 1564/975/773 1562/976/771 1560/952/769 1558/982/767 1556/977/765 1554/954/763 1552/955/761 1550/978/759 1548/979/757 1546/958/755
f 1565/946/776 1566/945/775 1568/959/777 1567/960/778
f 1567/960/778 1568/959/777 1542/961/752 1541/962/751
f 1541/744/751 1543/963/754 1545/964/756 1547/965/758 1549/966/760 1551/967/762 1553/968/764 1555/980/766 1557/969/768 1559/970/770 1561/971/772 1563/972/774 1565/973/776 1567/974/778
f 1569/295/751 1570/710/752 1572/923/753 1571/924/754
f 1571/924/754 1572/923/753 1574/925/755 1573/926/756
f 1573/926/756 1574/925/755 1576/927/757 1575/928/758
f 1575/928/758 1576/927/757 1578/929/759 1577/930/760
f 1577/930/760 1578/929/759 1580/931/761 1579/932/762
f 1579/932/762 1580/931/761 1582/933/763 1581/934/764
f 1581/934/764 1582/933/763 1584/935/765 1583/936/766
f 1583/936/766 1584/935/765 1586/937/767 1585/938/768
f 1585/938/768 1586/937/767 1588/939/769 1587/940/770
f 1587/940/770 1588/939/769 1590/941/771 1589/942/772
f 1589/942/772 1590/941/771 1592/943/773 1591/944/774
f 1591/944/774 1592/943/773 1594/945/775 1593/946/776
f 1572/947/753 1570/727/752 1596/948/777 1594/983/775 1592/984/773 1590/985/771 1588/986/769 1586/953/767 1584/735/765 1582/954/763 1580/955/761 1578/956/759 1576/957/757 1574/958/755
f 1593/946/776 1594/945/775 1596/959/777 1595/960/778
f 1595/960/778 1596/959/777 1570/961/752 1569/962/751
f 1569/744/751 1571/963/754 1573/964/756 1575/965/758 1577/966/760 1579/967/762 1581/968/764 1583/752/766 1585/969/768 1587/970/770 1589/971/772 1591/972/774 1593/973/776 1595/974/778
usemtl Mat_HumanEyes
f 420/366/303 419/367/304 318/368/305 319/369/306
f 417/370/307 416/5/5 315/371/308 316/372/309
f 414/373/310 413/374/311 312/375/312 313/376/313
f 374/377/12 420/366/303 319/369/306
f 418/378/314 417/370/307 316/372/309 317/379/315
f 415/380/316 414/373/310 313/376/313 314/381/317
f 412/382/318 384/383/10 311/384/319
f 419/367/304 418/378/314 317/379/315 318/368/305
f 416/5/5 415/380/316 314/381/317 315/371/308
f 413/374/311 412/382/318 311/384/319 312/375/312
f 316/372/309 315/371/308 324/385/320 325/386/321
f 313/376/313 312/375/312 321/387/322 322/388/323
f 374/65/12 319/369/306 328/389/324
f 317/379/315 316/372/309 325/386/321 326/390/325
f 314/381/317 313/376/313 322/388/323 323/391/326
f 311/384/319 384/63/10 320/392/327
f 318/368/305 317/379/315 326/390/325 327/393/328
f 315/371/308 314/381/317 323/391/326 324/385/320
f 312/375/312 311/384/319 320/392/327 321/387/322
f 319/369/306 318/368/305 327/393/328 328/389/324
f 321/387/322 320/392/327 329/394/329 330/395/330
f 328/389/324 327/393/328 336/396/331 337/397/332
f 325/386/321 324/385/320 333/95/89 334/398/333
f 322/388/323 321/387/322 330/395/330 331/399/334
f 374/400/12 328/389/324 337/397/332
f 326/390/325 325/386/321 334/398/333 335/401/335
f 323/391/326 322/388/323 331/399/334 332/402/336
f 320/392/327 384/403/10 329/394/329
f 327/393/328 326/390/325 335/401/335 336/396/331
f 324/385/320 323/391/326 332/402/336 333/95/89
f 336/396/331 335/401/335 344/404/337 345/405/338
f 333/95/89 332/402/336 341/406/339 342/407/340
f 330/395/330 329/394/329 338/408/341 339/409/342
f 337/397/332 336/396/331 345/405/338 346/410/343
f 334/398/333 333/95/89 342/407/340 343/411/344
f 331/399/334 330/395/330 339/409/342 340/412/345
f 374/413/12 337/397/332 346/410/343
f 335/401/335 334/398/333 343/411/344 344/404/337
f 332/402/336 331/399/334 340/412/345 341/406/339
f 329/394/329 384/414/10 338/408/341
f 341/406/339 340/412/345 349/415/346 350/416/347
f 338/408/341 384/137/10 347/417/348
f 345/405/338 344/404/337 353/418/349 354/419/350
f 342/407/340 341/406/339 350/416/347 351/420/351
f 339/409/342 338/408/341 347/417/348 348/421/352
f 346/410/343 345/405/338 354/419/350 355/422/353
f 343/411/344 342/407/340 351/420/351 352/423/354
f 340/412/345 339/409/342 348/421/352 349/415/346
f 374/139/12 346/410/343 355/422/353
f 344/404/337 343/411/344 352/423/354 353/418/349
f 353/418/349 352/423/354 361/424/355 362/425/356
f 350/416/347 349/415/346 358/426/357 359/427/358
f 347/417/348 384/428/10 356/429/359
f 354/419/350 353/418/349 362/425/356 363/430/360
f 351/420/351 350/416/347 359/427/358 360/171/154
f 348/421/352 347/417/348 356/429/359 357/431/361
f 355/422/353 354/419/350 363/430/360 364/432/362
f 352/423/354 351/420/351 360/171/154 361/424/355
f 349/415/346 348/421/352 357/431/361 358/426/357
f 374/433/12 355/422/353 364/432/362
f 358/426/357 357/431/361 366/434/363 367/435/364
f 374/436/12 364/432/362 373/437/365
f 362/425/356 361/424/355 370/438/366 371/439/367
f 359/427/358 358/426/357 367/435/364 368/440/368
f 356/429/359 384/441/10 365/442/369
f 363/430/360 362/425/356 371/439/367 372/443/370
f 360/171/154 359/427/358 368/440/368 369/444/371
f 357/431/361 356/429/359 365/442/369 366/434/363
f 364/432/362 363/430/360 372/443/370 373/437/365
f 361/424/355 360/171/154 369/444/371 370/438/366
f 373/437/365 372/443/370 382/445/372 383/446/373
f 370/438/366 369/444/371 379/447/374 380/448/375
f 367/435/364 366/434/363 376/449/376 377/450/377
f 374/451/12 373/437/365 383/446/373
f 371/439/367 370/438/366 380/448/375 381/452/378
f 368/440/368 367/435/364 377/450/377 378/453/379
f 365/442/369 384/454/10 375/455/380
f 372/443/370 371/439/367 381/452/378 382/445/372
f 369/444/371 368/440/368 378/453/379 379/447/374
f 366/434/363 365/442/369 375/455/380 376/449/376
f 379/447/374 378/453/379 388/456/381 389/457/233
f 376/449/376 375/455/380 385/458/382 386/459/383
f 383/446/373 382/445/372 392/460/384 393/461/385
f 380/448/375 379/447/374 389/457/233 390/462/386
f 377/450/377 376/449/376 386/459/383 387/463/387
f 374/464/12 383/446/373 393/461/385
f 381/452/378 380/448/375 390/462/386 391/465/388
f 378/453/379 377/450/377 387/463/387 388/456/381
f 375/455/380 384/466/10 385/458/382
f 382/445/372 381/452/378 391/465/388 392/460/384
f 385/467/382 384/468/10 394/469/389
f 392/470/384 391/471/388 400/472/390 401/473/391
f 389/295/233 388/474/381 397/475/392 398/476/393
f 386/477/383 385/467/382 394/469/389 395/478/394
f 393/479/385 392/470/384 401/473/391 402/480/395
f 390/481/386 389/295/233 398/476/393 399/482/396
f 387/483/387 386/477/383 395/478/394 396/484/397
f 374/485/12 393/479/385 402/480/395
f 391/471/388 390/481/386 399/482/396 400/472/390
f 388/474/381 387/483/387 396/484/397 397/475/392
f 397/475/392 396/484/397 405/486/398 406/487/399
f 394/469/389 384/332/10 403/488/400
f 401/473/391 400/472/390 409/489/401 410/490/402
f 398/476/393 397/475/392 406/487/399 407/491/403
f 395/478/394 394/469/389 403/488/400 404/492/404
f 402/480/395 401/473/391 410/490/402 411/493/405
f 399/482/396 398/476/393 407/491/403 408/494/406
f 396/484/397 395/478/394 404/492/404 405/486/398
f 374/334/12 402/480/395 411/493/405
f 400/472/390 399/482/396 408/494/406 409/489/401
f 374/495/12 411/493/405 420/366/303
f 409/489/401 408/494/406 417/370/307 418/378/314
f 406/487/399 405/486/398 414/373/310 415/380/316
f 403/488/400 384/496/10 412/382/318
f 410/490/402 409/489/401 418/378/314 419/367/304
f 407/491/403 406/487/399 415/380/316 416/5/5
f 404/492/404 403/488/400 412/382/318 413/374/311
f 411/493/405 410/490/402 419/367/304 420/366/303
f 408/494/406 407/491/403 416/5/5 417/370/307
f 405/486/398 404/492/404 413/374/311 414/373/310
f 522/382/318 494/383/10 421/384/319
f 529/367/304 528/378/314 427/379/315 428/368/305
f 526/5/5 525/380/316 424/381/317 425/371/308
f 523/374/311 522/382/318 421/384/319 422/375/312
f 530/366/303 529/367/304 428/368/305 429/369/306
f 527/370/307 526/5/5 425/371/308 426/372/309
f 524/373/310 523/374/311 422/375/312 423/376/313
f 484/377/12 530/366/303 429/369/306
f 528/378/314 527/370/307 426/372/309 427/379/315
f 525/380/316 524/373/310 423/376/313 424/381/317
f 421/384/319 494/63/10 430/392/327
f 428/368/305 427/379/315 436/390/325 437/393/328
f 425/371/308 424/381/317 433/391/326 434/385/320
f 422/375/312 421/384/319 430/392/327 431/387/322
f 429/369/306 428/368/305 437/393/328 438/389/324
f 426/372/309 425/371/308 434/385/320 435/386/321
f 423/376/313 422/375/312 431/387/322 432/388/323
f 484/65/12 429/369/306 438/389/324
f 427/379/315 426/372/309 435/386/321 436/390/325
f 424/381/317 423/376/313 432/388/323 433/391/326
f 433/391/326 432/388/323 441/399/334 442/402/336
f 430/392/327 494/403/10 439/394/329
f 437/393/328 436/390/325 445/401/335 446/396/331
f 434/385/320 433/391/326 442/402/336 443/95/89
f 431/387/322 430/392/327 439/394/329 440/395/330
f 438/389/324 437/393/328 446/396/331 447/397/332
f 435/386/321 434/385/320 443/95/89 444/398/333
f 432/388/323 431/387/322 440/395/330 441/399/334
f 484/400/12 438/389/324 447/397/332
f 436/390/325 435/386/321 444/398/333 445/401/335
f 484/413/12 447/397/332 456/410/343
f 445/401/335 444/398/333 453/411/344 454/404/337
f 442/402/336 441/399/334 450/412/345 451/406/339
f 439/394/329 494/414/10 448/408/341
f 446/396/331 445/401/335 454/404/337 455/405/338
f 443/95/89 442/402/336 451/406/339 452/407/340
f 440/395/330 439/394/329 448/408/341 449/409/342
f 447/397/332 446/396/331 455/405/338 456/410/343
f 444/398/333 443/95/89 452/407/340 453/411/344
f 441/399/334 440/395/330 449/409/342 450/412/345
f 453/411/344 452/407/340 461/420/351 462/423/354
f 450/412/345 449/409/342 458/421/352 459/415/346
f 484/139/12 456/410/343 465/422/353
f 454/404/337 453/411/344 462/423/354 463/418/349
f 451/406/339 450/412/345 459/415/346 460/416/347
f 448/408/341 494/137/10 457/417/348
f 455/405/338 454/404/337 463/418/349 464/419/350
f 452/407/340 451/406/339 460/416/347 461/420/351
f 449/409/342 448/408/341 457/417/348 458/421/352
f 456/410/343 455/405/338 464/419/350 465/422/353
f 458/421/352 457/417/348 466/429/359 467/431/361
f 465/422/353 464/419/350 473/430/360 474/432/362
f 462/423/354 461/420/351 470/171/154 471/424/355
f 459/415/346 458/421/352 467/431/361 468/426/357
f 484/433/12 465/422/353 474/432/362
f 463/418/349 462/423/354 471/424/355 472/425/356
f 460/416/347 459/415/346 468/426/357 469/427/358
f 457/417/348 494/428/10 466/429/359
f 464/419/350 463/418/349 472/425/356 473/430/360
f 461/420/351 460/416/347 469/427/358 470/171/154
f 470/171/154 469/427/358 478/440/368 479/444/371
f 467/431/361 466/429/359 475/442/369 476/434/363
f 474/432/362 473/430/360 482/443/370 483/437/365
f 471/424/355 470/171/154 479/444/371 480/438/366
f 468/426/357 467/431/361 476/434/363 477/435/364
f 484/436/12 474/432/362 483/437/365
f 472/425/356 471/424/355 480/438/366 481/439/367
f 469/427/358 468/426/357 477/435/364 478/440/368
f 466/429/359 494/441/10 475/442/369
f 473/430/360 472/425/356 481/439/367 482/443/370
f 475/442/369 494/454/10 485/455/380
f 482/443/370 481/439/367 491/452/378 492/445/372
f 479/444/371 478/440/368 488/453/379 489/447/374
f 476/434/363 475/442/369 485/455/380 486/449/376
f 483/437/365 482/443/370 492/445/372 493/446/373
f 480/438/366 479/444/371 489/447/374 490/448/375
f 477/435/364 476/434/363 486/449/376 487/450/377
f 484/451/12 483/437/365 493/446/373
f 481/439/367 480/438/366 490/448/375 491/452/378
f 478/440/368 477/435/364 487/450/377 488/453/379
f 491/452/378 490/448/375 500/462/386 501/465/388
f 488/453/379 487/450/377 497/463/387 498/456/381
f 485/455/380 494/466/10 495/458/382
f 492/445/372 491/452/378 501/465/388 502/460/384
f 489/447/374 488/453/379 498/456/381 499/457/233
f 486/449/376 485/455/380 495/458/382 496/459/383
f 493/446/373 492/445/372 502/460/384 503/461/385
f 490/448/375 489/447/374 499/457/233 500/462/386
f 487/450/377 486/449/376 496/459/383 497/463/387
f 484/464/12 493/446/373 503/461/385
f 497/483/387 496/477/383 505/478/394 506/484/397
f 484/485/12 503/479/385 512/480/395
f 501/471/388 500/481/386 509/482/396 510/472/390
f 498/474/381 497/483/387 506/484/397 507/475/392
f 495/467/382 494/468/10 504/469/389
f 502/470/384 501/471/388 510/472/390 511/473/391
f 499/295/233 498/474/381 507/475/392 508/476/393
f 496/477/383 495/467/382 504/469/389 505/478/394
f 503/479/385 502/470/384 511/473/391 512/480/395
f 500/481/386 499/295/233 508/476/393 509/482/396
f 509/482/396 508/476/393 517/491/403 518/494/406
f 506/484/397 505/478/394 514/492/404 515/486/398
f 484/334/12 512/480/395 521/493/405
f 510/472/390 509/482/396 518/494/406 519/489/401
f 507/475/392 506/484/397 515/486/398 516/487/399
f 504/469/389 494/332/10 513/488/400
f 511/473/391 510/472/390 519/489/401 520/490/402
f 508/476/393 507/475/392 516/487/399 517/491/403
f 505/478/394 504/469/389 513/488/400 514/492/404
f 512/480/395 511/473/391 520/490/402 521/493/405
f 514/492/404 513/488/400 522/382/318 523/374/311
f 521/493/405 520/490/402 529/367/304 530/366/303
f 518/494/406 517/491/403 526/5/5 527/370/307
f 515/486/398 514/492/404 523/374/311 524/373/310
f 484/495/12 521/493/405 530/366/303
f 519/489/401 518/494/406 527/370/307 528/378/314
f 516/487/399 515/486/398 524/373/310 525/380/316
f 513/488/400 494/496/10 522/382/318
f 520/490/402 519/489/401 528/378/314 529/367/304
f 517/491/403 516/487/399 525/380/316 526/5/5
usemtl Mat_Hair
f 606/497/407 605/498/408 615/499/409 616/500/410
f 712/501/12 611/502/411 622/503/412
f 604/504/413 603/505/414 612/506/415 613/507/416
f 780/508/417 609/509/418 619/510/419 620/511/420
f 607/5/5 606/497/407 616/500/410 617/512/421
f 779/513/422 604/504/413 613/507/416 614/514/423
f 610/515/424 780/508/417 620/511/420 621/516/425
f 608/517/426 607/5/5 617/512/421 618/518/427
f 605/498/408 779/513/422 614/514/423 615/499/409
f 611/502/411 610/515/424 621/516/425 622/503/412
f 603/505/414 623/519/10 612/506/415
f 609/509/418 608/517/426 618/518/427 619/510/419
f 621/516/425 620/511/420 632/356/428 633/520/429
f 618/518/427 617/512/421 629/358/430 630/521/431
f 615/499/409 614/514/423 626/360/432 627/522/433
f 622/503/412 621/516/425 633/520/429 634/523/434
f 612/506/415 623/524/10 624/525/435
f 619/510/419 618/518/427 630/521/431 631/526/436
f 616/500/410 615/499/409 627/522/433 628/527/437
f 712/528/12 622/503/412 634/523/434
f 613/507/416 612/506/415 624/525/435 625/529/438
f 620/511/420 619/510/419 631/526/436 632/356/428
f 617/512/421 616/500/410 628/527/437 629/358/430
f 614/514/423 613/507/416 625/529/438 626/360/432
f 625/529/438 624/525/435 635/530/439 636/531/440
f 632/356/428 631/526/436 642/532/441 643/533/442
f 629/358/430 628/527/437 639/534/443 640/535/444
f 626/360/432 625/529/438 636/531/440 637/536/445
f 633/520/429 632/356/428 643/533/442 644/537/446
f 630/521/431 629/358/430 640/535/444 641/538/447
f 627/522/433 626/360/432 637/536/445 638/539/448
f 634/523/434 633/520/429 644/537/446 645/540/449
f 624/525/435 623/541/10 635/530/439
f 631/526/436 630/521/431 641/538/447 642/532/441
f 628/527/437 627/522/433 638/539/448 639/534/443
f 712/542/12 634/523/434 645/540/449
f 645/540/449 644/537/446 655/543/450 656/544/451
f 635/530/439 623/545/10 646/546/452
f 642/532/441 641/538/447 652/547/453 653/548/454
f 639/534/443 638/539/448 649/549/455 650/550/456
f 712/551/12 645/540/449 656/544/451
f 636/531/440 635/530/439 646/546/452 647/552/457
f 643/533/442 642/532/441 653/548/454 654/553/458
f 640/535/444 639/534/443 650/550/456 651/554/89
f 637/536/445 636/531/440 647/552/457 648/555/459
f 644/537/446 643/533/442 654/553/458 655/543/450
f 641/538/447 640/535/444 651/554/89 652/547/453
f 638/539/448 637/536/445 648/555/459 649/549/455
f 648/555/459 647/552/457 658/556/460 659/557/461
f 655/543/450 654/553/458 665/558/462 666/559/463
f 652/547/453 651/554/89 662/560/464 663/561/465
f 649/549/455 648/555/459 659/557/461 660/562/466
f 656/544/451 655/543/450 666/559/463 667/563/467
f 646/546/452 623/564/10 657/565/468
f 653/548/454 652/547/453 663/561/465 664/566/469
f 650/550/456 649/549/455 660/562/466 661/567/470
f 712/568/12 656/544/451 667/563/467
f 647/552/457 646/546/452 657/565/468 658/556/460
f 654/553/458 653/548/454 664/566/469 665/558/462
f 651/554/89 650/550/456 661/567/470 662/560/464
f 712/569/12 667/563/467 678/570/471
f 658/556/460 657/565/468 668/571/472 669/572/473
f 665/558/462 664/566/469 675/573/474 676/574/475
f 662/560/464 661/567/470 672/575/476 673/576/477
f 659/557/461 658/556/460 669/572/473 670/577/478
f 666/559/463 665/558/462 676/574/475 677/578/479
f 663/561/465 662/560/464 673/576/477 674/579/480
f 660/562/466 659/557/461 670/577/478 671/580/481
f 667/563/467 666/559/463 677/578/479 678/570/471
f 657/565/468 623/581/10 668/571/472
f 664/566/469 663/561/465 674/579/480 675/573/474
f 661/567/470 660/562/466 671/580/481 672/575/476
f 671/580/481 670/577/478 681/582/482 682/583/483
f 678/570/471 677/578/479 688/584/484 689/585/485
f 668/571/472 623/586/10 679/587/486
f 675/573/474 674/579/480 685/588/487 686/589/488
f 672/575/476 671/580/481 682/583/483 683/590/489
f 712/591/12 678/570/471 689/585/485
f 669/572/473 668/571/472 679/587/486 680/592/490
f 676/574/475 675/573/474 686/589/488 687/593/491
f 673/576/477 672/575/476 683/590/489 684/594/492
f 670/577/478 669/572/473 680/592/490 681/582/482
f 677/578/479 676/574/475 687/593/491 688/584/484
f 674/579/480 673/576/477 684/594/492 685/588/487
f 681/582/482 680/592/490 691/595/493 692/596/494
f 688/584/484 687/593/491 698/597/495 699/598/496
f 685/588/487 684/594/492 695/599/154 696/600/497
f 682/583/483 681/582/482 692/596/494 693/601/498
f 689/585/485 688/584/484 699/598/496 700/602/499
f 679/587/486 623/603/10 690/604/500
f 686/589/488 685/588/487 696/600/497 697/605/501
f 683/590/489 682/583/483 693/601/498 694/606/502
f 712/607/12 689/585/485 700/602/499
f 680/592/490 679/587/486 690/604/500 691/595/493
f 687/593/491 686/589/488 697/605/501 698/597/495
f 684/594/492 683/590/489 694/606/502 695/599/154
f 694/606/502 693/601/498 704/608/503 705/609/504
f 712/610/12 700/602/499 711/611/505
f 691/595/493 690/604/500 701/612/506 702/613/507
f 698/597/495 697/605/501 708/614/508 709/615/509
f 695/599/154 694/606/502 705/609/504 706/616/510
f 692/596/494 691/595/493 702/613/507 703/617/511
f 699/598/496 698/597/495 709/615/509 710/618/512
f 696/600/497 695/599/154 706/616/510 707/619/513
f 693/601/498 692/596/494 703/617/511 704/608/503
f 700/602/499 699/598/496 710/618/512 711/611/505
f 690/604/500 623/620/10 701/612/506
f 697/605/501 696/600/497 707/619/513 708/614/508
f 704/608/503 703/617/511 715/621/514 716/622/515
f 711/611/505 710/618/512 722/623/516 723/624/517
f 701/612/506 623/625/10 713/626/518
f 708/614/508 707/619/513 719/627/519 720/628/520
f 705/609/504 704/608/503 716/622/515 717/629/521
f 712/630/12 711/611/505 723/624/517
f 702/613/507 701/612/506 713/626/518 714/631/522
f 709/615/509 708/614/508 720/628/520 721/632/523
f 706/616/510 705/609/504 717/629/521 718/633/524
f 703/617/511 702/613/507 714/631/522 715/621/514
f 710/618/512 709/615/509 721/632/523 722/623/516
f 707/619/513 706/616/510 718/633/524 719/627/519
f 718/633/524 717/629/521 728/634/525 729/635/526
f 715/621/514 714/631/522 725/636/527 726/637/528
f 722/623/516 721/632/523 732/638/529 733/639/530
f 719/627/519 718/633/524 729/635/526 730/640/531
f 716/622/515 715/621/514 726/637/528 727/641/532
f 723/624/517 722/623/516 733/639/530 734/642/533
f 713/626/518 623/643/10 724/644/534
f 720/628/520 719/627/519 730/640/531 731/645/535
f 717/629/521 716/622/515 727/641/532 728/634/525
f 712/646/12 723/624/517 734/642/533
f 714/631/522 713/626/518 724/644/534 725/636/527
f 721/632/523 720/628/520 731/645/535 732/638/529
f 728/634/525 727/641/532 738/647/536 739/648/537
f 712/649/12 734/642/533 745/650/538
f 725/636/527 724/644/534 735/651/539 736/652/540
f 732/638/529 731/645/535 742/653/541 743/654/542
f 729/635/526 728/634/525 739/648/537 740/457/233
f 726/637/528 725/636/527 736/652/540 737/655/543
f 733/639/530 732/638/529 743/654/542 744/656/544
f 730/640/531 729/635/526 740/457/233 741/657/545
f 727/641/532 726/637/528 737/655/543 738/647/536
f 734/642/533 733/639/530 744/656/544 745/650/538
f 724/644/534 623/658/10 735/651/539
f 731/645/535 730/640/531 741/657/545 742/653/541
f 741/659/545 740/295/233 751/660/546 752/661/547
f 738/662/536 737/663/543 748/664/548 749/665/549
f 745/666/538 744/667/544 755/668/550 756/669/551
f 735/670/539 623/671/10 746/672/552
f 742/673/541 741/659/545 752/661/547 753/674/553
f 739/675/537 738/662/536 749/665/549 750/676/554
f 712/677/12 745/666/538 756/669/551
f 736/678/540 735/670/539 746/672/552 747/679/555
f 743/680/542 742/673/541 753/674/553 754/681/556
f 740/295/233 739/675/537 750/676/554 751/660/546
f 737/663/543 736/678/540 747/679/555 748/664/548
f 744/667/544 743/680/542 754/681/556 755/668/550
f 751/660/546 750/676/554 761/682/557 762/683/558
f 748/664/548 747/679/555 758/684/559 759/685/560
f 755/668/550 754/681/556 765/686/561 766/687/562
f 752/661/547 751/660/546 762/683/558 763/688/563
f 749/665/549 748/664/548 759/685/560 760/689/564
f 756/669/551 755/668/550 766/687/562 767/690/565
f 746/672/552 623/691/10 757/692/566
f 753/674/553 752/661/547 763/688/563 764/693/567
f 750/676/554 749/665/549 760/689/564 761/682/557
f 712/694/12 756/669/551 767/690/565
f 747/679/555 746/672/552 757/692/566 758/684/559
f 754/681/556 753/674/553 764/693/567 765/686/561
f 764/693/567 763/688/563 774/695/568 775/696/569
f 761/682/557 760/689/564 771/697/570 772/698/571
f 712/699/12 767/690/565 778/700/572
f 758/684/559 757/692/566 768/701/573 769/702/574
f 765/686/561 764/693/567 775/696/569 776/703/575
f 762/683/558 761/682/557 772/698/571 773/704/576
f 759/685/560 758/684/559 769/702/574 770/705/577
f 766/687/562 765/686/561 776/703/575 777/706/578
f 763/688/563 762/683/558 773/704/576 774/695/568
f 760/689/564 759/685/560 770/705/577 771/697/570
f 767/690/565 766/687/562 777/706/578 778/700/572
f 757/692/566 623/707/10 768/701/573
f 774/695/568 773/704/576 607/5/5 608/517/426
f 771/697/570 770/705/577 779/513/422 605/498/408
f 778/700/572 777/706/578 610/515/424 611/502/411
f 768/701/573 623/708/10 603/505/414
f 775/696/569 774/695/568 608/517/426 609/509/418
f 772/698/571 771/697/570 605/498/408 606/497/407
f 712/709/12 778/700/572 611/502/411
f 769/702/574 768/701/573 603/505/414 604/504/413
f 776/703/575 775/696/569 609/509/418 780/508/417
f 773/704/576 772/698/571 606/497/407 607/5/5
f 770/705/577 769/702/574 604/504/413 779/513/422
f 777/706/578 776/703/575 780/508/417 610/515/424
s 0
usemtl Mat_CombatShirt
f 813/139/233 814/65/233 816/356/233 815/357/233
f 815/357/5 816/356/5 820/358/5 819/359/5
f 819/359/89 820/358/89 818/360/89 817/361/89
f 817/361/154 818/360/154 814/63/154 813/137/154
f 815/362/12 819/359/12 817/361/12 813/363/12
f 820/358/10 816/364/10 814/365/10 818/360/10
s 1
f 821/295/579 822/710/580 824/711/581 823/712/582
f 823/712/582 824/711/581 826/332/583 825/364/584
f 825/364/584 826/332/583 828/713/585 827/714/586
f 827/714/586 828/713/585 830/715/587 829/5/588
f 829/5/588 830/715/587 832/716/589 831/512/590
f 831/512/590 832/716/589 834/63/591 833/358/592
f 833/358/592 834/63/591 836/717/593 835/535/594
f 835/535/594 836/717/593 838/718/595 837/95/596
f 837/95/596 838/718/595 840/719/597 839/720/598
f 839/720/598 840/719/597 842/137/599 841/359/600
f 841/359/600 842/137/599 844/721/601 843/722/602
f 843/722/602 844/721/601 846/723/603 845/171/604
f 845/171/604 846/723/603 848/724/605 847/725/606
f 847/725/606 848/724/605 850/454/607 849/362/608
f 824/726/581 822/727/580 852/728/609 850/729/607 848/730/605 846/731/603 844/732/601 842/733/599 840/734/597 838/735/595 836/736/593 834/737/591 832/738/589 830/739/587 828/740/585 826/741/583
f 849/362/608 850/454/607 852/742/609 851/635/610
f 851/635/610 852/742/609 822/743/580 821/457/579
f 821/744/579 823/745/582 825/746/584 827/747/586 829/748/588 831/749/590 833/750/592 835/751/594 837/752/596 839/753/598 841/754/600 843/755/602 845/756/604 847/757/606 849/758/608 851/759/610
f 1147/765/627 1023/766/5 1031/767/628 1032/768/629
f 1021/769/630 1146/770/631 1028/771/632 1029/772/633
f 1108/773/12 1025/774/634 1035/775/635
f 1148/776/636 1147/765/627 1032/768/629 1033/777/637
f 1022/778/638 1021/769/630 1029/772/633 1030/779/639
f 1145/780/640 1026/781/10 1027/782/641
f 1024/783/642 1148/776/636 1033/777/637 1034/784/643
f 1023/766/5 1022/778/638 1030/779/639 1031/767/628
f 1146/770/631 1145/780/640 1027/782/641 1028/771/632
f 1025/774/634 1024/783/642 1034/784/643 1035/775/635
f 1029/772/633 1028/771/632 1037/785/644 1038/786/645
f 1108/787/12 1035/775/635 1044/788/646
f 1033/777/637 1032/768/629 1041/789/647 1042/790/648
f 1030/779/639 1029/772/633 1038/786/645 1039/791/649
f 1027/782/641 1026/792/10 1036/793/650
f 1034/784/643 1033/777/637 1042/790/648 1043/794/651
f 1031/767/628 1030/779/639 1039/791/649 1040/795/652
f 1028/771/632 1027/782/641 1036/793/650 1037/785/644
f 1035/775/635 1034/784/643 1043/794/651 1044/788/646
f 1032/768/629 1031/767/628 1040/795/652 1041/789/647
f 1044/788/646 1043/794/651 1052/796/653 1053/797/654
f 1041/789/647 1040/795/652 1049/798/655 1050/799/656
f 1038/786/645 1037/785/644 1046/800/657 1047/801/658
f 1108/802/12 1044/788/646 1053/797/654
f 1042/790/648 1041/789/647 1050/799/656 1051/803/659
f 1039/791/649 1038/786/645 1047/801/658 1048/804/660
f 1036/793/650 1026/805/10 1045/806/661
f 1043/794/651 1042/790/648 1051/803/659 1052/796/653
f 1040/795/652 1039/791/649 1048/804/660 1049/798/655
f 1037/785/644 1036/793/650 1045/806/661 1046/800/657
f 1049/798/655 1048/804/660 1057/807/662 1058/808/663
f 1046/800/657 1045/806/661 1054/809/664 1055/810/665
f 1053/797/654 1052/796/653 1061/811/666 1062/812/667
f 1050/799/656 1049/798/655 1058/808/663 1059/813/668
f 1047/801/658 1046/800/657 1055/810/665 1056/814/669
f 1108/815/12 1053/797/654 1062/812/667
f 1051/803/659 1050/799/656 1059/813/668 1060/816/670
f 1048/804/660 1047/801/658 1056/814/669 1057/807/662
f 1045/806/661 1026/817/10 1054/809/664
f 1052/796/653 1051/803/659 1060/816/670 1061/811/666
f 1054/809/664 1026/818/10 1063/819/671
f 1061/811/666 1060/816/670 1069/820/672 1070/821/673
f 1058/808/663 1057/807/662 1066/822/674 1067/823/675
f 1055/810/665 1054/809/664 1063/819/671 1064/824/676
f 1062/812/667 1061/811/666 1070/821/673 1071/825/677
f 1059/813/668 1058/808/663 1067/823/675 1068/826/678
f 1056/814/669 1055/810/665 1064/824/676 1065/827/679
f 1108/828/12 1062/812/667 1071/825/677
f 1060/816/670 1059/813/668 1068/826/678 1069/820/672
f 1057/807/662 1056/814/669 1065/827/679 1066/822/674
f 1066/822/674 1065/827/679 1074/829/680 1075/830/681
f 1063/819/671 1026/831/10 1072/832/682
f 1070/821/673 1069/820/672 1078/833/683 1079/834/684
f 1067/823/675 1066/822/674 1075/830/681 1076/835/685
f 1064/824/676 1063/819/671 1072/832/682 1073/836/686
f 1071/825/677 1070/821/673 1079/834/684 1080/837/687
f 1068/826/678 1067/823/675 1076/835/685 1077/838/688
f 1065/827/679 1064/824/676 1073/836/686 1074/829/680
f 1108/839/12 1071/825/677 1080/837/687
f 1069/820/672 1068/826/678 1077/838/688 1078/833/683
f 1108/840/12 1080/837/687 1089/841/689
f 1078/833/683 1077/838/688 1086/842/690 1087/843/691
f 1075/830/681 1074/829/680 1083/844/692 1084/845/693
f 1072/832/682 1026/846/10 1081/847/694
f 1079/834/684 1078/833/683 1087/843/691 1088/848/695
f 1076/835/685 1075/830/681 1084/845/693 1085/849/154
f 1073/836/686 1072/832/682 1081/847/694 1082/850/696
f 1080/837/687 1079/834/684 1088/848/695 1089/841/689
f 1077/838/688 1076/835/685 1085/849/154 1086/842/690
f 1074/829/680 1073/836/686 1082/850/696 1083/844/692
f 1086/842/690 1085/849/154 1094/851/697 1095/852/698
f 1083/844/692 1082/850/696 1091/853/699 1092/854/700
f 1108/855/12 1089/841/689 1098/856/701
f 1087/843/691 1086/842/690 1095/852/698 1096/857/702
f 1084/845/693 1083/844/692 1092/854/700 1093/858/703
f 1081/847/694 1026/859/10 1090/860/704
f 1088/848/695 1087/843/691 1096/857/702 1097/861/705
f 1085/849/154 1084/845/693 1093/858/703 1094/851/697
f 1082/850/696 1081/847/694 1090/860/704 1091/853/699
f 1089/841/689 1088/848/695 1097/861/705 1098/856/701
f 1091/853/699 1090/860/704 1099/862/706 1100/863/707
f 1098/856/701 1097/861/705 1106/864/708 1107/865/709
f 1095/852/698 1094/851/697 1103/866/710 1104/867/711
f 1092/854/700 1091/853/699 1100/863/707 1101/868/712
f 1108/869/12 1098/856/701 1107/865/709
f 1096/857/702 1095/852/698 1104/867/711 1105/870/713
f 1093/858/703 1092/854/700 1101/868/712 1102/871/714
f 1090/860/704 1026/872/10 1099/862/706
f 1097/861/705 1096/857/702 1105/870/713 1106/864/708
f 1094/851/697 1093/858/703 1102/871/714 1103/866/710
f 1103/866/710 1102/871/714 1112/456/715 1113/873/716
f 1100/863/707 1099/862/706 1109/874/717 1110/875/718
f 1107/865/709 1106/864/708 1116/460/719 1117/876/720
f 1104/867/711 1103/866/710 1113/873/716 1114/462/721
f 1101/868/712 1100/863/707 1110/875/718 1111/877/722
f 1108/878/12 1107/865/709 1117/876/720
f 1105/870/713 1104/867/711 1114/462/721 1115/879/723
f 1102/871/714 1101/868/712 1111/877/722 1112/456/715
f 1099/862/706 1026/880/10 1109/874/717
f 1106/864/708 1105/870/713 1115/879/723 1116/460/719
f 1109/881/717 1026/882/10 1118/883/724
f 1116/884/719 1115/885/723 1124/886/725 1125/887/726
f 1113/295/716 1112/888/715 1121/889/727 1122/890/728
f 1110/891/718 1109/881/717 1118/883/724 1119/892/729
f 1117/893/720 1116/884/719 1125/887/726 1126/894/730
f 1114/895/721 1113/295/716 1122/890/728 1123/896/731
f 1111/897/722 1110/891/718 1119/892/729 1120/898/732
f 1108/899/12 1117/893/720 1126/894/730
f 1115/885/723 1114/895/721 1123/896/731 1124/886/725
f 1112/888/715 1111/897/722 1120/898/732 1121/889/727
f 1124/886/725 1123/896/731 1132/900/733 1133/901/734
f 1121/889/727 1120/898/732 1129/902/735 1130/903/736
f 1118/883/724 1026/904/10 1127/905/737
f 1125/887/726 1124/886/725 1133/901/734 1134/906/738
f 1122/890/728 1121/889/727 1130/903/736 1131/907/739
f 1119/892/729 1118/883/724 1127/905/737 1128/908/740
f 1126/894/730 1125/887/726 1134/906/738 1135/909/741
f 1123/896/731 1122/890/728 1131/907/739 1132/900/733
f 1120/898/732 1119/892/729 1128/908/740 1129/902/735
f 1108/910/12 1126/894/730 1135/909/741
f 1129/902/735 1128/908/740 1137/911/742 1138/912/743
f 1108/913/12 1135/909/741 1144/914/744
f 1133/901/734 1132/900/733 1141/915/745 1142/916/746
f 1130/903/736 1129/902/735 1138/912/743 1139/917/747
f 1127/905/737 1026/918/10 1136/919/748
f 1134/906/738 1133/901/734 1142/916/746 1143/920/749
f 1131/907/739 1130/903/736 1139/917/747 1140/921/750
f 1128/908/740 1127/905/737 1136/919/748 1137/911/742
f 1135/909/741 1134/906/738 1143/920/749 1144/914/744
f 1132/900/733 1131/907/739 1140/921/750 1141/915/745
f 1141/915/745 1140/921/750 1023/766/5 1147/765/627
f 1138/912/743 1137/911/742 1146/770/631 1021/769/630
f 1108/922/12 1144/914/744 1025/774/634
f 1142/916/746 1141/915/745 1147/765/627 1148/776/636
f 1139/917/747 1138/912/743 1021/769/630 1022/778/638
f 1136/919/748 1026/715/10 1145/780/640
f 1143/920/749 1142/916/746 1148/776/636 1024/783/642
f 1140/921/750 1139/917/747 1022/778/638 1023/766/5
f 1137/911/742 1136/919/748 1145/780/640 1146/770/631
f 1144/914/744 1143/920/749 1024/783/642 1025/774/634
f 1149/295/751 1150/710/752 1152/923/753 1151/924/754
f 1151/924/754 1152/923/753 1154/925/755 1153/926/756
f 1153/926/756 1154/925/755 1156/927/757 1155/928/758
f 1155/928/758 1156/927/757 1158/929/759 1157/930/760
f 1157/930/760 1158/929/759 1160/931/761 1159/932/762
f 1159/932/762 1160/931/761 1162/933/763 1161/934/764
f 1161/934/764 1162/933/763 1164/935/765 1163/936/766
f 1163/936/766 1164/935/765 1166/937/767 1165/938/768
f 1165/938/768 1166/937/767 1168/939/769 1167/940/770
f 1167/940/770 1168/939/769 1170/941/771 1169/942/772
f 1169/942/772 1170/941/771 1172/943/773 1171/944/774
f 1171/944/774 1172/943/773 1174/945/775 1173/946/776
f 1152/947/753 1150/727/752 1176/948/777 1174/949/775 1172/950/773 1170/951/771 1168/952/769 1166/953/767 1164/735/765 1162/954/763 1160/955/761 1158/956/759 1156/957/757 1154/958/755
f 1173/946/776 1174/945/775 1176/959/777 1175/960/778
f 1175/960/778 1176/959/777 1150/961/752 1149/962/751
f 1149/744/751 1151/963/754 1153/964/756 1155/965/758 1157/966/760 1159/967/762 1161/968/764 1163/752/766 1165/969/768 1167/970/770 1169/971/772 1171/972/774 1173/973/776 1175/974/778
f 1177/295/751 1178/710/752 1180/923/753 1179/924/754
f 1179/924/754 1180/923/753 1182/925/755 1181/926/756
f 1181/926/756 1182/925/755 1184/927/757 1183/928/758
f 1183/928/758 1184/927/757 1186/929/759 1185/930/760
f 1185/930/760 1186/929/759 1188/931/761 1187/932/762
f 1187/932/762 1188/931/761 1190/933/763 1189/934/764
f 1189/934/764 1190/933/763 1192/935/765 1191/936/766
f 1191/936/766 1192/935/765 1194/937/767 1193/938/768
f 1193/938/768 1194/937/767 1196/939/769 1195/940/770
f 1195/940/770 1196/939/769 1198/941/771 1197/942/772
f 1197/942/772 1198/941/771 1200/943/773 1199/944/774
f 1199/944/774 1200/943/773 1202/945/775 1201/946/776
f 1180/947/753 1178/727/752 1204/948/777 1202/949/775 1200/975/773 1198/976/771 1196/952/769 1194/953/767 1192/977/765 1190/954/763 1188/955/761 1186/978/759 1184/979/757 1182/958/755
f 1201/946/776 1202/945/775 1204/959/777 1203/960/778
f 1203/960/778 1204/959/777 1178/961/752 1177/962/751
f 1177/744/751 1179/963/754 1181/964/756 1183/965/758 1185/966/760 1187/967/762 1189/968/764 1191/980/766 1193/969/768 1195/970/770 1197/971/772 1199/972/774 1201/973/776 1203/974/778
f 1481/780/640 1362/781/10 1363/782/641
f 1360/783/642 1484/776/636 1369/777/637 1370/784/643
f 1359/766/5 1358/778/638 1366/779/639 1367/767/628
f 1482/770/631 1481/780/640 1363/782/641 1364/771/632
f 1361/774/634 1360/783/642 1370/784/643 1371/775/635
f 1483/765/627 1359/766/5 1367/767/628 1368/768/629
f 1357/769/630 1482/770/631 1364/771/632 1365/772/633
f 1444/773/12 1361/774/634 1371/775/635
f 1484/776/636 1483/765/627 1368/768/629 1369/777/637
f 1358/778/638 1357/769/630 1365/772/633 1366/779/639
f 1370/784/643 1369/777/637 1378/790/648 1379/794/651
f 1367/767/628 1366/779/639 1375/791/649 1376/795/652
f 1364/771/632 1363/782/641 1372/793/650 1373/785/644
f 1371/775/635 1370/784/643 1379/794/651 1380/788/646
f 1368/768/629 1367/767/628 1376/795/652 1377/789/647
f 1365/772/633 1364/771/632 1373/785/644 1374/786/645
f 1444/787/12 1371/775/635 1380/788/646
f 1369/777/637 1368/768/629 1377/789/647 1378/790/648
f 1366/779/639 1365/772/633 1374/786/645 1375/791/649
f 1363/782/641 1362/792/10 1372/793/650
f 1375/791/649 1374/786/645 1383/801/658 1384/804/660
f 1372/793/650 1362/805/10 1381/806/661
f 1379/794/651 1378/790/648 1387/803/659 1388/796/653
f 1376/795/652 1375/791/649 1384/804/660 1385/798/655
f 1373/785/644 1372/793/650 1381/806/661 1382/800/657
f 1380/788/646 1379/794/651 1388/796/653 1389/797/654
f 1377/789/647 1376/795/652 1385/798/655 1386/799/656
f 1374/786/645 1373/785/644 1382/800/657 1383/801/658
f 1444/802/12 1380/788/646 1389/797/654
f 1378/790/648 1377/789/647 1386/799/656 1387/803/659
f 1387/803/659 1386/799/656 1395/813/668 1396/816/670
f 1384/804/660 1383/801/658 1392/814/669 1393/807/662
f 1381/806/661 1362/817/10 1390/809/664
f 1388/796/653 1387/803/659 1396/816/670 1397/811/666
f 1385/798/655 1384/804/660 1393/807/662 1394/808/663
f 1382/800/657 1381/806/661 1390/809/664 1391/810/665
f 1389/797/654 1388/796/653 1397/811/666 1398/812/667
f 1386/799/656 1385/798/655 1394/808/663 1395/813/668
f 1383/801/658 1382/800/657 1391/810/665 1392/814/669
f 1444/815/12 1389/797/654 1398/812/667
f 1392/814/669 1391/810/665 1400/824/676 1401/827/679
f 1444/828/12 1398/812/667 1407/825/677
f 1396/816/670 1395/813/668 1404/826/678 1405/820/672
f 1393/807/662 1392/814/669 1401/827/679 1402/822/674
f 1390/809/664 1362/818/10 1399/819/671
f 1397/811/666 1396/816/670 1405/820/672 1406/821/673
f 1394/808/663 1393/807/662 1402/822/674 1403/823/675
f 1391/810/665 1390/809/664 1399/819/671 1400/824/676
f 1398/812/667 1397/811/666 1406/821/673 1407/825/677
f 1395/813/668 1394/808/663 1403/823/675 1404/826/678
f 1407/825/677 1406/821/673 1415/834/684 1416/837/687
f 1404/826/678 1403/823/675 1412/835/685 1413/838/688
f 1401/827/679 1400/824/676 1409/836/686 1410/829/680
f 1444/839/12 1407/825/677 1416/837/687
f 1405/820/672 1404/826/678 1413/838/688 1414/833/683
f 1402/822/674 1401/827/679 1410/829/680 1411/830/681
f 1399/819/671 1362/831/10 1408/832/682
f 1406/821/673 1405/820/672 1414/833/683 1415/834/684
f 1403/823/675 1402/822/674 1411/830/681 1412/835/685
f 1400/824/676 1399/819/671 1408/832/682 1409/836/686
f 1412/835/685 1411/830/681 1420/845/693 1421/849/154
f 1409/836/686 1408/832/682 1417/847/694 1418/850/696
f 1416/837/687 1415/834/684 1424/848/695 1425/841/689
f 1413/838/688 1412/835/685 1421/849/154 1422/842/690
f 1410/829/680 1409/836/686 1418/850/696 1419/844/692
f 1444/840/12 1416/837/687 1425/841/689
f 1414/833/683 1413/838/688 1422/842/690 1423/843/691
f 1411/830/681 1410/829/680 1419/844/692 1420/845/693
f 1408/832/682 1362/846/10 1417/847/694
f 1415/834/684 1414/833/683 1423/843/691 1424/848/695
f 1417/847/694 1362/859/10 1426/860/704
f 1424/848/695 1423/843/691 1432/857/702 1433/861/705
f 1421/849/154 1420/845/693 1429/858/703 1430/851/697
f 1418/850/696 1417/847/694 1426/860/704 1427/853/699
f 1425/841/689 1424/848/695 1433/861/705 1434/856/701
f 1422/842/690 1421/849/154 1430/851/697 1431/852/698
f 1419/844/692 1418/850/696 1427/853/699 1428/854/700
f 1444/855/12 1425/841/689 1434/856/701
f 1423/843/691 1422/842/690 1431/852/698 1432/857/702
f 1420/845/693 1419/844/692 1428/854/700 1429/858/703
f 1429/858/703 1428/854/700 1437/868/712 1438/871/714
f 1426/860/704 1362/872/10 1435/862/706
f 1433/861/705 1432/857/702 1441/870/713 1442/864/708
f 1430/851/697 1429/858/703 1438/871/714 1439/866/710
f 1427/853/699 1426/860/704 1435/862/706 1436/863/707
f 1434/856/701 1433/861/705 1442/864/708 1443/865/709
f 1431/852/698 1430/851/697 1439/866/710 1440/867/711
f 1428/854/700 1427/853/699 1436/863/707 1437/868/712
f 1444/869/12 1434/856/701 1443/865/709
f 1432/857/702 1431/852/698 1440/867/711 1441/870/713
f 1444/878/12 1443/865/709 1453/876/720
f 1441/870/713 1440/867/711 1450/462/721 1451/879/723
f 1438/871/714 1437/868/712 1447/877/722 1448/456/715
f 1435/862/706 1362/880/10 1445/874/717
f 1442/864/708 1441/870/713 1451/879/723 1452/460/719
f 1439/866/710 1438/871/714 1448/456/715 1449/873/716
f 1436/863/707 1435/862/706 1445/874/717 1446/875/718
f 1443/865/709 1442/864/708 1452/460/719 1453/876/720
f 1440/867/711 1439/866/710 1449/873/716 1450/462/721
f 1437/868/712 1436/863/707 1446/875/718 1447/877/722
f 1450/895/721 1449/295/716 1458/890/728 1459/896/731
f 1447/897/722 1446/891/718 1455/892/729 1456/898/732
f 1444/899/12 1453/893/720 1462/894/730
f 1451/885/723 1450/895/721 1459/896/731 1460/886/725
f 1448/888/715 1447/897/722 1456/898/732 1457/889/727
f 1445/881/717 1362/882/10 1454/883/724
f 1452/884/719 1451/885/723 1460/886/725 1461/887/726
f 1449/295/716 1448/888/715 1457/889/727 1458/890/728
f 1446/891/718 1445/881/717 1454/883/724 1455/892/729
f 1453/893/720 1452/884/719 1461/887/726 1462/894/730
f 1455/892/729 1454/883/724 1463/905/737 1464/908/740
f 1462/894/730 1461/887/726 1470/906/738 1471/909/741
f 1459/896/731 1458/890/728 1467/907/739 1468/900/733
f 1456/898/732 1455/892/729 1464/908/740 1465/902/735
f 1444/910/12 1462/894/730 1471/909/741
f 1460/886/725 1459/896/731 1468/900/733 1469/901/734
f 1457/889/727 1456/898/732 1465/902/735 1466/903/736
f 1454/883/724 1362/904/10 1463/905/737
f 1461/887/726 1460/886/725 1469/901/734 1470/906/738
f 1458/890/728 1457/889/727 1466/903/736 1467/907/739
f 1467/907/739 1466/903/736 1475/917/747 1476/921/750
f 1464/908/740 1463/905/737 1472/919/748 1473/911/742
f 1471/909/741 1470/906/738 1479/920/749 1480/914/744
f 1468/900/733 1467/907/739 1476/921/750 1477/915/745
f 1465/902/735 1464/908/740 1473/911/742 1474/912/743
f 1444/913/12 1471/909/741 1480/914/744
f 1469/901/734 1468/900/733 1477/915/745 1478/916/746
f 1466/903/736 1465/902/735 1474/912/743 1475/917/747
f 1463/905/737 1362/918/10 1472/919/748
f 1470/906/738 1469/901/734 1478/916/746 1479/920/749
f 1472/919/748 1362/715/10 1481/780/640
f 1479/920/749 1478/916/746 1484/776/636 1360/783/642
f 1476/921/750 1475/917/747 1358/778/638 1359/766/5
f 1473/911/742 1472/919/748 1481/780/640 1482/770/631
f 1480/914/744 1479/920/749 1360/783/642 1361/774/634
f 1477/915/745 1476/921/750 1359/766/5 1483/765/627
f 1474/912/743 1473/911/742 1482/770/631 1357/769/630
f 1444/922/12 1480/914/744 1361/774/634
f 1478/916/746 1477/915/745 1483/765/627 1484/776/636
f 1475/917/747 1474/912/743 1357/769/630 1358/778/638
f 1485/295/751 1486/710/752 1488/923/753 1487/924/754
f 1487/924/754 1488/923/753 1490/925/755 1489/926/756
f 1489/926/756 1490/925/755 1492/927/757 1491/928/758
f 1491/928/758 1492/927/757 1494/929/759 1493/930/760
f 1493/930/760 1494/929/759 1496/931/761 1495/932/762
f 1495/932/762 1496/931/761 1498/933/763 1497/934/764
f 1497/934/764 1498/933/763 1500/935/765 1499/936/766
f 1499/936/766 1500/935/765 1502/937/767 1501/938/768
f 1501/938/768 1502/937/767 1504/939/769 1503/940/770
f 1503/940/770 1504/939/769 1506/941/771 1505/942/772
f 1505/942/772 1506/941/771 1508/943/773 1507/944/774
f 1507/944/774 1508/943/773 1510/945/775 1509/946/776
f 1488/947/753 1486/727/752 1512/948/777 1510/949/775 1508/950/773 1506/951/771 1504/952/769 1502/953/767 1500/735/765 1498/954/763 1496/955/761 1494/956/759 1492/957/757 1490/958/755
f 1509/946/776 1510/945/775 1512/959/777 1511/960/778
f 1511/960/778 1512/959/777 1486/961/752 1485/962/751
f 1485/744/751 1487/963/754 1489/964/756 1491/965/758 1493/966/760 1495/967/762 1497/968/764 1499/752/766 1501/969/768 1503/970/770 1505/971/772 1507/972/774 1509/973/776 1511/974/778
f 1513/295/751 1514/710/752 1516/923/753 1515/924/754
f 1515/924/754 1516/923/753 1518/925/755 1517/926/756
f 1517/926/756 1518/925/755 1520/927/757 1519/928/758
f 1519/928/758 1520/927/757 1522/929/759 1521/930/760
f 1521/930/760 1522/929/759 1524/931/761 1523/932/762
f 1523/932/762 1524/931/761 1526/933/763 1525/934/764
f 1525/934/764 1526/933/763 1528/935/765 1527/936/766
f 1527/936/766 1528/935/765 1530/937/767 1529/938/768
f 1529/938/768 1530/937/767 1532/939/769 1531/940/770
f 1531/940/770 1532/939/769 1534/941/771 1533/942/772
f 1533/942/772 1534/941/771 1536/943/773 1535/944/774
f 1535/944/774 1536/943/773 1538/945/775 1537/946/776
f 1516/947/753 1514/727/752 1540/948/777 1538/949/775 1536/975/773 1534/976/771 1532/952/769 1530/953/767 1528/977/765 1526/954/763 1524/955/761 1522/978/759 1520/979/757 1518/958/755
f 1537/946/776 1538/945/775 1540/959/777 1539/960/778
f 1539/960/778 1540/959/777 1514/961/752 1513/962/751
f 1513/744/751 1515/963/754 1517/964/756 1519/965/758 1521/966/760 1523/967/762 1525/968/764 1527/980/766 1529/969/768 1531/970/770 1533/971/772 1535/972/774 1537/973/776 1539/974/778
s 0
usemtl Mat_PlateCarrier
f 853/139/233 854/65/233 856/356/233 855/357/233
f 855/357/5 856/356/5 860/358/5 859/359/5
f 859/359/89 860/358/89 858/360/89 857/361/89
f 857/361/154 858/360/154 854/63/154 853/137/154
f 855/362/12 859/359/12 857/361/12 853/363/12
f 860/358/10 856/364/10 854/365/10 858/360/10
f 861/139/233 862/65/233 864/356/233 863/357/233
f 863/357/5 864/356/5 868/358/5 867/359/5
f 867/359/89 868/358/89 866/360/89 865/361/89
f 865/361/154 866/360/154 862/63/154 861/137/154
f 863/362/12 867/359/12 865/361/12 861/363/12
f 868/358/10 864/364/10 862/365/10 866/360/10
f 869/139/233 870/65/233 872/356/233 871/357/233
f 871/357/5 872/356/5 876/358/5 875/359/5
f 875/359/89 876/358/89 874/360/89 873/361/89
f 873/361/154 874/360/154 870/63/154 869/137/154
f 871/362/12 875/359/12 873/361/12 869/363/12
f 876/358/10 872/364/10 870/365/10 874/360/10
f 877/139/233 878/65/233 880/356/233 879/357/233
f 879/357/5 880/356/5 884/358/5 883/359/5
f 883/359/89 884/358/89 882/360/89 881/361/89
f 881/361/154 882/360/154 878/63/154 877/137/154
f 879/362/12 883/359/12 881/361/12 877/363/12
f 884/358/10 880/364/10 878/365/10 882/360/10
usemtl Mat_MolleWebbing
f 885/139/233 886/65/233 888/356/233 887/357/233
f 887/357/5 888/356/5 892/358/5 891/359/5
f 891/359/89 892/358/89 890/360/89 889/361/89
f 889/361/154 890/360/154 886/63/154 885/137/154
f 887/362/12 891/359/12 889/361/12 885/363/12
f 892/358/10 888/364/10 886/365/10 890/360/10
f 893/139/233 894/65/233 896/356/233 895/357/233
f 895/357/5 896/356/5 900/358/5 899/359/5
f 899/359/89 900/358/89 898/360/89 897/361/89
f 897/361/154 898/360/154 894/63/154 893/137/154
f 895/362/12 899/359/12 897/361/12 893/363/12
f 900/358/10 896/364/10 894/365/10 898/360/10
f 901/139/233 902/65/233 904/356/233 903/357/233
f 903/357/5 904/356/5 908/358/5 907/359/5
f 907/359/89 908/358/89 906/360/89 905/361/89
f 905/361/154 906/360/154 902/63/154 901/137/154
f 903/362/12 907/359/12 905/361/12 901/363/12
f 908/358/10 904/364/10 902/365/10 906/360/10
f 909/139/233 910/65/233 912/356/233 911/357/233
f 911/357/5 912/356/5 916/358/5 915/359/5
f 915/359/89 916/358/89 914/360/89 913/361/89
f 913/361/154 914/360/154 910/63/154 909/137/154
f 911/362/12 915/359/12 913/361/12 909/363/12
f 916/358/10 912/364/10 910/365/10 914/360/10
f 925/139/233 926/65/233 928/356/233 927/357/233
f 927/357/5 928/356/5 932/358/5 931/359/5
f 931/359/89 932/358/89 930/360/89 929/361/89
f 929/361/154 930/360/154 926/63/154 925/137/154
f 927/362/12 931/359/12 929/361/12 925/363/12
f 932/358/10 928/364/10 926/365/10 930/360/10
f 941/139/233 942/65/233 944/356/233 943/357/233
f 943/357/5 944/356/5 948/358/5 947/359/5
f 947/359/89 948/358/89 946/360/89 945/361/89
f 945/361/154 946/360/154 942/63/154 941/137/154
f 943/362/12 947/359/12 945/361/12 941/363/12
f 948/358/10 944/364/10 942/365/10 946/360/10
f 957/139/233 958/65/233 960/356/233 959/357/233
f 959/357/5 960/356/5 964/358/5 963/359/5
f 963/359/89 964/358/89 962/360/89 961/361/89
f 961/361/154 962/360/154 958/63/154 957/137/154
f 959/362/12 963/359/12 961/361/12 957/363/12
f 964/358/10 960/364/10 958/365/10 962/360/10
f 1745/139/233 1746/65/233 1748/356/233 1747/357/233
f 1747/357/5 1748/356/5 1752/358/5 1751/359/5
f 1751/359/89 1752/358/89 1750/360/89 1749/361/89
f 1749/361/154 1750/360/154 1746/63/154 1745/137/154
f 1747/362/12 1751/359/12 1749/361/12 1745/363/12
f 1752/358/10 1748/364/10 1746/365/10 1750/360/10
f 1873/139/233 1874/65/233 1876/356/233 1875/357/233
f 1875/357/5 1876/356/5 1880/358/5 1879/359/5
f 1879/359/89 1880/358/89 1878/360/89 1877/361/89
f 1877/361/154 1878/360/154 1874/63/154 1873/137/154
f 1875/362/12 1879/359/12 1877/361/12 1873/363/12
f 1880/358/10 1876/364/10 1874/365/10 1878/360/10
usemtl Mat_MagPouches
f 917/139/233 918/65/233 920/356/233 919/357/233
f 919/357/5 920/356/5 924/358/5 923/359/5
f 923/359/89 924/358/89 922/360/89 921/361/89
f 921/361/154 922/360/154 918/63/154 917/137/154
f 919/362/12 923/359/12 921/361/12 917/363/12
f 924/358/10 920/364/10 918/365/10 922/360/10
f 933/139/233 934/65/233 936/356/233 935/357/233
f 935/357/5 936/356/5 940/358/5 939/359/5
f 939/359/89 940/358/89 938/360/89 937/361/89
f 937/361/154 938/360/154 934/63/154 933/137/154
f 935/362/12 939/359/12 937/361/12 933/363/12
f 940/358/10 936/364/10 934/365/10 938/360/10
f 949/139/233 950/65/233 952/356/233 951/357/233
f 951/357/5 952/356/5 956/358/5 955/359/5
f 955/359/89 956/358/89 954/360/89 953/361/89
f 953/361/154 954/360/154 950/63/154 949/137/154
f 951/362/12 955/359/12 953/361/12 949/363/12
f 956/358/10 952/364/10 950/365/10 954/360/10
f 965/139/233 966/65/233 968/356/233 967/357/233
f 967/357/5 968/356/5 972/358/5 971/359/5
f 971/359/89 972/358/89 970/360/89 969/361/89
f 969/361/154 970/360/154 966/63/154 965/137/154
f 967/362/12 971/359/12 969/361/12 965/363/12
f 972/358/10 968/364/10 966/365/10 970/360/10
f 989/139/233 990/65/233 992/356/233 991/357/233
f 991/357/5 992/356/5 996/358/5 995/359/5
f 995/359/89 996/358/89 994/360/89 993/361/89
f 993/361/154 994/360/154 990/63/154 989/137/154
f 991/362/12 995/359/12 993/361/12 989/363/12
f 996/358/10 992/364/10 990/365/10 994/360/10
s 1
usemtl Mat_BeltHolster
f 973/295/611 974/710/612 976/332/613 975/364/614
f 975/364/614 976/332/613 978/715/615 977/5/616
f 977/5/616 978/715/615 980/63/617 979/358/618
f 979/358/618 980/63/617 982/718/619 981/95/620
f 981/95/620 982/718/619 984/137/621 983/359/622
f 983/359/622 984/137/621 986/723/623 985/171/624
f 976/741/613 974/727/612 988/760/625 986/731/623 984/761/621 982/735/619 980/762/617 978/739/615
f 985/171/624 986/723/623 988/454/625 987/362/626
f 987/362/626 988/454/625 974/743/612 973/457/611
f 973/744/611 975/746/614 977/748/616 979/763/618 981/752/620 983/764/622 985/756/624 987/758/626
s 0
f 997/139/233 998/65/233 1000/356/233 999/357/233
f 999/357/5 1000/356/5 1004/358/5 1003/359/5
f 1003/359/89 1004/358/89 1002/360/89 1001/361/89
f 1001/361/154 1002/360/154 998/63/154 997/137/154
f 999/362/12 1003/359/12 1001/361/12 997/363/12
f 1004/358/10 1000/364/10 998/365/10 1002/360/10
f 1005/139/233 1006/65/233 1008/356/233 1007/357/233
f 1007/357/5 1008/356/5 1012/358/5 1011/359/5
f 1011/359/89 1012/358/89 1010/360/89 1009/361/89
f 1009/361/154 1010/360/154 1006/63/154 1005/137/154
f 1007/362/12 1011/359/12 1009/361/12 1005/363/12
f 1012/358/10 1008/364/10 1006/365/10 1010/360/10
f 1013/139/233 1014/65/233 1016/356/233 1015/357/233
f 1015/357/5 1016/356/5 1020/358/5 1019/359/5
f 1019/359/89 1020/358/89 1018/360/89 1017/361/89
f 1017/361/154 1018/360/154 1014/63/154 1013/137/154
f 1015/362/12 1019/359/12 1017/361/12 1013/363/12
f 1020/358/10 1016/364/10 1014/365/10 1018/360/10
usemtl Mat_TacticalGloves
f 1261/139/233 1262/65/233 1264/356/233 1263/357/233
f 1263/357/5 1264/356/5 1268/358/5 1267/359/5
f 1267/359/89 1268/358/89 1266/360/89 1265/361/89
f 1265/361/154 1266/360/154 1262/63/154 1261/137/154
f 1263/362/12 1267/359/12 1265/361/12 1261/363/12
f 1268/358/10 1264/364/10 1262/365/10 1266/360/10
s 1
f 1277/295/779 1278/710/780 1280/332/781 1279/364/782
f 1279/364/782 1280/332/781 1282/715/783 1281/5/784
f 1281/5/784 1282/715/783 1284/63/785 1283/358/786
f 1283/358/786 1284/63/785 1286/718/787 1285/95/788
f 1285/95/788 1286/718/787 1288/137/789 1287/359/790
f 1287/359/790 1288/137/789 1290/723/791 1289/171/792
f 1280/741/781 1278/727/780 1292/729/793 1290/987/791 1288/733/789 1286/977/787 1284/737/785 1282/739/783
f 1289/171/792 1290/723/791 1292/454/793 1291/362/794
f 1291/362/794 1292/454/793 1278/743/780 1277/457/779
f 1277/744/779 1279/746/782 1281/748/784 1283/750/786 1285/980/788 1287/754/790 1289/756/792 1291/758/794
f 1293/295/611 1294/710/612 1296/332/613 1295/364/614
f 1295/364/614 1296/332/613 1298/715/615 1297/5/616
f 1297/5/616 1298/715/615 1300/63/617 1299/358/618
f 1299/358/618 1300/63/617 1302/718/619 1301/95/620
f 1301/95/620 1302/718/619 1304/137/621 1303/359/622
f 1303/359/622 1304/137/621 1306/723/623 1305/171/624
f 1296/741/613 1294/727/612 1308/760/625 1306/987/623 1304/761/621 1302/977/619 1300/762/617 1298/739/615
f 1305/171/624 1306/723/623 1308/454/625 1307/362/626
f 1307/362/626 1308/454/625 1294/743/612 1293/457/611
f 1293/744/611 1295/746/614 1297/748/616 1299/763/618 1301/980/620 1303/764/622 1305/756/624 1307/758/626
f 1309/295/611 1310/710/612 1312/332/613 1311/364/614
f 1311/364/614 1312/332/613 1314/715/615 1313/5/616
f 1313/5/616 1314/715/615 1316/63/617 1315/358/618
f 1315/358/618 1316/63/617 1318/718/619 1317/95/620
f 1317/95/620 1318/718/619 1320/137/621 1319/359/622
f 1319/359/622 1320/137/621 1322/723/623 1321/171/624
f 1312/741/613 1310/727/612 1324/729/625 1322/987/623 1320/733/621 1318/977/619 1316/737/617 1314/739/615
f 1321/171/624 1322/723/623 1324/454/625 1323/362/626
f 1323/362/626 1324/454/625 1310/743/612 1309/457/611
f 1309/744/611 1311/746/614 1313/748/616 1315/750/618 1317/980/620 1319/754/622 1321/756/624 1323/758/626
f 1325/295/611 1326/710/612 1328/332/613 1327/364/614
f 1327/364/614 1328/332/613 1330/715/615 1329/5/616
f 1329/5/616 1330/715/615 1332/63/617 1331/358/618
f 1331/358/618 1332/63/617 1334/718/619 1333/95/620
f 1333/95/620 1334/718/619 1336/137/621 1335/359/622
f 1335/359/622 1336/137/621 1338/723/623 1337/171/624
f 1328/741/613 1326/727/612 1340/760/625 1338/987/623 1336/761/621 1334/977/619 1332/762/617 1330/739/615
f 1337/171/624 1338/723/623 1340/454/625 1339/362/626
f 1339/362/626 1340/454/625 1326/743/612 1325/457/611
f 1325/744/611 1327/746/614 1329/748/616 1331/763/618 1333/980/620 1335/764/622 1337/756/624 1339/758/626
f 1341/295/611 1342/710/612 1344/332/613 1343/364/614
f 1343/364/614 1344/332/613 1346/715/615 1345/5/616
f 1345/5/616 1346/715/615 1348/63/617 1347/358/618
f 1347/358/618 1348/63/617 1350/718/619 1349/95/620
f 1349/95/620 1350/718/619 1352/137/621 1351/359/622
f 1351/359/622 1352/137/621 1354/723/623 1353/171/624
f 1344/741/613 1342/727/612 1356/760/625 1354/731/623 1352/761/621 1350/735/619 1348/762/617 1346/739/615
f 1353/171/624 1354/723/623 1356/454/625 1355/362/626
f 1355/362/626 1356/454/625 1342/743/612 1341/457/611
f 1341/744/611 1343/746/614 1345/748/616 1347/763/618 1349/752/620 1351/764/622 1353/756/624 1355/758/626
s 0
f 1597/139/233 1598/65/233 1600/356/233 1599/357/233
f 1599/357/5 1600/356/5 1604/358/5 1603/359/5
f 1603/359/89 1604/358/89 1602/360/89 1601/361/89
f 1601/361/154 1602/360/154 1598/63/154 1597/137/154
f 1599/362/12 1603/359/12 1601/361/12 1597/363/12
f 1604/358/10 1600/364/10 1598/365/10 1602/360/10
s 1
f 1613/295/795 1614/710/796 1616/332/797 1615/364/798
f 1615/364/798 1616/332/797 1618/715/799 1617/5/800
f 1617/5/800 1618/715/799 1620/63/801 1619/358/802
f 1619/358/802 1620/63/801 1622/718/803 1621/95/804
f 1621/95/804 1622/718/803 1624/137/805 1623/359/806
f 1623/359/806 1624/137/805 1626/723/807 1625/171/808
f 1616/741/797 1614/727/796 1628/729/809 1626/987/807 1624/733/805 1622/977/803 1620/737/801 1618/739/799
f 1625/171/808 1626/723/807 1628/454/809 1627/362/810
f 1627/362/810 1628/454/809 1614/743/796 1613/457/795
f 1613/744/795 1615/746/798 1617/748/800 1619/750/802 1621/980/804 1623/754/806 1625/756/808 1627/758/810
f 1629/295/611 1630/710/612 1632/332/613 1631/364/614
f 1631/364/614 1632/332/613 1634/715/615 1633/5/616
f 1633/5/616 1634/715/615 1636/63/617 1635/358/618
f 1635/358/618 1636/63/617 1638/718/619 1637/95/620
f 1637/95/620 1638/718/619 1640/137/621 1639/359/622
f 1639/359/622 1640/137/621 1642/723/623 1641/171/624
f 1632/741/613 1630/727/612 1644/760/625 1642/987/623 1640/761/621 1638/977/619 1636/762/617 1634/739/615
f 1641/171/624 1642/723/623 1644/454/625 1643/362/626
f 1643/362/626 1644/454/625 1630/743/612 1629/457/611
f 1629/744/611 1631/746/614 1633/748/616 1635/763/618 1637/980/620 1639/764/622 1641/756/624 1643/758/626
f 1645/295/611 1646/710/612 1648/332/613 1647/364/614
f 1647/364/614 1648/332/613 1650/715/615 1649/5/616
f 1649/5/616 1650/715/615 1652/63/617 1651/358/618
f 1651/358/618 1652/63/617 1654/718/619 1653/95/620
f 1653/95/620 1654/718/619 1656/137/621 1655/359/622
f 1655/359/622 1656/137/621 1658/723/623 1657/171/624
f 1648/741/613 1646/727/612 1660/729/625 1658/987/623 1656/733/621 1654/977/619 1652/737/617 1650/739/615
f 1657/171/624 1658/723/623 1660/454/625 1659/362/626
f 1659/362/626 1660/454/625 1646/743/612 1645/457/611
f 1645/744/611 1647/746/614 1649/748/616 1651/750/618 1653/980/620 1655/754/622 1657/756/624 1659/758/626
f 1661/295/611 1662/710/612 1664/332/613 1663/364/614
f 1663/364/614 1664/332/613 1666/715/615 1665/5/616
f 1665/5/616 1666/715/615 1668/63/617 1667/358/618
f 1667/358/618 1668/63/617 1670/718/619 1669/95/620
f 1669/95/620 1670/718/619 1672/137/621 1671/359/622
f 1671/359/622 1672/137/621 1674/723/623 1673/171/624
f 1664/741/613 1662/727/612 1676/760/625 1674/987/623 1672/761/621 1670/977/619 1668/762/617 1666/739/615
f 1673/171/624 1674/723/623 1676/454/625 1675/362/626
f 1675/362/626 1676/454/625 1662/743/612 1661/457/611
f 1661/744/611 1663/746/614 1665/748/616 1667/763/618 1669/980/620 1671/764/622 1673/756/624 1675/758/626
f 1677/295/611 1678/710/612 1680/332/613 1679/364/614
f 1679/364/614 1680/332/613 1682/715/615 1681/5/616
f 1681/5/616 1682/715/615 1684/63/617 1683/358/618
f 1683/358/618 1684/63/617 1686/718/619 1685/95/620
f 1685/95/620 1686/718/619 1688/137/621 1687/359/622
f 1687/359/622 1688/137/621 1690/723/623 1689/171/624
f 1680/741/613 1678/727/612 1692/760/625 1690/731/623 1688/761/621 1686/735/619 1684/762/617 1682/739/615
f 1689/171/624 1690/723/623 1692/454/625 1691/362/626
f 1691/362/626 1692/454/625 1678/743/612 1677/457/611
f 1677/744/611 1679/746/614 1681/748/616 1683/763/618 1685/752/620 1687/764/622 1689/756/624 1691/758/626
s 0
usemtl Mat_CarbonKnuckles
f 1269/139/233 1270/65/233 1272/356/233 1271/357/233
f 1271/357/5 1272/356/5 1276/358/5 1275/359/5
f 1275/359/89 1276/358/89 1274/360/89 1273/361/89
f 1273/361/154 1274/360/154 1270/63/154 1269/137/154
f 1271/362/12 1275/359/12 1273/361/12 1269/363/12
f 1276/358/10 1272/364/10 1270/365/10 1274/360/10
f 1605/139/233 1606/65/233 1608/356/233 1607/357/233
f 1607/357/5 1608/356/5 1612/358/5 1611/359/5
f 1611/359/89 1612/358/89 1610/360/89 1609/361/89
f 1609/361/154 1610/360/154 1606/63/154 1605/137/154
f 1607/362/12 1611/359/12 1609/361/12 1605/363/12
f 1612/358/10 1608/364/10 1606/365/10 1610/360/10
usemtl Mat_CargoPants
f 1693/139/233 1694/65/233 1696/356/233 1695/357/233
f 1695/357/5 1696/356/5 1700/358/5 1699/359/5
f 1699/359/89 1700/358/89 1698/360/89 1697/361/89
f 1697/361/154 1698/360/154 1694/63/154 1693/137/154
f 1695/362/12 1699/359/12 1697/361/12 1693/363/12
f 1700/358/10 1696/364/10 1694/365/10 1698/360/10
s 1
f 1701/295/751 1702/710/752 1704/923/753 1703/924/754
f 1703/924/754 1704/923/753 1706/925/755 1705/926/756
f 1705/926/756 1706/925/755 1708/927/757 1707/928/758
f 1707/928/758 1708/927/757 1710/929/759 1709/930/760
f 1709/930/760 1710/929/759 1712/931/761 1711/932/762
f 1711/932/762 1712/931/761 1714/933/763 1713/934/764
f 1713/934/764 1714/933/763 1716/935/765 1715/936/766
f 1715/936/766 1716/935/765 1718/937/767 1717/938/768
f 1717/938/768 1718/937/767 1720/939/769 1719/940/770
f 1719/940/770 1720/939/769 1722/941/771 1721/942/772
f 1721/942/772 1722/941/771 1724/943/773 1723/944/774
f 1723/944/774 1724/943/773 1726/945/775 1725/946/776
f 1704/988/753 1702/727/752 1728/989/777 1726/990/775 1724/984/773 1722/991/771 1720/992/769 1718/993/767 1716/735/765 1714/994/763 1712/955/761 1710/995/759 1708/957/757 1706/958/755
f 1725/946/776 1726/945/775 1728/959/777 1727/960/778
f 1727/960/778 1728/959/777 1702/961/752 1701/962/751
f 1701/744/751 1703/996/754 1705/964/756 1707/965/758 1709/997/760 1711/967/762 1713/998/764 1715/752/766 1717/999/768 1719/970/770 1721/1000/772 1723/972/774 1725/973/776 1727/1001/778
s 0
f 1729/139/233 1730/65/233 1732/356/233 1731/357/233
f 1731/357/5 1732/356/5 1736/358/5 1735/359/5
f 1735/359/89 1736/358/89 1734/360/89 1733/361/89
f 1733/361/154 1734/360/154 1730/63/154 1729/137/154
f 1731/362/12 1735/359/12 1733/361/12 1729/363/12
f 1736/358/10 1732/364/10 1730/365/10 1734/360/10
s 1
f 1753/295/751 1754/710/752 1756/923/753 1755/924/754
f 1755/924/754 1756/923/753 1758/925/755 1757/926/756
f 1757/926/756 1758/925/755 1760/927/757 1759/928/758
f 1759/928/758 1760/927/757 1762/929/759 1761/930/760
f 1761/930/760 1762/929/759 1764/931/761 1763/932/762
f 1763/932/762 1764/931/761 1766/933/763 1765/934/764
f 1765/934/764 1766/933/763 1768/935/765 1767/936/766
f 1767/936/766 1768/935/765 1770/937/767 1769/938/768
f 1769/938/768 1770/937/767 1772/939/769 1771/940/770
f 1771/940/770 1772/939/769 1774/941/771 1773/942/772
f 1773/942/772 1774/941/771 1776/943/773 1775/944/774
f 1775/944/774 1776/943/773 1778/945/775 1777/946/776
f 1756/947/753 1754/727/752 1780/948/777 1778/949/775 1776/950/773 1774/951/771 1772/952/769 1770/1002/767 1768/735/765 1766/1003/763 1764/955/761 1762/956/759 1760/957/757 1758/958/755
f 1777/946/776 1778/945/775 1780/959/777 1779/960/778
f 1779/960/778 1780/959/777 1754/961/752 1753/962/751
f 1753/744/751 1755/963/754 1757/964/756 1759/965/758 1761/966/760 1763/967/762 1765/1004/764 1767/752/766 1769/1005/768 1771/970/770 1773/971/772 1775/972/774 1777/973/776 1779/974/778
f 1829/295/751 1830/710/752 1832/923/753 1831/924/754
f 1831/924/754 1832/923/753 1834/925/755 1833/926/756
f 1833/926/756 1834/925/755 1836/927/757 1835/928/758
f 1835/928/758 1836/927/757 1838/929/759 1837/930/760
f 1837/930/760 1838/929/759 1840/931/761 1839/932/762
f 1839/932/762 1840/931/761 1842/933/763 1841/934/764
f 1841/934/764 1842/933/763 1844/935/765 1843/936/766
f 1843/936/766 1844/935/765 1846/937/767 1845/938/768
f 1845/938/768 1846/937/767 1848/939/769 1847/940/770
f 1847/940/770 1848/939/769 1850/941/771 1849/942/772
f 1849/942/772 1850/941/771 1852/943/773 1851/944/774
f 1851/944/774 1852/943/773 1854/945/775 1853/946/776
f 1832/988/753 1830/727/752 1856/989/777 1854/990/775 1852/984/773 1850/991/771 1848/992/769 1846/993/767 1844/735/765 1842/994/763 1840/955/761 1838/995/759 1836/957/757 1834/958/755
f 1853/946/776 1854/945/775 1856/959/777 1855/960/778
f 1855/960/778 1856/959/777 1830/961/752 1829/962/751
f 1829/744/751 1831/996/754 1833/964/756 1835/965/758 1837/997/760 1839/967/762 1841/998/764 1843/752/766 1845/999/768 1847/970/770 1849/1000/772 1851/972/774 1853/973/776 1855/1001/778
s 0
f 1857/139/233 1858/65/233 1860/356/233 1859/357/233
f 1859/357/5 1860/356/5 1864/358/5 1863/359/5
f 1863/359/89 1864/358/89 1862/360/89 1861/361/89
f 1861/361/154 1862/360/154 1858/63/154 1857/137/154
f 1859/362/12 1863/359/12 1861/361/12 1857/363/12
f 1864/358/10 1860/364/10 1858/365/10 1862/360/10
s 1
f 1881/295/751 1882/710/752 1884/923/753 1883/924/754
f 1883/924/754 1884/923/753 1886/925/755 1885/926/756
f 1885/926/756 1886/925/755 1888/927/757 1887/928/758
f 1887/928/758 1888/927/757 1890/929/759 1889/930/760
f 1889/930/760 1890/929/759 1892/931/761 1891/932/762
f 1891/932/762 1892/931/761 1894/933/763 1893/934/764
f 1893/934/764 1894/933/763 1896/935/765 1895/936/766
f 1895/936/766 1896/935/765 1898/937/767 1897/938/768
f 1897/938/768 1898/937/767 1900/939/769 1899/940/770
f 1899/940/770 1900/939/769 1902/941/771 1901/942/772
f 1901/942/772 1902/941/771 1904/943/773 1903/944/774
f 1903/944/774 1904/943/773 1906/945/775 1905/946/776
f 1884/947/753 1882/727/752 1908/948/777 1906/949/775 1904/950/773 1902/951/771 1900/952/769 1898/1002/767 1896/735/765 1894/1003/763 1892/955/761 1890/956/759 1888/957/757 1886/958/755
f 1905/946/776 1906/945/775 1908/959/777 1907/960/778
f 1907/960/778 1908/959/777 1882/961/752 1881/962/751
f 1881/744/751 1883/963/754 1885/964/756 1887/965/758 1889/966/760 1891/967/762 1893/1004/764 1895/752/766 1897/1005/768 1899/970/770 1901/971/772 1903/972/774 1905/973/776 1907/974/778
s 0
usemtl Mat_KneePads
f 1737/139/233 1738/65/233 1740/356/233 1739/357/233
f 1739/357/5 1740/356/5 1744/358/5 1743/359/5
f 1743/359/89 1744/358/89 1742/360/89 1741/361/89
f 1741/361/154 1742/360/154 1738/63/154 1737/137/154
f 1739/362/12 1743/359/12 1741/361/12 1737/363/12
f 1744/358/10 1740/364/10 1738/365/10 1742/360/10
f 1865/139/233 1866/65/233 1868/356/233 1867/357/233
f 1867/357/5 1868/356/5 1872/358/5 1871/359/5
f 1871/359/89 1872/358/89 1870/360/89 1869/361/89
f 1869/361/154 1870/360/154 1866/63/154 1865/137/154
f 1867/362/12 1871/359/12 1869/361/12 1865/363/12
f 1872/358/10 1868/364/10 1866/365/10 1870/360/10
usemtl Mat_TacticalBoots
f 1781/139/233 1782/65/233 1784/356/233 1783/357/233
f 1783/357/5 1784/356/5 1788/358/5 1787/359/5
f 1787/359/89 1788/358/89 1786/360/89 1785/361/89
f 1785/361/154 1786/360/154 1782/63/154 1781/137/154
f 1783/362/12 1787/359/12 1785/361/12 1781/363/12
f 1788/358/10 1784/364/10 1782/365/10 1786/360/10
f 1789/139/233 1790/65/233 1792/356/233 1791/357/233
f 1791/357/5 1792/356/5 1796/358/5 1795/359/5
f 1795/359/89 1796/358/89 1794/360/89 1793/361/89
f 1793/361/154 1794/360/154 1790/63/154 1789/137/154
f 1791/362/12 1795/359/12 1793/361/12 1789/363/12
f 1796/358/10 1792/364/10 1790/365/10 1794/360/10
f 1797/139/233 1798/65/233 1800/356/233 1799/357/233
f 1799/357/5 1800/356/5 1804/358/5 1803/359/5
f 1803/359/89 1804/358/89 1802/360/89 1801/361/89
f 1801/361/154 1802/360/154 1798/63/154 1797/137/154
f 1799/362/12 1803/359/12 1801/361/12 1797/363/12
f 1804/358/10 1800/364/10 1798/365/10 1802/360/10
s 1
f 1805/295/811 1806/710/812 1808/1006/813 1807/1007/814
f 1807/1007/814 1808/1006/813 1810/1008/815 1809/491/816
f 1809/491/816 1810/1008/815 1812/1009/817 1811/1010/818
f 1811/1010/818 1812/1009/817 1814/1011/819 1813/1012/820
f 1813/1012/820 1814/1011/819 1816/1013/821 1815/1014/822
f 1815/1014/822 1816/1013/821 1818/1015/823 1817/1016/824
f 1817/1016/824 1818/1015/823 1820/1017/825 1819/1018/826
f 1819/1018/826 1820/1017/825 1822/1019/827 1821/1020/828
f 1821/1020/828 1822/1019/827 1824/1021/829 1823/1022/830
f 1823/1022/830 1824/1021/829 1826/1023/831 1825/1024/832
f 1808/1025/813 1806/727/812 1828/1026/833 1826/1027/831 1824/731/829 1822/1028/827 1820/1029/825 1818/735/823 1816/1030/821 1814/1031/819 1812/739/817 1810/1032/815
f 1825/1024/832 1826/1023/831 1828/1033/833 1827/1034/834
f 1827/1034/834 1828/1033/833 1806/1035/812 1805/1036/811
f 1805/744/811 1807/1037/814 1809/1038/816 1811/748/818 1813/1039/820 1815/1040/822 1817/752/824 1819/1041/826 1821/1042/828 1823/756/830 1825/1043/832 1827/1044/834
s 0
f 1909/139/233 1910/65/233 1912/356/233 1911/357/233
f 1911/357/5 1912/356/5 1916/358/5 1915/359/5
f 1915/359/89 1916/358/89 1914/360/89 1913/361/89
f 1913/361/154 1914/360/154 1910/63/154 1909/137/154
f 1911/362/12 1915/359/12 1913/361/12 1909/363/12
f 1916/358/10 1912/364/10 1910/365/10 1914/360/10
f 1917/139/233 1918/65/233 1920/356/233 1919/357/233
f 1919/357/5 1920/356/5 1924/358/5 1923/359/5
f 1923/359/89 1924/358/89 1922/360/89 1921/361/89
f 1921/361/154 1922/360/154 1918/63/154 1917/137/154
f 1919/362/12 1923/359/12 1921/361/12 1917/363/12
f 1924/358/10 1920/364/10 1918/365/10 1922/360/10
f 1925/139/233 1926/65/233 1928/356/233 1927/357/233
f 1927/357/5 1928/356/5 1932/358/5 1931/359/5
f 1931/359/89 1932/358/89 1930/360/89 1929/361/89
f 1929/361/154 1930/360/154 1926/63/154 1925/137/154
f 1927/362/12 1931/359/12 1929/361/12 1925/363/12
f 1932/358/10 1928/364/10 1926/365/10 1930/360/10
s 1
f 1933/295/811 1934/710/812 1936/1006/813 1935/1007/814
f 1935/1007/814 1936/1006/813 1938/1008/815 1937/491/816
f 1937/491/816 1938/1008/815 1940/1009/817 1939/1010/818
f 1939/1010/818 1940/1009/817 1942/1011/819 1941/1012/820
f 1941/1012/820 1942/1011/819 1944/1013/821 1943/1014/822
f 1943/1014/822 1944/1013/821 1946/1015/823 1945/1016/824
f 1945/1016/824 1946/1015/823 1948/1017/825 1947/1018/826
f 1947/1018/826 1948/1017/825 1950/1019/827 1949/1020/828
f 1949/1020/828 1950/1019/827 1952/1021/829 1951/1022/830
f 1951/1022/830 1952/1021/829 1954/1023/831 1953/1024/832
f 1936/1025/813 1934/727/812 1956/1026/833 1954/1027/831 1952/731/829 1950/1028/827 1948/1029/825 1946/735/823 1944/1030/821 1942/1031/819 1940/739/817 1938/1032/815
f 1953/1024/832 1954/1023/831 1956/1033/833 1955/1034/834
f 1955/1034/834 1956/1033/833 1934/1035/812 1933/1036/811
f 1933/744/811 1935/1037/814 1937/1038/816 1939/748/818 1941/1039/820 1943/1040/822 1945/752/824 1947/1041/826 1949/1042/828 1951/756/830 1953/1043/832 1955/1044/834
