# Blender 4.0.2
# www.blender.org
mtllib zombie_boss.mtl
o BossZombieMesh
v 0.009513 0.394374 -1.333103
v 0.018550 0.376385 -1.352551
v 0.026656 0.354144 -1.367488
v 0.033425 0.328766 -1.377166
v 0.038519 0.301525 -1.381098
v 0.041681 0.273785 -1.379088
v 0.042753 0.246939 -1.371237
v 0.041681 0.222332 -1.357939
v 0.038519 0.201199 -1.339859
v 0.033425 0.184598 -1.317905
v 0.026656 0.173363 -1.293177
v 0.018550 0.168056 -1.266917
v 0.009513 0.168945 -1.240439
v 0.017879 0.396211 -1.328636
v 0.034862 0.379965 -1.343840
v 0.050096 0.359289 -1.354971
v 0.062819 0.335218 -1.361470
v 0.072391 0.308960 -1.363010
v 0.078334 0.281831 -1.359516
v 0.080348 0.255192 -1.351161
v 0.078334 0.230378 -1.338366
v 0.072391 0.208634 -1.321771
v 0.062819 0.191050 -1.302209
v 0.050096 0.178508 -1.280660
v 0.034862 0.171637 -1.258206
v 0.017879 0.170781 -1.235972
v 0.024089 0.399024 -1.321791
v 0.046969 0.385451 -1.330495
v 0.067495 0.367172 -1.335793
v 0.084636 0.345103 -1.337422
v 0.097533 0.320351 -1.335298
v 0.105539 0.294157 -1.329528
v 0.108253 0.267835 -1.320403
v 0.105539 0.242704 -1.308379
v 0.097533 0.220025 -1.294058
v 0.084636 0.200935 -1.278161
v 0.067495 0.186391 -1.261482
v 0.046969 0.177123 -1.244860
v 0.024089 0.173594 -1.229127
v 0.027393 0.402475 -1.313395
v 0.053412 0.392181 -1.314124
v 0.076752 0.376842 -1.312269
v 0.096244 0.357229 -1.307923
v 0.110910 0.334324 -1.301304
v 0.120015 0.309278 -1.292744
v 0.123101 0.283344 -1.282672
v 0.120015 0.257825 -1.271594
v 0.110910 0.233999 -1.260064
v 0.096244 0.213061 -1.248662
v 0.076752 0.196061 -1.237958
v 0.053412 0.183852 -1.228489
v 0.027393 0.177045 -1.220731
v 0.027393 0.406148 -1.304461
v 0.053412 0.399342 -1.296703
v 0.076752 0.387132 -1.287234
v 0.096244 0.370133 -1.276530
v 0.110910 0.349195 -1.265128
v 0.120015 0.325369 -1.253598
v 0.123101 0.299849 -1.242520
v 0.120015 0.273916 -1.232448
v 0.110910 0.248869 -1.223888
v 0.096244 0.225965 -1.217270
v 0.076752 0.206352 -1.212923
v 0.053412 0.191013 -1.211068
v 0.027393 0.180718 -1.211797
v 0.024089 0.409599 -1.296065
v 0.046969 0.406071 -1.280332
v 0.067495 0.396802 -1.263709
v 0.084636 0.382258 -1.247031
v 0.097533 0.363168 -1.231134
v 0.105539 0.340489 -1.216813
v 0.108253 0.315359 -1.204789
v 0.105539 0.289036 -1.195664
v 0.097533 0.262843 -1.189894
v 0.084636 0.238091 -1.187770
v 0.067495 0.216022 -1.189399
v 0.046969 0.197742 -1.194697
v 0.024089 0.184169 -1.203401
v 0.017879 0.412413 -1.289220
v 0.034862 0.411557 -1.266986
v 0.050096 0.404685 -1.244532
v 0.062819 0.392143 -1.222983
v 0.072391 0.374560 -1.203421
v 0.078334 0.352816 -1.186826
v 0.080348 0.328002 -1.174031
v 0.078334 0.301363 -1.165676
v 0.072391 0.274234 -1.162182
v 0.062819 0.247976 -1.163723
v 0.050096 0.223905 -1.170221
v 0.034862 0.203228 -1.181352
v 0.017879 0.186983 -1.196556
v 0.009513 0.414249 -1.284753
v 0.018550 0.415137 -1.258276
v 0.026656 0.409831 -1.232015
v 0.033425 0.398595 -1.207287
v 0.038519 0.381995 -1.185333
v 0.041681 0.360861 -1.167253
v 0.042753 0.336254 -1.153955
v 0.041681 0.309408 -1.146104
v 0.038519 0.281669 -1.144094
v 0.033425 0.254427 -1.148026
v 0.026656 0.229050 -1.157704
v 0.018550 0.206809 -1.172641
v 0.009513 0.188819 -1.192089
v 0.000000 0.414887 -1.283202
v 0.000000 0.416381 -1.255250
v 0.000000 0.411618 -1.227667
v 0.000000 0.400836 -1.201836
v 0.000000 0.384577 -1.179052
v 0.000000 0.363655 -1.160456
v 0.000000 0.339120 -1.146982
v 0.000000 0.312202 -1.139306
v 0.000000 0.284251 -1.137812
v 0.000000 0.256668 -1.142575
v 0.000000 0.230837 -1.153357
v 0.000000 0.208052 -1.169616
v 0.000000 0.189457 -1.190538
v -0.009513 0.414249 -1.284753
v -0.018550 0.415137 -1.258276
v -0.026656 0.409831 -1.232015
v -0.033425 0.398595 -1.207287
v -0.038519 0.381995 -1.185333
v -0.041681 0.360861 -1.167253
v -0.042752 0.336254 -1.153955
v -0.041681 0.309408 -1.146104
v -0.038519 0.281669 -1.144094
v -0.033425 0.254427 -1.148026
v -0.026656 0.229050 -1.157704
v -0.018550 0.206809 -1.172641
v -0.009513 0.188819 -1.192089
v -0.017879 0.412413 -1.289220
v -0.034862 0.411557 -1.266986
v -0.050096 0.404685 -1.244532
v -0.062819 0.392143 -1.222983
v -0.072391 0.374560 -1.203421
v -0.078334 0.352816 -1.186826
v -0.080348 0.328002 -1.174031
v -0.078334 0.301363 -1.165676
v -0.072391 0.274234 -1.162182
v -0.062819 0.247976 -1.163723
v -0.050096 0.223905 -1.170221
v -0.034862 0.203228 -1.181352
v -0.017879 0.186983 -1.196556
v 0.000000 0.175983 -1.215073
v -0.024089 0.409599 -1.296065
v -0.046969 0.406071 -1.280332
v -0.067495 0.396802 -1.263709
v -0.084636 0.382258 -1.247031
v -0.097533 0.363168 -1.231134
v -0.105539 0.340489 -1.216813
v -0.108253 0.315359 -1.204789
v -0.105539 0.289036 -1.195664
v -0.097533 0.262843 -1.189894
v -0.084636 0.238091 -1.187770
v -0.067495 0.216022 -1.189399
v -0.046969 0.197742 -1.194697
v -0.024089 0.184169 -1.203401
v -0.027393 0.406148 -1.304461
v -0.053411 0.399342 -1.296703
v -0.076752 0.387132 -1.287234
v -0.096244 0.370133 -1.276530
v -0.110910 0.349195 -1.265128
v -0.120015 0.325369 -1.253598
v -0.123101 0.299849 -1.242520
v -0.120015 0.273916 -1.232448
v -0.110910 0.248869 -1.223888
v -0.096244 0.225965 -1.217269
v -0.076752 0.206352 -1.212923
v -0.053411 0.191013 -1.211068
v -0.027393 0.180718 -1.211797
v 0.000000 0.407210 -1.310120
v -0.027393 0.402475 -1.313395
v -0.053411 0.392181 -1.314124
v -0.076752 0.376842 -1.312269
v -0.096244 0.357229 -1.307922
v -0.110910 0.334324 -1.301304
v -0.120015 0.309278 -1.292744
v -0.123101 0.283344 -1.282672
v -0.120015 0.257825 -1.271594
v -0.110910 0.233999 -1.260064
v -0.096244 0.213061 -1.248662
v -0.076752 0.196061 -1.237958
v -0.053411 0.183852 -1.228489
v -0.027393 0.177045 -1.220731
v -0.024089 0.399024 -1.321791
v -0.046969 0.385451 -1.330495
v -0.067495 0.367172 -1.335793
v -0.084636 0.345103 -1.337422
v -0.097533 0.320351 -1.335298
v -0.105539 0.294157 -1.329528
v -0.108253 0.267835 -1.320403
v -0.105539 0.242704 -1.308379
v -0.097533 0.220025 -1.294058
v -0.084636 0.200935 -1.278161
v -0.067495 0.186391 -1.261482
v -0.046969 0.177123 -1.244860
v -0.024089 0.173594 -1.229127
v -0.017879 0.396211 -1.328636
v -0.034862 0.379965 -1.343840
v -0.050096 0.359289 -1.354971
v -0.062819 0.335218 -1.361469
v -0.072391 0.308960 -1.363010
v -0.078334 0.281831 -1.359516
v -0.080348 0.255192 -1.351161
v -0.078334 0.230378 -1.338366
v -0.072391 0.208634 -1.321771
v -0.062819 0.191050 -1.302209
v -0.050096 0.178508 -1.280660
v -0.034862 0.171637 -1.258206
v -0.017879 0.170781 -1.235972
v -0.009513 0.394374 -1.333103
v -0.018550 0.376385 -1.352551
v -0.026656 0.354144 -1.367488
v -0.033425 0.328766 -1.377166
v -0.038519 0.301525 -1.381098
v -0.041681 0.273785 -1.379088
v -0.042753 0.246939 -1.371237
v -0.041681 0.222332 -1.357938
v -0.038519 0.201199 -1.339859
v -0.033425 0.184598 -1.317905
v -0.026656 0.173363 -1.293177
v -0.018550 0.168056 -1.266916
v -0.009513 0.168945 -1.240439
v -0.000000 0.393737 -1.334654
v -0.000000 0.375141 -1.355576
v -0.000000 0.352357 -1.371835
v -0.000000 0.326525 -1.382617
v -0.000000 0.298942 -1.387380
v -0.000000 0.270991 -1.385886
v -0.000000 0.244073 -1.378210
v -0.000000 0.219538 -1.364736
v -0.000000 0.198617 -1.346141
v -0.000000 0.182357 -1.323356
v -0.000000 0.171576 -1.297524
v -0.000000 0.166813 -1.269942
v -0.000000 0.168307 -1.241990
v -0.069000 0.361093 -1.277648
v -0.069000 0.398089 -1.292855
v -0.069000 0.347786 -1.310020
v -0.069000 0.384783 -1.325227
v 0.069000 0.361093 -1.277648
v 0.069000 0.398089 -1.292855
v 0.069000 0.347786 -1.310020
v 0.069000 0.384783 -1.325227
v -0.052500 0.017867 -1.118267
v -0.052500 0.104843 -1.095129
v -0.052500 0.035863 -1.185914
v -0.052500 0.122838 -1.162777
v 0.052500 0.017867 -1.118267
v 0.052500 0.104843 -1.095129
v 0.052500 0.035863 -1.185914
v 0.052500 0.122838 -1.162777
v 0.000000 -0.048233 -1.147138
v 0.000000 0.109724 -1.121647
v 0.039917 -0.049684 -1.138143
v 0.039917 0.108272 -1.112652
v 0.071928 -0.053751 -1.112941
v 0.071928 0.104205 -1.087451
v 0.089693 -0.059629 -1.076523
v 0.089693 0.098328 -1.051033
v 0.089693 -0.066152 -1.036102
v 0.089693 0.091805 -1.010612
v 0.071928 -0.072029 -0.999684
v 0.071928 0.085928 -0.974194
v 0.039917 -0.076096 -0.974483
v 0.039917 0.081860 -0.948992
v 0.000000 -0.077547 -0.965488
v 0.000000 0.080409 -0.939997
v -0.039917 -0.076096 -0.974483
v -0.039917 0.081860 -0.948992
v -0.071928 -0.072029 -0.999684
v -0.071928 0.085928 -0.974194
v -0.089693 -0.066152 -1.036102
v -0.089693 0.091805 -1.010612
v -0.089693 -0.059629 -1.076523
v -0.089693 0.098328 -1.051033
v -0.071928 -0.053751 -1.112941
v -0.071928 0.104205 -1.087451
v -0.039917 -0.049684 -1.138143
v -0.039917 0.108272 -1.112652
v -0.230000 -0.179478 -0.710470
v -0.230000 0.116690 -0.662675
v -0.230000 -0.122124 -1.065872
v -0.230000 0.174044 -1.018077
v 0.230000 -0.179478 -0.710470
v 0.230000 0.116690 -0.662675
v 0.230000 -0.122124 -1.065872
v 0.230000 0.174044 -1.018077
v -0.210000 -0.269111 -0.636718
v -0.210000 -0.001617 -0.553972
v -0.210000 -0.215918 -0.808678
v -0.210000 0.051576 -0.725933
v 0.210000 -0.269111 -0.636718
v 0.210000 -0.001617 -0.553972
v 0.210000 -0.215918 -0.808678
v 0.210000 0.051576 -0.725933
v -0.200000 -0.310484 -0.502971
v -0.200000 -0.062097 -0.426135
v -0.200000 -0.263201 -0.655824
v -0.200000 -0.014814 -0.578989
v 0.200000 -0.310484 -0.502971
v 0.200000 -0.062097 -0.426135
v 0.200000 -0.263201 -0.655824
v 0.200000 -0.014814 -0.578989
v -0.300000 0.111298 -0.934178
v -0.300000 0.104977 -0.960849
v -0.300000 0.073159 -1.004914
v -0.300000 0.049829 -1.019304
v -0.300000 0.023570 -1.027166
v -0.300000 -0.003828 -1.027963
v -0.300000 -0.030500 -1.021643
v -0.300000 -0.074565 -0.989824
v -0.300000 -0.088955 -0.966494
v -0.289600 0.110969 -0.932135
v -0.279909 0.104341 -0.956904
v -0.271587 0.091068 -0.979397
v -0.265202 0.072056 -0.998081
v -0.261187 0.048599 -1.011683
v -0.259818 0.022297 -1.019275
v -0.261187 -0.005058 -1.020342
v -0.265202 -0.031603 -1.014809
v -0.271587 -0.055527 -1.003054
v -0.279909 -0.075202 -0.985878
v -0.289600 -0.089285 -0.964452
v -0.300000 0.110501 -0.906779
v -0.280784 0.110030 -0.926319
v -0.262877 0.102528 -0.945669
v -0.247500 0.088504 -0.963508
v -0.235701 0.068916 -0.978621
v -0.228284 0.045097 -0.989978
v -0.225754 0.018671 -0.996805
v -0.228284 -0.008561 -0.998637
v -0.235701 -0.034743 -0.995349
v -0.247500 -0.058092 -0.987165
v -0.262877 -0.077015 -0.974643
v -0.280784 -0.090223 -0.958636
v -0.274893 0.108626 -0.917616
v -0.251496 0.099814 -0.928854
v -0.231406 0.084667 -0.939728
v -0.215989 0.064216 -0.949497
v -0.206298 0.039855 -0.957494
v -0.202993 0.013244 -0.963176
v -0.206298 -0.013803 -0.966153
v -0.215989 -0.039443 -0.966225
v -0.231406 -0.061929 -0.963386
v -0.251496 -0.079728 -0.957829
v -0.274893 -0.091628 -0.949932
v -0.272824 0.106969 -0.907349
v -0.247500 0.096613 -0.909020
v -0.225754 0.080140 -0.911678
v -0.209067 0.058672 -0.915143
v -0.198578 0.033671 -0.919177
v -0.195000 0.006842 -0.923507
v -0.198578 -0.019987 -0.927837
v -0.209067 -0.044987 -0.931871
v -0.225754 -0.066456 -0.935336
v -0.247500 -0.082929 -0.937994
v -0.272824 -0.093285 -0.939665
v -0.274893 0.105312 -0.897082
v -0.251496 0.093412 -0.889185
v -0.231406 0.075613 -0.883628
v -0.215989 0.053127 -0.880789
v -0.206298 0.027487 -0.880860
v -0.202993 0.000440 -0.883839
v -0.206298 -0.026170 -0.889520
v -0.215989 -0.050531 -0.897517
v -0.231406 -0.070982 -0.907286
v -0.251496 -0.086130 -0.918160
v -0.274893 -0.094942 -0.929398
v -0.280784 0.103907 -0.888378
v -0.262877 0.090699 -0.872371
v -0.247500 0.071776 -0.859849
v -0.235701 0.048427 -0.851665
v -0.228284 0.022245 -0.848377
v -0.225754 -0.004987 -0.850209
v -0.228284 -0.031413 -0.857036
v -0.235701 -0.055231 -0.868393
v -0.247500 -0.074820 -0.883506
v -0.262877 -0.088843 -0.901345
v -0.280784 -0.096346 -0.920695
v -0.289600 0.102969 -0.882562
v -0.279909 0.088886 -0.861136
v -0.271587 0.069212 -0.843960
v -0.265202 0.045287 -0.832205
v -0.261187 0.018743 -0.826672
v -0.259818 -0.008613 -0.827739
v -0.261187 -0.034915 -0.835331
v -0.265202 -0.058372 -0.848933
v -0.271587 -0.077384 -0.867617
v -0.279909 -0.090657 -0.890110
v -0.289600 -0.097285 -0.914879
v -0.300000 0.102639 -0.880520
v -0.300000 0.088249 -0.857190
v -0.300000 0.068311 -0.838380
v -0.300000 0.044184 -0.825372
v -0.300000 0.017513 -0.819051
v -0.300000 -0.009886 -0.819848
v -0.300000 -0.036145 -0.827710
v -0.300000 -0.059475 -0.842100
v -0.300000 -0.078285 -0.862038
v -0.300000 -0.091293 -0.886165
v -0.300000 -0.097614 -0.912836
v -0.310400 0.102969 -0.882562
v -0.320091 0.088886 -0.861136
v -0.328413 0.069212 -0.843960
v -0.334799 0.045287 -0.832205
v -0.338813 0.018743 -0.826672
v -0.340182 -0.008613 -0.827739
v -0.338813 -0.034915 -0.835332
v -0.334799 -0.058372 -0.848934
v -0.328413 -0.077384 -0.867617
v -0.320091 -0.090657 -0.890110
v -0.310400 -0.097285 -0.914879
v -0.300000 -0.096817 -0.940235
v -0.319216 0.103907 -0.888378
v -0.337123 0.090699 -0.872371
v -0.352500 0.071776 -0.859849
v -0.364299 0.048428 -0.851665
v -0.371716 0.022245 -0.848377
v -0.374246 -0.004987 -0.850209
v -0.371716 -0.031413 -0.857036
v -0.364299 -0.055231 -0.868394
v -0.352500 -0.074820 -0.883506
v -0.337123 -0.088843 -0.901345
v -0.319216 -0.096346 -0.920695
v -0.325107 0.105312 -0.897082
v -0.348504 0.093412 -0.889186
v -0.368595 0.075613 -0.883628
v -0.384011 0.053127 -0.880789
v -0.393702 0.027487 -0.880861
v -0.397007 0.000440 -0.883839
v -0.393702 -0.026170 -0.889520
v -0.384011 -0.050531 -0.897517
v -0.368595 -0.070982 -0.907286
v -0.348504 -0.086130 -0.918160
v -0.325107 -0.094942 -0.929398
v -0.327176 0.106969 -0.907349
v -0.352500 0.096613 -0.909020
v -0.374246 0.080140 -0.911678
v -0.390933 0.058672 -0.915143
v -0.401422 0.033671 -0.919177
v -0.405000 0.006842 -0.923507
v -0.401422 -0.019987 -0.927837
v -0.390933 -0.044987 -0.931871
v -0.374246 -0.066456 -0.935336
v -0.352500 -0.082929 -0.937994
v -0.327176 -0.093285 -0.939665
v -0.325107 0.108626 -0.917616
v -0.348504 0.099814 -0.928854
v -0.368595 0.084667 -0.939728
v -0.384011 0.064216 -0.949497
v -0.393702 0.039855 -0.957494
v -0.397007 0.013244 -0.963176
v -0.393702 -0.013803 -0.966154
v -0.384011 -0.039443 -0.966225
v -0.368595 -0.061929 -0.963386
v -0.348504 -0.079728 -0.957829
v -0.325107 -0.091628 -0.949932
v -0.319216 0.110030 -0.926319
v -0.337123 0.102528 -0.945669
v -0.352500 0.088504 -0.963508
v -0.364299 0.068916 -0.978621
v -0.371716 0.045097 -0.989978
v -0.374246 0.018671 -0.996805
v -0.371716 -0.008561 -0.998637
v -0.364299 -0.034743 -0.995349
v -0.352500 -0.058092 -0.987165
v -0.337123 -0.077015 -0.974643
v -0.319216 -0.090223 -0.958636
v -0.310400 0.110969 -0.932135
v -0.320091 0.104341 -0.956904
v -0.328413 0.091068 -0.979397
v -0.334798 0.072056 -0.998081
v -0.338813 0.048599 -1.011682
v -0.340182 0.022297 -1.019275
v -0.338813 -0.005058 -1.020342
v -0.334798 -0.031603 -1.014809
v -0.328413 -0.055527 -1.003054
v -0.320091 -0.075202 -0.985878
v -0.310400 -0.089285 -0.964452
v -0.300000 0.091969 -0.984976
v -0.300000 -0.054627 -1.008634
v 0.240116 -0.111081 -1.370210
v 0.266133 0.140974 -1.251081
v 0.256744 -0.094374 -1.409189
v 0.282761 0.157680 -1.290061
v 0.292243 -0.085254 -1.436238
v 0.318260 0.166800 -1.317110
v 0.337101 -0.086165 -1.444109
v 0.363118 0.165890 -1.324980
v 0.379298 -0.096861 -1.430692
v 0.405315 0.155193 -1.311564
v 0.407527 -0.114478 -1.399584
v 0.433544 0.137577 -1.280455
v 0.414225 -0.134294 -1.359118
v 0.440242 0.117760 -1.239990
v 0.397597 -0.151001 -1.320139
v 0.423614 0.101054 -1.201011
v 0.362098 -0.160121 -1.293090
v 0.388115 0.091934 -1.173962
v 0.317240 -0.159210 -1.285219
v 0.343257 0.092844 -1.166091
v 0.275043 -0.148514 -1.298636
v 0.301060 0.103541 -1.179507
v 0.246813 -0.130897 -1.329745
v 0.272831 0.121158 -1.210616
v 0.549453 -0.106695 -1.329527
v 0.577328 0.163364 -1.201890
v 0.564569 -0.091507 -1.364963
v 0.592445 0.178551 -1.237325
v 0.596841 -0.083216 -1.389553
v 0.624717 0.186842 -1.261915
v 0.637621 -0.084044 -1.396708
v 0.665497 0.186015 -1.269071
v 0.675982 -0.093768 -1.384511
v 0.703857 0.176290 -1.256874
v 0.701645 -0.109783 -1.356231
v 0.729521 0.160275 -1.228593
v 0.707734 -0.127798 -1.319444
v 0.735610 0.142260 -1.191807
v 0.692617 -0.142986 -1.284008
v 0.720493 0.127073 -1.156371
v 0.660346 -0.151277 -1.259418
v 0.688221 0.118782 -1.131781
v 0.619566 -0.150449 -1.252263
v 0.647441 0.119609 -1.124626
v 0.581205 -0.140725 -1.264460
v 0.609080 0.129334 -1.136822
v 0.555542 -0.124710 -1.292741
v 0.583417 0.145349 -1.165103
v 0.934596 -0.033536 -1.192368
v 0.955038 0.164507 -1.098767
v 0.796100 -0.015070 -1.201190
v 0.816542 0.182973 -1.107589
v 0.945880 0.007967 -1.282646
v 0.966322 0.206010 -1.189045
v 0.807384 0.026433 -1.291468
v 0.827826 0.224476 -1.197867
v 0.959961 0.041157 -1.179782
v 1.376826 0.586228 -0.877091
v 0.836420 0.123256 -1.157481
v 1.253284 0.668327 -0.854790
v 0.963911 0.055683 -1.211379
v 1.380775 0.600754 -0.908688
v 0.840369 0.137782 -1.189078
v 1.257234 0.682853 -0.886387
v 0.952228 0.137942 -1.148992
v 1.341301 0.646675 -0.866480
v 0.923402 0.157098 -1.143789
v 1.312475 0.665831 -0.861277
v 0.953582 0.142922 -1.159825
v 1.342655 0.651655 -0.877314
v 0.924756 0.162079 -1.154622
v 1.313829 0.670811 -0.872110
v 0.300000 0.106324 -0.933669
v 0.300000 0.100304 -0.959071
v 0.300000 0.070001 -1.001038
v 0.300000 0.047782 -1.014742
v 0.300000 0.022774 -1.022230
v 0.300000 -0.003320 -1.022989
v 0.300000 -0.028722 -1.016969
v 0.300000 -0.070688 -0.986666
v 0.300000 -0.084393 -0.964447
v 0.309905 0.106010 -0.931725
v 0.319134 0.099698 -0.955314
v 0.327060 0.087058 -0.976735
v 0.333141 0.068951 -0.994529
v 0.336964 0.046611 -1.007484
v 0.338268 0.021561 -1.014715
v 0.336964 -0.004492 -1.015731
v 0.333141 -0.029772 -1.010461
v 0.327060 -0.052557 -0.999266
v 0.319134 -0.071295 -0.982908
v 0.309905 -0.084707 -0.962502
v 0.300000 0.105565 -0.907575
v 0.318301 0.105117 -0.926186
v 0.335355 0.097971 -0.944613
v 0.350000 0.084616 -0.961603
v 0.361237 0.065960 -0.975996
v 0.368301 0.043275 -0.986813
v 0.370711 0.018108 -0.993315
v 0.368301 -0.007828 -0.995059
v 0.361237 -0.032763 -0.991928
v 0.350000 -0.055000 -0.984134
v 0.335355 -0.073022 -0.972208
v 0.318301 -0.085601 -0.956964
v 0.323912 0.103779 -0.917896
v 0.346194 0.095387 -0.928599
v 0.365328 0.080961 -0.938956
v 0.380010 0.061483 -0.948259
v 0.389240 0.038282 -0.955876
v 0.392388 0.012939 -0.961287
v 0.389240 -0.012820 -0.964123
v 0.380010 -0.037239 -0.964191
v 0.365328 -0.058654 -0.961487
v 0.346194 -0.075606 -0.956194
v 0.323912 -0.086939 -0.948674
v 0.325882 0.102201 -0.908118
v 0.350000 0.092338 -0.909710
v 0.370711 0.076650 -0.912242
v 0.386603 0.056203 -0.915541
v 0.396593 0.032393 -0.919384
v 0.400000 0.006842 -0.923507
v 0.396593 -0.018709 -0.927631
v 0.386603 -0.042519 -0.931473
v 0.370711 -0.062965 -0.934773
v 0.350000 -0.078654 -0.937304
v 0.325882 -0.088517 -0.938896
v 0.323912 0.100623 -0.898340
v 0.346194 0.089290 -0.890820
v 0.365328 0.072338 -0.885527
v 0.380010 0.050923 -0.882823
v 0.389240 0.026504 -0.882891
v 0.392388 0.000745 -0.885728
v 0.389240 -0.024598 -0.891138
v 0.380010 -0.047799 -0.898755
v 0.365328 -0.067277 -0.908058
v 0.346194 -0.081703 -0.918415
v 0.323912 -0.090095 -0.929118
v 0.318301 0.099285 -0.890051
v 0.335355 0.086706 -0.874806
v 0.350000 0.068684 -0.862880
v 0.361237 0.046447 -0.855086
v 0.368301 0.021512 -0.851955
v 0.370711 -0.004423 -0.853700
v 0.368301 -0.029591 -0.860202
v 0.361237 -0.052275 -0.871018
v 0.350000 -0.070931 -0.885411
v 0.335355 -0.084287 -0.902401
v 0.318301 -0.091432 -0.920829
v 0.309905 0.098391 -0.884512
v 0.319134 0.084979 -0.864106
v 0.327060 0.066242 -0.847748
v 0.333141 0.043456 -0.836553
v 0.336964 0.018176 -0.831283
v 0.338268 -0.007877 -0.832299
v 0.336964 -0.032927 -0.839530
v 0.333141 -0.055266 -0.852485
v 0.327060 -0.073373 -0.870279
v 0.319134 -0.086014 -0.891700
v 0.309905 -0.092326 -0.915290
v 0.300000 0.098077 -0.882567
v 0.300000 0.084373 -0.860348
v 0.300000 0.065384 -0.842434
v 0.300000 0.042406 -0.830045
v 0.300000 0.017004 -0.824025
v 0.300000 -0.009090 -0.824784
v 0.300000 -0.034098 -0.832272
v 0.300000 -0.056317 -0.845977
v 0.300000 -0.074231 -0.864965
v 0.300000 -0.086620 -0.887943
v 0.300000 -0.092640 -0.913345
v 0.290095 0.098391 -0.884512
v 0.280866 0.084979 -0.864106
v 0.272940 0.066242 -0.847748
v 0.266859 0.043456 -0.836553
v 0.263036 0.018176 -0.831283
v 0.261732 -0.007877 -0.832299
v 0.263036 -0.032927 -0.839530
v 0.266859 -0.055266 -0.852485
v 0.272940 -0.073373 -0.870279
v 0.280866 -0.086014 -0.891700
v 0.290095 -0.092326 -0.915290
v 0.300000 -0.091881 -0.939439
v 0.281699 0.099285 -0.890051
v 0.264645 0.086706 -0.874806
v 0.250000 0.068684 -0.862880
v 0.238763 0.046447 -0.855086
v 0.231699 0.021512 -0.851955
v 0.229289 -0.004423 -0.853700
v 0.231699 -0.029591 -0.860202
v 0.238763 -0.052275 -0.871018
v 0.250000 -0.070931 -0.885411
v 0.264645 -0.084287 -0.902401
v 0.281699 -0.091432 -0.920829
v 0.276088 0.100623 -0.898340
v 0.253806 0.089290 -0.890820
v 0.234672 0.072338 -0.885527
v 0.219990 0.050923 -0.882823
v 0.210760 0.026504 -0.882891
v 0.207612 0.000745 -0.885728
v 0.210760 -0.024598 -0.891138
v 0.219990 -0.047799 -0.898755
v 0.234672 -0.067277 -0.908058
v 0.253806 -0.081703 -0.918415
v 0.276088 -0.090095 -0.929118
v 0.274118 0.102201 -0.908118
v 0.250000 0.092338 -0.909710
v 0.229289 0.076650 -0.912242
v 0.213398 0.056203 -0.915541
v 0.203407 0.032393 -0.919384
v 0.200000 0.006842 -0.923507
v 0.203407 -0.018709 -0.927631
v 0.213398 -0.042519 -0.931473
v 0.229289 -0.062965 -0.934773
v 0.250000 -0.078654 -0.937304
v 0.274118 -0.088517 -0.938896
v 0.276088 0.103779 -0.917896
v 0.253806 0.095387 -0.928599
v 0.234672 0.080961 -0.938956
v 0.219990 0.061483 -0.948259
v 0.210760 0.038283 -0.955876
v 0.207612 0.012939 -0.961287
v 0.210760 -0.012820 -0.964123
v 0.219990 -0.037239 -0.964191
v 0.234672 -0.058654 -0.961487
v 0.253806 -0.075606 -0.956194
v 0.276088 -0.086939 -0.948674
v 0.281699 0.105117 -0.926186
v 0.264645 0.097971 -0.944613
v 0.250000 0.084616 -0.961603
v 0.238763 0.065960 -0.975996
v 0.231699 0.043275 -0.986813
v 0.229289 0.018108 -0.993315
v 0.231699 -0.007828 -0.995059
v 0.238763 -0.032763 -0.991928
v 0.250000 -0.055000 -0.984134
v 0.264645 -0.073022 -0.972208
v 0.281699 -0.085601 -0.956964
v 0.290096 0.106010 -0.931724
v 0.280866 0.099698 -0.955314
v 0.272940 0.087058 -0.976735
v 0.266859 0.068951 -0.994529
v 0.263036 0.046611 -1.007484
v 0.261732 0.021561 -1.014715
v 0.263036 -0.004492 -1.015731
v 0.266859 -0.029772 -1.010461
v 0.272940 -0.052557 -0.999266
v 0.280866 -0.071295 -0.982908
v 0.290096 -0.084707 -0.962502
v 0.300000 0.087915 -0.982049
v 0.300000 -0.051700 -1.004580
v -0.243083 -0.111476 -1.370021
v -0.269100 0.140578 -1.250892
v -0.249553 -0.130617 -1.330935
v -0.275570 0.121437 -1.211807
v -0.276820 -0.147633 -1.300887
v -0.302837 0.104421 -1.181758
v -0.317578 -0.157965 -1.287928
v -0.343595 0.094089 -1.168799
v -0.360907 -0.158845 -1.295530
v -0.386924 0.093210 -1.176402
v -0.395196 -0.150036 -1.321657
v -0.421213 0.102019 -1.202529
v -0.411257 -0.133899 -1.359308
v -0.437274 0.118156 -1.240179
v -0.404788 -0.114758 -1.398393
v -0.430805 0.137297 -1.279265
v -0.377521 -0.097742 -1.428442
v -0.403538 0.154313 -1.309313
v -0.336762 -0.087410 -1.441401
v -0.362779 0.164645 -1.322272
v -0.293434 -0.086530 -1.433798
v -0.319451 0.165524 -1.314670
v -0.259145 -0.095339 -1.407671
v -0.285162 0.156715 -1.288543
v -0.554399 -0.107354 -1.329212
v -0.582275 0.162704 -1.201575
v -0.560108 -0.124243 -1.294725
v -0.587983 0.145815 -1.167087
v -0.584167 -0.139258 -1.268212
v -0.612042 0.130801 -1.140574
v -0.620130 -0.148374 -1.256777
v -0.648005 0.121685 -1.129140
v -0.658361 -0.149150 -1.263485
v -0.686237 0.120909 -1.135848
v -0.688616 -0.141377 -1.286538
v -0.716491 0.128681 -1.158901
v -0.702788 -0.127139 -1.319759
v -0.730663 0.142920 -1.192122
v -0.697079 -0.110250 -1.354247
v -0.724955 0.159809 -1.226609
v -0.673020 -0.095236 -1.380760
v -0.700896 0.174823 -1.253122
v -0.637057 -0.086119 -1.392194
v -0.664932 0.183939 -1.264557
v -0.598826 -0.085343 -1.385486
v -0.626701 0.184715 -1.257849
v -0.568571 -0.093116 -1.362433
v -0.596447 0.176943 -1.234796
v -0.887454 0.024883 -1.282172
v -0.893029 0.078895 -1.256645
v -0.788528 0.038073 -1.288474
v -0.794103 0.092084 -1.262946
v -0.876169 -0.016620 -1.191894
v -0.881745 0.037392 -1.166366
v -0.777243 -0.003431 -1.198196
v -0.782819 0.050581 -1.172668
v -0.171013 -0.382494 -0.491819
v -0.172945 -0.021021 -0.374628
v -0.119803 -0.387862 -0.474417
v -0.121735 -0.026389 -0.357225
v -0.084558 -0.400452 -0.435003
v -0.086491 -0.038979 -0.317811
v -0.074723 -0.416890 -0.384139
v -0.076655 -0.055417 -0.266947
v -0.092932 -0.432771 -0.335453
v -0.094865 -0.071299 -0.218261
v -0.134307 -0.443841 -0.301991
v -0.136239 -0.082369 -0.184799
v -0.187761 -0.447133 -0.292718
v -0.189693 -0.085661 -0.175526
v -0.238971 -0.441765 -0.310121
v -0.240904 -0.080293 -0.192929
v -0.274216 -0.429175 -0.349534
v -0.276148 -0.067703 -0.232343
v -0.284051 -0.412737 -0.400399
v -0.285984 -0.051265 -0.283207
v -0.265842 -0.396855 -0.449085
v -0.267774 -0.035383 -0.331893
v -0.224467 -0.385786 -0.482547
v -0.226399 -0.024313 -0.365355
v -0.206343 -0.518852 -0.071811
v -0.208174 -0.176405 0.039213
v -0.161474 -0.523556 -0.056563
v -0.163304 -0.181108 0.054461
v -0.130593 -0.534587 -0.022029
v -0.132423 -0.192139 0.088995
v -0.121975 -0.548990 0.022538
v -0.123806 -0.206542 0.133562
v -0.137930 -0.562905 0.065196
v -0.139760 -0.220457 0.176220
v -0.174182 -0.572604 0.094515
v -0.176013 -0.230157 0.205539
v -0.221018 -0.575489 0.102640
v -0.222849 -0.233041 0.213663
v -0.265888 -0.570785 0.087392
v -0.267718 -0.228338 0.198416
v -0.296769 -0.559754 0.052858
v -0.298599 -0.217306 0.163882
v -0.305386 -0.545351 0.008291
v -0.307217 -0.202904 0.119315
v -0.289432 -0.531436 -0.034368
v -0.291262 -0.188988 0.076656
v -0.253179 -0.521737 -0.063687
v -0.255010 -0.179289 0.047337
v -0.305575 -0.519501 0.301447
v -0.306846 -0.281690 0.378547
v -0.297600 -0.488720 0.206637
v -0.298871 -0.250910 0.283737
v -0.166023 -0.522270 0.312287
v -0.167294 -0.284459 0.389387
v -0.158047 -0.491489 0.217477
v -0.159319 -0.253678 0.294577
v -0.296403 -0.294618 0.369955
v -0.296708 -0.237543 0.388459
v -0.292415 -0.279227 0.322550
v -0.292721 -0.222153 0.341054
v -0.176787 -0.296991 0.379247
v -0.177092 -0.239916 0.397750
v -0.172799 -0.281600 0.331842
v -0.173104 -0.224526 0.350345
v 0.171451 -0.373465 -0.483876
v 0.172551 -0.008920 -0.376611
v 0.224906 -0.376388 -0.474490
v 0.226007 -0.011843 -0.367225
v 0.266285 -0.386451 -0.440716
v 0.267386 -0.021906 -0.333451
v 0.284501 -0.400957 -0.391605
v 0.285601 -0.036412 -0.284340
v 0.274671 -0.416019 -0.340315
v 0.275771 -0.051474 -0.233050
v 0.239431 -0.427601 -0.300589
v 0.240531 -0.063056 -0.193325
v 0.188222 -0.432601 -0.283073
v 0.189322 -0.068056 -0.175808
v 0.134766 -0.429677 -0.292459
v 0.135867 -0.065132 -0.185195
v 0.093387 -0.419615 -0.326233
v 0.094488 -0.055070 -0.218968
v 0.075172 -0.405109 -0.375344
v 0.076273 -0.040564 -0.268080
v 0.085002 -0.390047 -0.426634
v 0.086102 -0.025502 -0.319370
v 0.120242 -0.378465 -0.466360
v 0.121343 -0.013920 -0.359095
v 0.206830 -0.498213 -0.060278
v 0.207872 -0.152854 0.041341
v 0.253667 -0.500774 -0.052054
v 0.254709 -0.155416 0.049566
v 0.289923 -0.509591 -0.022462
v 0.290965 -0.164232 0.079158
v 0.305883 -0.522300 0.020569
v 0.306925 -0.176942 0.122189
v 0.297270 -0.535498 0.065509
v 0.298313 -0.190139 0.167128
v 0.266393 -0.545646 0.100316
v 0.267435 -0.200288 0.201935
v 0.221525 -0.550027 0.115664
v 0.222567 -0.204668 0.217283
v 0.174687 -0.547465 0.107440
v 0.175730 -0.202107 0.209059
v 0.138431 -0.538649 0.077847
v 0.139474 -0.193290 0.179467
v 0.122471 -0.525939 0.034816
v 0.123514 -0.180580 0.136436
v 0.131084 -0.512742 -0.010123
v 0.132126 -0.167383 0.091496
v 0.161961 -0.502593 -0.044930
v 0.163004 -0.157235 0.056689
v 0.166297 -0.491212 0.323750
v 0.167021 -0.251380 0.394318
v 0.158311 -0.463053 0.228129
v 0.159034 -0.223220 0.298698
v 0.305849 -0.488444 0.312909
v 0.306573 -0.248612 0.383479
v 0.297863 -0.460284 0.217289
v 0.298587 -0.220452 0.287858
v 0.176546 -0.264164 0.384529
v 0.176720 -0.206604 0.401466
v 0.172553 -0.250084 0.336719
v 0.172727 -0.192525 0.353655
v 0.296162 -0.261791 0.375238
v 0.296336 -0.204232 0.392174
v 0.292169 -0.247711 0.327427
v 0.292343 -0.190152 0.344364
vn -0.0000 -0.3802 -0.9249
vn -0.0000 -0.1675 -0.9859
vn 0.3336 -0.1451 -0.9315
vn 0.3420 -0.3573 -0.8691
vn -0.0000 -0.5743 -0.8187
vn 0.3336 -0.5519 -0.7643
vn -0.0000 0.8101 -0.5863
vn -0.0000 0.9249 -0.3802
vn 0.0801 0.8155 -0.5732
vn -0.0000 -0.7403 -0.6723
vn 0.3089 -0.7196 -0.6219
vn -0.0000 0.6601 -0.7512
vn 0.1518 0.6702 -0.7265
vn -0.0000 -0.8702 -0.4927
vn 0.2690 -0.8521 -0.4489
vn -0.0000 0.4777 -0.8785
vn 0.2158 0.4921 -0.8433
vn -0.0000 -0.9574 -0.2886
vn 0.2158 -0.9430 -0.2534
vn -0.0000 0.2721 -0.9623
vn 0.2690 0.2901 -0.9184
vn -0.0000 -0.9976 -0.0698
vn 0.1518 -0.9874 -0.0451
vn -0.0000 0.0535 -0.9986
vn 0.3089 0.0742 -0.9482
vn -0.0000 -0.9882 0.1529
vn 0.0801 -0.9829 0.1660
vn -0.0000 -0.9249 0.3802
vn 0.6428 -0.2912 -0.7085
vn 0.6271 -0.4875 -0.6076
vn 0.1506 0.8309 -0.5356
vn 0.5806 -0.6600 -0.4768
vn 0.2853 0.6995 -0.6552
vn 0.5056 -0.8002 -0.3225
vn 0.4056 0.5338 -0.7420
vn 0.4056 -0.9013 -0.1521
vn 0.5056 0.3421 -0.7921
vn 0.2853 -0.9581 0.0262
vn 0.5806 0.1338 -0.8031
vn 0.1506 -0.9674 0.2036
vn 0.6271 -0.0807 -0.7748
vn 0.2029 0.8546 -0.4779
vn 0.8448 -0.3888 -0.3675
vn 0.7822 -0.5686 -0.2546
vn 0.3844 0.7444 -0.5460
vn 0.6812 -0.7207 -0.1290
vn 0.5464 0.5976 -0.5867
vn 0.5464 -0.8375 0.0032
vn 0.6812 0.4216 -0.5985
vn 0.3844 -0.9132 0.1354
vn 0.7822 0.2252 -0.5809
vn 0.2029 -0.9437 0.2613
vn 0.8448 0.0179 -0.5347
vn 0.8660 -0.1901 -0.4625
vn 0.9607 -0.2678 -0.0731
vn 0.8895 -0.4565 0.0181
vn 0.2307 0.8837 -0.4072
vn 0.4371 0.7995 -0.4120
vn 0.7746 -0.6231 0.1084
vn 0.6214 0.6759 -0.3963
vn 0.6214 -0.7592 0.1936
vn 0.7746 0.5192 -0.3611
vn 0.4371 -0.8581 0.2694
vn 0.8895 0.3373 -0.3082
vn 0.2307 -0.9146 0.3320
vn 0.9607 0.1390 -0.2403
vn 0.9848 -0.0660 -0.1606
vn 0.8895 -0.3373 0.3082
vn 0.7746 -0.5192 0.3611
vn 0.4371 0.8581 -0.2694
vn 0.6214 0.7592 -0.1936
vn 0.6214 -0.6759 0.3963
vn 0.7746 0.6231 -0.1084
vn 0.4371 -0.7995 0.4120
vn 0.8895 0.4565 -0.0181
vn 0.2307 -0.8837 0.4072
vn 0.9607 0.2678 0.0731
vn 0.9848 0.0660 0.1606
vn 0.9607 -0.1390 0.2403
vn 0.2307 0.9146 -0.3320
vn 0.3844 0.9132 -0.1354
vn 0.5464 0.8375 -0.0032
vn 0.6812 -0.4216 0.5985
vn 0.5464 -0.5976 0.5867
vn 0.6812 0.7207 0.1290
vn 0.3844 -0.7444 0.5460
vn 0.7822 0.5686 0.2546
vn 0.2029 -0.8546 0.4780
vn 0.8448 0.3888 0.3675
vn 0.8660 0.1901 0.4625
vn 0.8448 -0.0179 0.5347
vn 0.2029 0.9437 -0.2613
vn 0.7822 -0.2252 0.5809
vn 0.5056 -0.3421 0.7921
vn 0.4056 -0.5338 0.7420
vn 0.4056 0.9013 0.1521
vn 0.5056 0.8002 0.3225
vn 0.2853 -0.6995 0.6552
vn 0.5806 0.6600 0.4768
vn 0.1506 -0.8309 0.5356
vn 0.6271 0.4875 0.6076
vn 0.6428 0.2912 0.7085
vn 0.6271 0.0807 0.7748
vn 0.1506 0.9674 -0.2036
vn 0.5806 -0.1338 0.8031
vn 0.2853 0.9581 -0.0262
vn 0.2158 0.9430 0.2534
vn 0.2690 0.8521 0.4489
vn 0.2158 -0.4921 0.8433
vn 0.1518 -0.6702 0.7265
vn 0.3089 0.7196 0.6219
vn 0.0801 -0.8155 0.5732
vn 0.3337 0.5519 0.7643
vn 0.3420 0.3573 0.8691
vn 0.3337 0.1451 0.9315
vn 0.0801 0.9829 -0.1660
vn 0.3089 -0.0742 0.9482
vn 0.1518 0.9874 0.0451
vn 0.2690 -0.2901 0.9184
vn -0.0000 -0.4777 0.8785
vn -0.0000 -0.6601 0.7512
vn -0.0000 0.8702 0.4927
vn -0.0000 0.7403 0.6723
vn -0.0000 -0.8101 0.5863
vn -0.0000 0.5743 0.8187
vn -0.0000 0.3802 0.9249
vn -0.0000 0.1675 0.9859
vn -0.0000 0.9882 -0.1529
vn -0.0000 -0.0535 0.9986
vn -0.0000 0.9976 0.0699
vn -0.0000 -0.2721 0.9623
vn -0.0000 0.9574 0.2886
vn -0.1518 -0.6702 0.7265
vn -0.0801 -0.8155 0.5732
vn -0.3089 0.7196 0.6219
vn -0.3337 0.5519 0.7643
vn -0.3420 0.3573 0.8691
vn -0.3337 0.1451 0.9315
vn -0.0801 0.9829 -0.1660
vn -0.3089 -0.0742 0.9482
vn -0.1518 0.9874 0.0451
vn -0.2690 -0.2901 0.9184
vn -0.2158 0.9430 0.2534
vn -0.2158 -0.4921 0.8433
vn -0.2690 0.8521 0.4489
vn -0.5806 0.6600 0.4768
vn -0.6271 0.4875 0.6076
vn -0.1506 -0.8309 0.5356
vn -0.6428 0.2912 0.7085
vn -0.6271 0.0807 0.7748
vn -0.1506 0.9674 -0.2036
vn -0.5806 -0.1338 0.8031
vn -0.2853 0.9581 -0.0262
vn -0.5056 -0.3421 0.7921
vn -0.4056 0.9013 0.1521
vn -0.4056 -0.5338 0.7420
vn -0.5056 0.8002 0.3225
vn -0.2853 -0.6995 0.6552
vn -0.2029 -0.8546 0.4780
vn -0.8448 0.3888 0.3675
vn -0.8660 0.1901 0.4625
vn -0.8448 -0.0179 0.5347
vn -0.2029 0.9437 -0.2613
vn -0.7822 -0.2252 0.5809
vn -0.3844 0.9132 -0.1354
vn -0.6812 -0.4216 0.5985
vn -0.5464 0.8375 -0.0032
vn -0.5464 -0.5976 0.5867
vn -0.6812 0.7207 0.1290
vn -0.3844 -0.7444 0.5460
vn -0.7822 0.5686 0.2546
vn -0.9607 0.2678 0.0731
vn -0.9848 0.0660 0.1606
vn -0.9607 -0.1390 0.2403
vn -0.2307 0.9146 -0.3320
vn -0.8895 -0.3373 0.3082
vn -0.4371 0.8581 -0.2694
vn -0.7746 -0.5192 0.3611
vn -0.6214 0.7592 -0.1936
vn -0.6214 -0.6759 0.3963
vn -0.7746 0.6231 -0.1084
vn -0.4371 -0.7995 0.4120
vn -0.8895 0.4565 -0.0181
vn -0.2307 -0.8837 0.4072
vn -0.9848 -0.0660 -0.1606
vn -0.9607 -0.2678 -0.0731
vn -0.2307 0.8837 -0.4072
vn -0.8895 -0.4565 0.0181
vn -0.4371 0.7995 -0.4120
vn -0.7746 -0.6231 0.1084
vn -0.6214 0.6759 -0.3963
vn -0.6214 -0.7592 0.1936
vn -0.7746 0.5192 -0.3611
vn -0.4371 -0.8581 0.2694
vn -0.8895 0.3373 -0.3082
vn -0.2307 -0.9146 0.3320
vn -0.9607 0.1390 -0.2403
vn -0.2029 0.8546 -0.4779
vn -0.8448 -0.3888 -0.3675
vn -0.7822 -0.5686 -0.2546
vn -0.3844 0.7444 -0.5460
vn -0.6812 -0.7207 -0.1290
vn -0.5464 0.5976 -0.5867
vn -0.5464 -0.8375 0.0032
vn -0.6812 0.4216 -0.5985
vn -0.3844 -0.9132 0.1354
vn -0.7822 0.2252 -0.5809
vn -0.2029 -0.9437 0.2613
vn -0.8448 0.0179 -0.5347
vn -0.8660 -0.1901 -0.4625
vn -0.6271 -0.4875 -0.6076
vn -0.5806 -0.6600 -0.4768
vn -0.1506 0.8309 -0.5356
vn -0.2853 0.6995 -0.6552
vn -0.5056 -0.8002 -0.3225
vn -0.4056 0.5338 -0.7420
vn -0.4056 -0.9013 -0.1521
vn -0.5056 0.3421 -0.7921
vn -0.2853 -0.9581 0.0262
vn -0.5806 0.1338 -0.8031
vn -0.1506 -0.9674 0.2036
vn -0.6271 -0.0807 -0.7748
vn -0.6428 -0.2912 -0.7085
vn -0.0801 0.8155 -0.5732
vn -0.1518 0.6702 -0.7265
vn -0.3089 -0.7196 -0.6219
vn -0.2690 -0.8521 -0.4489
vn -0.2158 0.4921 -0.8433
vn -0.2158 -0.9430 -0.2534
vn -0.2690 0.2901 -0.9184
vn -0.1518 -0.9874 -0.0451
vn -0.3089 0.0742 -0.9482
vn -0.0801 -0.9829 0.1660
vn -0.3336 -0.1451 -0.9315
vn -0.3420 -0.3573 -0.8691
vn -0.3336 -0.5519 -0.7643
vn -1.0000 -0.0000 -0.0000
vn 1.0000 -0.0000 -0.0000
vn -0.0000 0.2571 -0.9664
vn -0.0000 -0.2571 0.9664
vn -0.0000 -0.9664 -0.2571
vn -0.0000 0.9664 0.2571
vn -0.0000 -0.5322 -0.8466
vn -0.0000 0.7715 -0.6362
vn 0.3259 0.7597 -0.5628
vn 0.3259 -0.5440 -0.7732
vn 0.5872 0.7265 -0.3571
vn 0.5872 -0.5772 -0.5675
vn 0.7322 0.6785 -0.0598
vn 0.7322 -0.6252 -0.2702
vn 0.7322 0.6252 0.2702
vn 0.7322 -0.6785 0.0598
vn 0.5872 0.5772 0.5675
vn 0.5872 -0.7265 0.3571
vn 0.3259 0.5440 0.7732
vn 0.3259 -0.7597 0.5628
vn -0.0000 0.5322 0.8466
vn -0.0000 -0.7715 0.6362
vn -0.3259 0.5440 0.7732
vn -0.3259 -0.7597 0.5628
vn -0.5872 0.5772 0.5675
vn -0.5872 -0.7265 0.3571
vn -0.7322 0.6252 0.2702
vn -0.7322 -0.6785 0.0598
vn -0.7322 0.6785 -0.0598
vn -0.7322 -0.6252 -0.2702
vn -0.5872 0.7265 -0.3571
vn -0.5872 -0.5772 -0.5675
vn -0.3259 0.7597 -0.5628
vn -0.3259 -0.5440 -0.7732
vn -0.0000 0.1593 -0.9872
vn -0.0000 -0.1593 0.9872
vn -0.0000 -0.9872 -0.1593
vn -0.0000 0.9872 0.1593
vn -0.0000 0.2955 -0.9553
vn -0.0000 -0.2955 0.9553
vn -0.0000 -0.9553 -0.2955
vn -0.0000 0.9553 0.2955
vn -0.0000 0.4057 -0.9140
vn 0.3700 0.3939 -0.8414
vn 0.3827 0.1472 -0.9121
vn -0.0000 0.8041 -0.5945
vn -0.0000 0.9296 -0.3686
vn 0.1959 0.9234 -0.3302
vn 0.2736 0.7954 -0.5408
vn -0.0000 -0.7664 -0.6423
vn -0.0000 -0.5762 -0.8173
vn 0.2736 -0.5849 -0.7636
vn 0.1959 -0.7726 -0.6039
vn -0.0000 -0.0975 -0.9952
vn 0.3700 -0.1093 -0.9226
vn -0.0000 0.6254 -0.7803
vn 0.3329 0.6149 -0.7149
vn -0.0000 -0.9058 -0.4236
vn 0.1048 -0.9092 -0.4030
vn -0.0000 0.9931 -0.1172
vn 0.1048 0.9898 -0.0966
vn -0.0000 -0.3482 -0.9374
vn 0.3329 -0.3587 -0.8720
vn 0.5056 0.7707 -0.3878
vn 0.6152 0.5848 -0.5287
vn 0.3621 -0.7903 -0.4943
vn 0.1937 -0.9186 -0.3444
vn 0.1937 0.9803 -0.0380
vn 0.6838 -0.1427 -0.7156
vn 0.6152 -0.3888 -0.6859
vn 0.6838 0.3605 -0.6344
vn 0.3621 0.9057 -0.2206
vn 0.5056 -0.6096 -0.6105
vn 0.7071 0.1127 -0.6981
vn 0.4730 0.8792 -0.0566
vn 0.6606 0.7337 -0.1588
vn 0.6606 -0.6465 -0.3815
vn 0.4730 -0.8168 -0.3303
vn 0.9239 0.0610 -0.3778
vn 0.8934 -0.1926 -0.4059
vn 0.8038 0.5398 -0.2501
vn 0.2531 -0.9328 -0.2567
vn 0.2531 0.9662 0.0497
vn 0.8038 -0.4338 -0.4072
vn 0.8934 0.3106 -0.3247
vn 0.8700 0.4868 0.0786
vn 0.9670 0.2516 0.0406
vn 0.2739 -0.9495 -0.1532
vn 0.2739 0.9495 0.1532
vn 0.5120 0.8480 0.1368
vn 0.8700 -0.4868 -0.0786
vn 0.7151 -0.6901 -0.1114
vn 0.7151 0.6901 0.1114
vn 0.5120 -0.8480 -0.1369
vn 0.9670 -0.2516 -0.0406
vn 0.6606 0.6465 0.3815
vn 0.8038 0.4338 0.4072
vn 0.4730 -0.8792 0.0566
vn 0.2531 -0.9662 -0.0497
vn 0.2531 0.9328 0.2567
vn 0.8934 -0.3106 0.3247
vn 0.8038 -0.5398 0.2501
vn 0.8934 0.1926 0.4059
vn 0.4730 0.8168 0.3303
vn 0.6606 -0.7337 0.1588
vn 0.9239 -0.0610 0.3778
vn 0.6838 0.1427 0.7156
vn 0.7071 -0.1127 0.6981
vn 0.3621 0.7903 0.4943
vn 0.5056 0.6096 0.6105
vn 0.5056 -0.7707 0.3878
vn 0.3621 -0.9057 0.2206
vn 0.6838 -0.3605 0.6344
vn 0.6152 0.3888 0.6859
vn 0.1937 -0.9803 0.0380
vn 0.1937 0.9186 0.3444
vn 0.6152 -0.5848 0.5287
vn 0.3329 0.3587 0.8720
vn 0.3700 0.1093 0.9226
vn 0.1048 -0.9898 0.0966
vn 0.1048 0.9092 0.4030
vn 0.1959 0.7726 0.6039
vn 0.3329 -0.6149 0.7149
vn 0.2736 -0.7954 0.5408
vn 0.3827 -0.1472 0.9121
vn 0.2736 0.5849 0.7636
vn 0.1959 -0.9234 0.3302
vn 0.3700 -0.3939 0.8414
vn -0.0000 -0.4057 0.9140
vn -0.0000 0.5762 0.8173
vn -0.0000 0.3482 0.9374
vn -0.0000 -0.9296 0.3686
vn -0.0000 -0.9931 0.1172
vn -0.0000 0.9058 0.4236
vn -0.0000 -0.6254 0.7803
vn -0.0000 0.0975 0.9952
vn -0.0000 0.7664 0.6423
vn -0.0000 -0.8041 0.5945
vn -0.3700 0.1093 0.9226
vn -0.3827 -0.1472 0.9121
vn -0.1959 0.7726 0.6039
vn -0.2736 0.5849 0.7636
vn -0.2736 -0.7954 0.5408
vn -0.1959 -0.9234 0.3302
vn -0.3700 -0.3939 0.8414
vn -0.3329 0.3587 0.8720
vn -0.1048 -0.9898 0.0966
vn -0.1048 0.9092 0.4030
vn -0.3329 -0.6149 0.7149
vn -0.6838 -0.3605 0.6344
vn -0.6152 -0.5848 0.5287
vn -0.6152 0.3888 0.6859
vn -0.6838 0.1427 0.7156
vn -0.1937 -0.9803 0.0380
vn -0.1937 0.9186 0.3444
vn -0.3621 0.7903 0.4943
vn -0.5056 -0.7707 0.3878
vn -0.7071 -0.1127 0.6981
vn -0.5056 0.6096 0.6105
vn -0.3621 -0.9057 0.2206
vn -0.9239 -0.0610 0.3778
vn -0.8934 -0.3106 0.3247
vn -0.6606 0.6465 0.3815
vn -0.8038 0.4338 0.4072
vn -0.4730 -0.8792 0.0566
vn -0.2531 -0.9662 -0.0497
vn -0.2531 0.9328 0.2567
vn -0.8038 -0.5398 0.2501
vn -0.8934 0.1926 0.4059
vn -0.4730 0.8168 0.3303
vn -0.6606 -0.7337 0.1588
vn -0.8700 -0.4868 -0.0786
vn -0.7151 -0.6901 -0.1114
vn -0.9670 0.2516 0.0406
vn -0.5120 0.8480 0.1368
vn -0.7151 0.6901 0.1114
vn -0.5120 -0.8480 -0.1369
vn -0.9670 -0.2516 -0.0406
vn -0.8700 0.4868 0.0786
vn -0.2739 -0.9495 -0.1532
vn -0.2739 0.9495 0.1532
vn -0.2531 0.9662 0.0497
vn -0.8934 -0.1926 -0.4059
vn -0.8038 -0.4338 -0.4072
vn -0.8038 0.5398 -0.2501
vn -0.8934 0.3106 -0.3247
vn -0.2531 -0.9328 -0.2567
vn -0.4730 0.8792 -0.0566
vn -0.6606 -0.6465 -0.3815
vn -0.9239 0.0610 -0.3778
vn -0.6606 0.7337 -0.1588
vn -0.4730 -0.8168 -0.3303
vn -0.5056 -0.6096 -0.6105
vn -0.3621 -0.7903 -0.4943
vn -0.7071 0.1127 -0.6981
vn -0.6838 -0.1427 -0.7156
vn -0.5056 0.7707 -0.3878
vn -0.6152 0.5848 -0.5287
vn -0.1937 -0.9186 -0.3444
vn -0.1937 0.9803 -0.0380
vn -0.6152 -0.3888 -0.6859
vn -0.6838 0.3605 -0.6344
vn -0.3621 0.9057 -0.2206
vn -0.1048 0.9898 -0.0966
vn -0.1959 0.9234 -0.3302
vn -0.3329 -0.3587 -0.8720
vn -0.2736 -0.5849 -0.7636
vn -0.3700 0.3939 -0.8414
vn -0.3827 0.1472 -0.9121
vn -0.2736 0.7954 -0.5408
vn -0.1959 -0.7726 -0.6039
vn -0.3700 -0.1093 -0.9226
vn -0.3329 0.6148 -0.7149
vn -0.1048 -0.9092 -0.4030
vn -0.8097 -0.4882 -0.3256
vn -0.6883 0.6879 0.2302
vn -0.5453 0.8316 -0.1052
vn -0.6667 -0.3444 -0.6610
vn -0.2398 0.9101 -0.3379
vn -0.3612 -0.2660 -0.8938
vn 0.1461 0.9023 -0.4056
vn 0.0247 -0.2738 -0.9615
vn 0.5092 0.8102 -0.2902
vn 0.3878 -0.3658 -0.8460
vn 0.7521 0.6587 -0.0225
vn 0.6307 -0.5174 -0.5784
vn 0.8097 0.4882 0.3256
vn 0.6883 -0.6879 -0.2302
vn 0.6667 0.3444 0.6610
vn 0.5453 -0.8316 0.1052
vn 0.3612 0.2660 0.8938
vn 0.2398 -0.9101 0.3379
vn -0.0247 0.2738 0.9615
vn -0.1461 -0.9023 0.4056
vn -0.3878 0.3658 0.8460
vn -0.5092 -0.8102 0.2902
vn -0.6307 0.5174 0.5784
vn -0.7521 -0.6587 0.0225
vn -0.1128 -0.4150 0.9028
vn -0.9893 0.1319 -0.0630
vn 0.1128 0.4150 -0.9028
vn 0.9893 -0.1319 0.0630
vn -0.0929 -0.9002 -0.4255
vn 0.0929 0.9002 0.4255
vn -0.8236 0.5473 0.1487
vn 0.8236 -0.5473 -0.1487
vn -0.5558 -0.7268 -0.4036
vn 0.5558 0.7268 0.4036
vn 0.5120 0.8480 0.1369
vn 0.5120 -0.8480 -0.1368
vn -0.0000 -0.8041 0.5946
vn -0.3329 0.6149 -0.7149
vn 0.8097 -0.4882 -0.3256
vn 0.6883 0.6879 0.2302
vn 0.6307 0.5174 0.5784
vn 0.7521 -0.6587 0.0225
vn 0.3878 0.3658 0.8460
vn 0.5092 -0.8102 0.2902
vn 0.0247 0.2738 0.9615
vn 0.1461 -0.9023 0.4056
vn -0.3612 0.2660 0.8938
vn -0.2398 -0.9101 0.3379
vn -0.6667 0.3444 0.6610
vn -0.5453 -0.8316 0.1052
vn -0.8097 0.4882 0.3256
vn -0.6883 -0.6879 -0.2302
vn -0.7521 0.6587 -0.0225
vn -0.6307 -0.5174 -0.5784
vn -0.5092 0.8102 -0.2902
vn -0.3878 -0.3658 -0.8460
vn -0.1461 0.9023 -0.4056
vn -0.0247 -0.2738 -0.9615
vn 0.2398 0.9101 -0.3379
vn 0.3612 -0.2660 -0.8938
vn 0.5453 0.8316 -0.1052
vn 0.6667 -0.3444 -0.6610
vn -0.1128 0.4150 -0.9028
vn 0.9893 0.1319 -0.0630
vn 0.1128 -0.4150 0.9028
vn -0.9893 -0.1319 0.0630
vn 0.0929 -0.9002 -0.4255
vn -0.0929 0.9002 0.4255
vn 0.0637 -0.3883 -0.9193
vn 0.0571 0.8544 -0.5164
vn 0.4263 0.8157 -0.3909
vn 0.4330 -0.4270 -0.7938
vn 0.6805 0.7249 -0.1067
vn 0.6871 -0.5178 -0.5096
vn 0.7514 0.6064 0.2601
vn 0.7581 -0.6364 -0.1428
vn 0.6201 0.4919 0.6112
vn 0.6268 -0.7509 0.2083
vn 0.3218 0.4121 0.8525
vn 0.3284 -0.8307 0.4495
vn -0.0637 0.3883 0.9193
vn -0.0571 -0.8544 0.5164
vn -0.4330 0.4270 0.7938
vn -0.4263 -0.8157 0.3909
vn -0.6871 0.5178 0.5096
vn -0.6805 -0.7249 0.1067
vn -0.7581 0.6363 0.1428
vn -0.7514 -0.6064 -0.2601
vn -0.6268 0.7509 -0.2083
vn -0.6201 -0.4919 -0.6112
vn -0.3284 0.8307 -0.4495
vn -0.3218 -0.4121 -0.8525
vn 0.7581 -0.6363 -0.1428
vn -0.9968 0.0198 -0.0774
vn 0.0798 0.3078 -0.9481
vn 0.9968 -0.0198 0.0774
vn -0.0798 -0.3078 0.9481
vn 0.0051 -0.9512 -0.3084
vn -0.0051 0.9512 0.3084
vn -0.0624 -0.4134 -0.9084
vn -0.0586 0.8399 -0.5396
vn 0.3269 0.8188 -0.4719
vn 0.3231 -0.4345 -0.8407
vn 0.6253 0.7462 -0.2284
vn 0.6215 -0.5071 -0.5972
vn 0.7566 0.6416 0.1258
vn 0.7528 -0.6117 -0.2430
vn 0.6858 0.5330 0.4956
vn 0.6820 -0.7203 0.1268
vn 0.4316 0.4495 0.7821
vn 0.4278 -0.8038 0.4133
vn 0.0624 0.4134 0.9084
vn 0.0586 -0.8399 0.5396
vn -0.3231 0.4345 0.8407
vn -0.3269 -0.8188 0.4719
vn -0.6215 0.5071 0.5972
vn -0.6253 -0.7462 0.2284
vn -0.7528 0.6117 0.2430
vn -0.7566 -0.6416 -0.1258
vn -0.6820 0.7203 -0.1268
vn -0.6858 -0.5330 -0.4956
vn -0.4278 0.8038 -0.4133
vn -0.4316 -0.4495 -0.7821
vn -0.9968 -0.0198 0.0774
vn -0.0799 0.2816 -0.9562
vn 0.9968 0.0198 -0.0774
vn 0.0799 -0.2816 0.9562
vn -0.0029 -0.9593 -0.2823
vn 0.0029 0.9593 0.2823
vt 0.722222 0.500000
vt 0.722222 0.571429
vt 0.666667 0.571429
vt 0.666667 0.500000
vt 0.722222 0.428571
vt 0.666667 0.428571
vt 0.722222 0.928572
vt 0.694444 1.000000
vt 0.666667 0.928572
vt 0.722222 0.357143
vt 0.666667 0.357143
vt 0.722222 0.857143
vt 0.666667 0.857143
vt 0.722222 0.285714
vt 0.666667 0.285714
vt 0.722222 0.785714
vt 0.666667 0.785714
vt 0.722222 0.214286
vt 0.666667 0.214286
vt 0.722222 0.714286
vt 0.666667 0.714286
vt 0.722222 0.142857
vt 0.666667 0.142857
vt 0.722222 0.642857
vt 0.666667 0.642857
vt 0.722222 0.071429
vt 0.666667 0.071429
vt 0.694444 0.000000
vt 0.611111 0.500000
vt 0.611111 0.428571
vt 0.638889 1.000000
vt 0.611111 0.928572
vt 0.611111 0.357143
vt 0.611111 0.857143
vt 0.611111 0.285714
vt 0.611111 0.785714
vt 0.611111 0.214286
vt 0.611111 0.714286
vt 0.611111 0.142857
vt 0.611111 0.642857
vt 0.611111 0.071429
vt 0.611111 0.571429
vt 0.638889 0.000000
vt 0.583333 1.000000
vt 0.555555 0.928572
vt 0.555555 0.428571
vt 0.555555 0.357143
vt 0.555556 0.857143
vt 0.555555 0.285714
vt 0.555556 0.785714
vt 0.555556 0.214286
vt 0.555555 0.714286
vt 0.555556 0.142857
vt 0.555555 0.642857
vt 0.555555 0.071429
vt 0.555555 0.571429
vt 0.583333 0.000000
vt 0.555555 0.500000
vt 0.500000 0.428571
vt 0.500000 0.357143
vt 0.500000 0.928572
vt 0.500000 0.857143
vt 0.500000 0.285714
vt 0.500000 0.785714
vt 0.500000 0.214286
vt 0.500000 0.714286
vt 0.500000 0.142857
vt 0.500000 0.642857
vt 0.500000 0.071429
vt 0.500000 0.571429
vt 0.527778 0.000000
vt 0.500000 0.500000
vt 0.527778 1.000000
vt 0.444444 0.357143
vt 0.444444 0.285714
vt 0.444444 0.857143
vt 0.444444 0.785714
vt 0.444444 0.214286
vt 0.444444 0.714286
vt 0.444444 0.142857
vt 0.444444 0.642857
vt 0.444444 0.071429
vt 0.444444 0.571429
vt 0.472222 0.000000
vt 0.444444 0.500000
vt 0.444444 0.428571
vt 0.472222 1.000000
vt 0.444444 0.928572
vt 0.388889 0.857143
vt 0.388889 0.785714
vt 0.388889 0.285714
vt 0.388889 0.214286
vt 0.388889 0.714286
vt 0.388889 0.142857
vt 0.388889 0.642857
vt 0.388889 0.071429
vt 0.388889 0.571429
vt 0.416667 0.000000
vt 0.388889 0.500000
vt 0.388889 0.428571
vt 0.416667 1.000000
vt 0.388889 0.928572
vt 0.388889 0.357143
vt 0.333333 0.285714
vt 0.333333 0.214286
vt 0.333333 0.785714
vt 0.333333 0.714286
vt 0.333333 0.142857
vt 0.333333 0.642857
vt 0.333333 0.071429
vt 0.333333 0.571429
vt 0.361111 0.000000
vt 0.333333 0.500000
vt 0.333333 0.428571
vt 0.361111 1.000000
vt 0.333333 0.928572
vt 0.333333 0.357143
vt 0.333333 0.857143
vt 0.277778 0.785714
vt 0.277778 0.714286
vt 0.277778 0.214286
vt 0.277778 0.142857
vt 0.277778 0.642857
vt 0.277778 0.071429
vt 0.277778 0.571429
vt 0.305556 0.000000
vt 0.277778 0.500000
vt 0.277778 0.428571
vt 0.305556 1.000000
vt 0.277778 0.928572
vt 0.277778 0.357143
vt 0.277778 0.857143
vt 0.277778 0.285714
vt 0.222222 0.214286
vt 0.222222 0.142857
vt 0.222222 0.714286
vt 0.222222 0.642857
vt 0.222222 0.071429
vt 0.222222 0.571429
vt 0.250000 0.000000
vt 0.222222 0.500000
vt 0.222222 0.428571
vt 0.250000 1.000000
vt 0.222222 0.928572
vt 0.222222 0.357143
vt 0.222222 0.857143
vt 0.222222 0.285714
vt 0.222222 0.785714
vt 0.166667 0.142857
vt 0.166667 0.071429
vt 0.166667 0.642857
vt 0.166667 0.571429
vt 0.194444 0.000000
vt 0.166667 0.500000
vt 0.166667 0.428571
vt 0.194444 1.000000
vt 0.166667 0.928572
vt 0.166667 0.357143
vt 0.166667 0.857143
vt 0.166667 0.285714
vt 0.166667 0.785714
vt 0.166667 0.214286
vt 0.166667 0.714286
vt 0.111111 0.642857
vt 0.111111 0.571429
vt 0.138889 0.000000
vt 0.111111 0.071429
vt 0.111111 0.500000
vt 0.111111 0.428571
vt 0.138889 1.000000
vt 0.111111 0.928571
vt 0.111111 0.357143
vt 0.111111 0.857143
vt 0.111111 0.285714
vt 0.111111 0.785714
vt 0.111111 0.214286
vt 0.111111 0.714286
vt 0.111111 0.142857
vt 0.083333 0.000000
vt 0.055556 0.071429
vt 0.055556 0.571429
vt 0.055556 0.500000
vt 0.055556 0.428571
vt 0.083333 1.000000
vt 0.055556 0.928571
vt 0.055556 0.357143
vt 0.055556 0.857143
vt 0.055556 0.285714
vt 0.055556 0.785714
vt 0.055556 0.214286
vt 0.055556 0.714286
vt 0.055556 0.142857
vt 0.055556 0.642857
vt 0.000000 0.571429
vt 0.000000 0.500000
vt 0.000000 0.428571
vt 0.027778 1.000000
vt 0.000000 0.928571
vt 0.000000 0.357143
vt 0.000000 0.857143
vt 0.000000 0.285714
vt 0.000000 0.785714
vt 0.000000 0.214286
vt 0.000000 0.714286
vt 0.000000 0.142857
vt 0.000000 0.642857
vt 0.000000 0.071429
vt 0.027778 0.000000
vt 1.000000 0.428571
vt 1.000000 0.500000
vt 0.944444 0.500000
vt 0.944444 0.428571
vt 1.000000 0.928571
vt 0.972222 1.000000
vt 0.944444 0.928571
vt 1.000000 0.357143
vt 0.944444 0.357143
vt 1.000000 0.857143
vt 0.944444 0.857143
vt 1.000000 0.285714
vt 0.944444 0.285714
vt 1.000000 0.785714
vt 0.944444 0.785714
vt 1.000000 0.214286
vt 0.944444 0.214286
vt 1.000000 0.714286
vt 0.944444 0.714286
vt 1.000000 0.142857
vt 0.944444 0.142857
vt 1.000000 0.642857
vt 0.944444 0.642857
vt 1.000000 0.071429
vt 0.944444 0.071429
vt 1.000000 0.571429
vt 0.944444 0.571429
vt 0.972222 0.000000
vt 0.916667 1.000000
vt 0.888889 0.928572
vt 0.888889 0.428571
vt 0.888889 0.357143
vt 0.888889 0.857143
vt 0.888889 0.285714
vt 0.888889 0.785714
vt 0.888889 0.214286
vt 0.888889 0.714286
vt 0.888889 0.142857
vt 0.888889 0.642857
vt 0.888889 0.071429
vt 0.888889 0.571429
vt 0.916667 0.000000
vt 0.888889 0.500000
vt 0.833333 0.428571
vt 0.833333 0.357143
vt 0.833333 0.928572
vt 0.833333 0.857143
vt 0.833333 0.285714
vt 0.833333 0.785714
vt 0.833333 0.214286
vt 0.833333 0.714286
vt 0.833333 0.142857
vt 0.833333 0.642857
vt 0.833333 0.071429
vt 0.833333 0.571429
vt 0.861111 0.000000
vt 0.833333 0.500000
vt 0.861111 1.000000
vt 0.777778 0.928572
vt 0.777778 0.857143
vt 0.777778 0.357143
vt 0.777778 0.285714
vt 0.777778 0.785714
vt 0.777778 0.214286
vt 0.777778 0.714286
vt 0.777778 0.142857
vt 0.777778 0.642857
vt 0.777778 0.071429
vt 0.777778 0.571429
vt 0.805556 0.000000
vt 0.777778 0.500000
vt 0.777778 0.428571
vt 0.805556 1.000000
vt 0.750000 0.000000
vt 0.750000 1.000000
vt 0.375000 0.000000
vt 0.625000 0.000000
vt 0.625000 0.250000
vt 0.375000 0.250000
vt 0.625000 0.500000
vt 0.375000 0.500000
vt 0.625000 0.750000
vt 0.375000 0.750000
vt 0.625000 1.000000
vt 0.375000 1.000000
vt 0.125000 0.500000
vt 0.125000 0.750000
vt 0.875000 0.500000
vt 0.875000 0.750000
vt 1.000000 1.000000
vt 0.928571 1.000000
vt 0.928571 0.500000
vt 0.857143 1.000000
vt 0.857143 0.500000
vt 0.785714 1.000000
vt 0.785714 0.500000
vt 0.714286 1.000000
vt 0.714286 0.500000
vt 0.642857 1.000000
vt 0.642857 0.500000
vt 0.571428 1.000000
vt 0.571428 0.500000
vt 0.500000 1.000000
vt 0.500000 0.500000
vt 0.428571 1.000000
vt 0.428571 0.500000
vt 0.357143 1.000000
vt 0.357143 0.500000
vt 0.285714 1.000000
vt 0.285714 0.500000
vt 0.214286 1.000000
vt 0.214286 0.500000
vt 0.142857 1.000000
vt 0.142857 0.500000
vt 0.354132 0.466233
vt 0.250000 0.490000
vt 0.145868 0.466233
vt 0.062360 0.399638
vt 0.016017 0.303405
vt 0.016017 0.196595
vt 0.062360 0.100362
vt 0.145868 0.033767
vt 0.250000 0.010000
vt 0.354132 0.033767
vt 0.437640 0.100362
vt 0.483983 0.196595
vt 0.483983 0.303405
vt 0.437640 0.399638
vt 0.071428 1.000000
vt 0.071428 0.500000
vt -0.000000 1.000000
vt -0.000000 0.500000
vt 0.750000 0.490000
vt 0.854132 0.466233
vt 0.937640 0.399638
vt 0.983983 0.303405
vt 0.983983 0.196595
vt 0.937640 0.100362
vt 0.854132 0.033767
vt 0.750000 0.010000
vt 0.645868 0.033767
vt 0.562360 0.100362
vt 0.516017 0.196595
vt 0.516017 0.303405
vt 0.562360 0.399638
vt 0.645868 0.466233
vt 0.750000 0.500000
vt 0.750000 0.583333
vt 0.687500 0.583333
vt 0.687500 0.500000
vt 0.750000 0.750000
vt 0.750000 0.833333
vt 0.687500 0.833333
vt 0.687500 0.750000
vt 0.750000 0.166667
vt 0.750000 0.250000
vt 0.687500 0.250000
vt 0.687500 0.166667
vt 0.750000 0.416667
vt 0.687500 0.416667
vt 0.750000 0.666667
vt 0.687500 0.666667
vt 0.750000 0.083333
vt 0.687500 0.083333
vt 0.750000 0.916667
vt 0.718750 1.000000
vt 0.687500 0.916667
vt 0.750000 0.333333
vt 0.687500 0.333333
vt 0.718750 0.000000
vt 0.625000 0.666667
vt 0.625000 0.166667
vt 0.625000 0.083333
vt 0.656250 1.000000
vt 0.625000 0.916667
vt 0.625000 0.416667
vt 0.625000 0.333333
vt 0.625000 0.583333
vt 0.656250 0.000000
vt 0.625000 0.833333
vt 0.562500 0.833333
vt 0.562500 0.750000
vt 0.562500 0.250000
vt 0.562500 0.166667
vt 0.562500 0.500000
vt 0.562500 0.416667
vt 0.562500 0.666667
vt 0.562500 0.083333
vt 0.593750 1.000000
vt 0.562500 0.916667
vt 0.562500 0.333333
vt 0.562500 0.583333
vt 0.593750 0.000000
vt 0.500000 0.666667
vt 0.500000 0.583333
vt 0.531250 0.000000
vt 0.500000 0.083333
vt 0.500000 0.916667
vt 0.500000 0.833333
vt 0.500000 0.333333
vt 0.500000 0.250000
vt 0.500000 0.750000
vt 0.500000 0.166667
vt 0.500000 0.416667
vt 0.531250 1.000000
vt 0.437500 0.750000
vt 0.437500 0.666667
vt 0.437500 0.166667
vt 0.437500 0.083333
vt 0.468750 1.000000
vt 0.437500 0.916667
vt 0.437500 0.416667
vt 0.437500 0.333333
vt 0.437500 0.583333
vt 0.468750 0.000000
vt 0.437500 0.833333
vt 0.437500 0.250000
vt 0.437500 0.500000
vt 0.375000 0.583333
vt 0.375000 0.500000
vt 0.375000 0.833333
vt 0.375000 0.166667
vt 0.375000 0.416667
vt 0.375000 0.666667
vt 0.375000 0.083333
vt 0.406250 1.000000
vt 0.375000 0.916667
vt 0.375000 0.333333
vt 0.406250 0.000000
vt 0.312500 0.666667
vt 0.312500 0.583333
vt 0.343750 0.000000
vt 0.312500 0.083333
vt 0.312500 0.916667
vt 0.312500 0.833333
vt 0.312500 0.333333
vt 0.312500 0.250000
vt 0.312500 0.500000
vt 0.312500 0.750000
vt 0.312500 0.166667
vt 0.312500 0.416667
vt 0.343750 1.000000
vt 0.250000 0.500000
vt 0.250000 0.416667
vt 0.250000 0.750000
vt 0.250000 0.666667
vt 0.250000 0.166667
vt 0.250000 0.083333
vt 0.281250 1.000000
vt 0.250000 0.916667
vt 0.250000 0.333333
vt 0.250000 0.583333
vt 0.281250 0.000000
vt 0.250000 0.833333
vt 0.250000 0.250000
vt 0.187500 0.583333
vt 0.187500 0.500000
vt 0.187500 0.833333
vt 0.187500 0.750000
vt 0.187500 0.250000
vt 0.187500 0.166667
vt 0.187500 0.416667
vt 0.187500 0.666667
vt 0.187500 0.083333
vt 0.218750 1.000000
vt 0.187500 0.916667
vt 0.187500 0.333333
vt 0.218750 0.000000
vt 0.125000 0.416667
vt 0.125000 0.333333
vt 0.125000 0.666667
vt 0.125000 0.583333
vt 0.156250 0.000000
vt 0.125000 0.083333
vt 0.125000 0.916667
vt 0.125000 0.833333
vt 0.125000 0.250000
vt 0.125000 0.500000
vt 0.125000 0.750000
vt 0.125000 0.166667
vt 0.156250 1.000000
vt 0.062500 0.500000
vt 0.062500 0.416667
vt 0.062500 0.750000
vt 0.062500 0.666667
vt 0.062500 0.166667
vt 0.062500 0.083333
vt 0.093750 1.000000
vt 0.062500 0.916667
vt 0.062500 0.333333
vt 0.062500 0.583333
vt 0.093750 0.000000
vt 0.062500 0.833333
vt 0.062500 0.250000
vt 0.000000 0.333333
vt 0.000000 0.250000
vt 0.000000 0.583333
vt 0.000000 0.833333
vt 0.000000 0.750000
vt 0.000000 0.166667
vt 0.000000 0.416667
vt 0.000000 0.666667
vt 0.000000 0.083333
vt 0.031250 1.000000
vt 0.000000 0.916667
vt 0.031250 0.000000
vt 1.000000 0.916667
vt 0.968750 1.000000
vt 0.937500 0.916667
vt 1.000000 0.333333
vt 1.000000 0.416667
vt 0.937500 0.416667
vt 0.937500 0.333333
vt 1.000000 0.583333
vt 1.000000 0.666667
vt 0.937500 0.666667
vt 0.937500 0.583333
vt 0.968750 0.000000
vt 1.000000 0.083333
vt 0.937500 0.083333
vt 1.000000 0.833333
vt 0.937500 0.833333
vt 1.000000 0.250000
vt 0.937500 0.250000
vt 0.937500 0.500000
vt 1.000000 0.750000
vt 0.937500 0.750000
vt 1.000000 0.166667
vt 0.937500 0.166667
vt 0.875000 0.250000
vt 0.875000 0.166667
vt 0.875000 0.500000
vt 0.875000 0.416667
vt 0.875000 0.750000
vt 0.875000 0.666667
vt 0.875000 0.083333
vt 0.906250 1.000000
vt 0.875000 0.916667
vt 0.875000 0.333333
vt 0.875000 0.583333
vt 0.906250 0.000000
vt 0.875000 0.833333
vt 0.812500 0.916667
vt 0.812500 0.833333
vt 0.812500 0.333333
vt 0.812500 0.250000
vt 0.812500 0.583333
vt 0.812500 0.500000
vt 0.812500 0.750000
vt 0.812500 0.166667
vt 0.812500 0.416667
vt 0.812500 0.666667
vt 0.812500 0.083333
vt 0.843750 1.000000
vt 0.843750 0.000000
vt 0.781250 1.000000
vt 0.781250 0.000000
vt 0.916667 1.000000
vt 0.916667 0.500000
vt 0.833333 1.000000
vt 0.750000 1.000000
vt 0.750000 0.500000
vt 0.666667 1.000000
vt 0.666667 0.500000
vt 0.583333 1.000000
vt 0.583333 0.500000
vt 0.500000 1.000000
vt 0.500000 0.500000
vt 0.416667 1.000000
vt 0.416667 0.500000
vt 0.333333 1.000000
vt 0.333333 0.500000
vt 0.250000 1.000000
vt 0.250000 0.500000
vt 0.166667 1.000000
vt 0.166667 0.500000
vt 0.370000 0.457846
vt 0.250000 0.490000
vt 0.130000 0.457846
vt 0.042154 0.370000
vt 0.010000 0.250000
vt 0.042154 0.130000
vt 0.130000 0.042154
vt 0.250000 0.010000
vt 0.370000 0.042154
vt 0.457846 0.130000
vt 0.490000 0.250000
vt 0.457846 0.370000
vt 0.083333 1.000000
vt 0.083333 0.500000
vt 0.000000 1.000000
vt 0.000000 0.500000
vt 0.750000 0.490000
vt 0.870000 0.457846
vt 0.957846 0.370000
vt 0.990000 0.250000
vt 0.957846 0.130000
vt 0.870000 0.042154
vt 0.750000 0.010000
vt 0.630000 0.042154
vt 0.542154 0.130000
vt 0.510000 0.250000
vt 0.542154 0.370000
vt 0.630000 0.457846
vt 0.042154 0.370000
vt 0.042154 0.130000
vt 0.130000 0.042154
vt 0.370000 0.042154
vt 0.870000 0.042154
vt 0.630000 0.042154
vt 0.750000 0.750000
vt 0.750000 0.833333
vt 0.687500 0.833333
vt 0.750000 0.250000
vt 0.750000 0.666667
vt 0.687500 0.666667
vt 0.750000 0.083333
vt 0.687500 0.083333
vt 0.750000 0.916667
vt 0.687500 0.916667
vt 0.625000 0.666667
vt 0.625000 0.083333
vt 0.625000 0.916667
vt 0.625000 0.833333
vt 0.562500 0.083333
vt 0.562500 0.916667
vt 0.562500 0.833333
vt 0.500000 0.250000
vt 0.500000 0.833333
vt 0.500000 0.750000
vt 0.500000 0.083333
vt 0.500000 0.916667
vt 0.437500 0.916667
vt 0.437500 0.083333
vt 0.437500 0.833333
vt 0.437500 0.250000
vt 0.437500 0.750000
vt 0.375000 0.250000
vt 0.375000 0.166667
vt 0.375000 0.750000
vt 0.375000 0.666667
vt 0.375000 0.083333
vt 0.375000 0.916667
vt 0.375000 0.333333
vt 0.375000 0.833333
vt 0.312500 0.916667
vt 0.312500 0.833333
vt 0.312500 0.166667
vt 0.312500 0.083333
vt 0.250000 0.166667
vt 0.250000 0.083333
vt 0.250000 0.916667
vt 0.250000 0.833333
vt 0.187500 0.833333
vt 0.187500 0.166667
vt 0.187500 0.083333
vt 0.187500 0.916667
vt 0.125000 0.083333
vt 0.125000 0.916667
vt 0.125000 0.833333
vt 0.125000 0.250000
vt 0.125000 0.500000
vt 0.125000 0.750000
vt 0.125000 0.166667
vt 0.125000 0.416667
vt 0.062500 0.750000
vt 0.062500 0.166667
vt 0.062500 0.083333
vt 0.062500 0.916667
vt 0.062500 0.416667
vt 0.062500 0.583333
vt 0.062500 0.833333
vt 0.062500 0.250000
vt 0.062500 0.500000
vt 0.000000 0.833333
vt 0.000000 0.166667
vt 0.000000 0.416667
vt 0.000000 0.083333
vt 0.031250 1.000000
vt 0.000000 0.916667
vt 0.031250 0.000000
vt 1.000000 0.083333
vt 0.937500 0.083333
vt 1.000000 0.833333
vt 1.000000 0.916667
vt 0.937500 0.916667
vt 0.937500 0.833333
vt 0.937500 0.250000
vt 0.937500 0.500000
vt 0.937500 0.750000
vt 1.000000 0.166667
vt 0.937500 0.166667
vt 1.000000 0.416667
vt 0.937500 0.416667
vt 0.875000 0.166667
vt 0.875000 0.083333
vt 0.875000 0.916667
vt 0.875000 0.416667
vt 0.875000 0.833333
vt 0.812500 0.833333
vt 0.812500 0.166667
vt 0.812500 0.416667
vt 0.812500 0.083333
vt 0.812500 0.916667
vt 0.370000 0.457846
vt 0.130000 0.457846
vt 0.042154 0.370000
vt 0.042154 0.130000
vt 0.130000 0.042154
vt 0.370000 0.042154
vt 0.457846 0.130000
vt 0.457846 0.370000
vt 0.870000 0.457846
vt 0.957846 0.370000
vt 0.957846 0.130000
vt 0.870000 0.042154
vt 0.630000 0.042154
vt 0.542154 0.130000
vt 0.542154 0.370000
vt 0.630000 0.457846
vt 0.010000 0.250000
vt 0.250000 0.010000
vt 0.750000 0.010000
vt 0.130000 0.457846
vt 0.010000 0.250000
vt 0.042154 0.130000
vt 0.130000 0.042154
vt 0.457846 0.130000
vt 0.490000 0.250000
vt 0.957846 0.130000
vt 0.542154 0.130000
s 1
usemtl Mat_HumanSkinBoss
f 230/1/1 229/2/2 6/3/3 7/4/4
f 231/5/5 230/1/1 7/4/4 8/6/6
f 224/7/7 171/8/8 1/9/9
f 232/10/10 231/5/5 8/6/6 9/11/11
f 225/12/12 224/7/7 1/9/9 2/13/13
f 233/14/14 232/10/10 9/11/11 10/15/15
f 226/16/16 225/12/12 2/13/13 3/17/17
f 234/18/18 233/14/14 10/15/15 11/19/19
f 227/20/20 226/16/16 3/17/17 4/21/21
f 235/22/22 234/18/18 11/19/19 12/23/23
f 228/24/24 227/20/20 4/21/21 5/25/25
f 236/26/26 235/22/22 12/23/23 13/27/27
f 229/2/2 228/24/24 5/25/25 6/3/3
f 144/28/28 236/26/26 13/27/27
f 8/6/6 7/4/4 20/29/29 21/30/30
f 1/9/9 171/31/8 14/32/31
f 9/11/11 8/6/6 21/30/30 22/33/32
f 2/13/13 1/9/9 14/32/31 15/34/33
f 10/15/15 9/11/11 22/33/32 23/35/34
f 3/17/17 2/13/13 15/34/33 16/36/35
f 11/19/19 10/15/15 23/35/34 24/37/36
f 4/21/21 3/17/17 16/36/35 17/38/37
f 12/23/23 11/19/19 24/37/36 25/39/38
f 5/25/25 4/21/21 17/38/37 18/40/39
f 13/27/27 12/23/23 25/39/38 26/41/40
f 6/3/3 5/25/25 18/40/39 19/42/41
f 144/43/28 13/27/27 26/41/40
f 7/4/4 6/3/3 19/42/41 20/29/29
f 14/32/31 171/44/8 27/45/42
f 22/33/32 21/30/30 34/46/43 35/47/44
f 15/34/33 14/32/31 27/45/42 28/48/45
f 23/35/34 22/33/32 35/47/44 36/49/46
f 16/36/35 15/34/33 28/48/45 29/50/47
f 24/37/36 23/35/34 36/49/46 37/51/48
f 17/38/37 16/36/35 29/50/47 30/52/49
f 25/39/38 24/37/36 37/51/48 38/53/50
f 18/40/39 17/38/37 30/52/49 31/54/51
f 26/41/40 25/39/38 38/53/50 39/55/52
f 19/42/41 18/40/39 31/54/51 32/56/53
f 144/57/28 26/41/40 39/55/52
f 20/29/29 19/42/41 32/56/53 33/58/54
f 21/30/30 20/29/29 33/58/54 34/46/43
f 35/47/44 34/46/43 47/59/55 48/60/56
f 28/48/45 27/45/42 40/61/57 41/62/58
f 36/49/46 35/47/44 48/60/56 49/63/59
f 29/50/47 28/48/45 41/62/58 42/64/60
f 37/51/48 36/49/46 49/63/59 50/65/61
f 30/52/49 29/50/47 42/64/60 43/66/62
f 38/53/50 37/51/48 50/65/61 51/67/63
f 31/54/51 30/52/49 43/66/62 44/68/64
f 39/55/52 38/53/50 51/67/63 52/69/65
f 32/56/53 31/54/51 44/68/64 45/70/66
f 144/71/28 39/55/52 52/69/65
f 33/58/54 32/56/53 45/70/66 46/72/67
f 34/46/43 33/58/54 46/72/67 47/59/55
f 27/45/42 171/73/8 40/61/57
f 49/63/59 48/60/56 61/74/68 62/75/69
f 42/64/60 41/62/58 54/76/70 55/77/71
f 50/65/61 49/63/59 62/75/69 63/78/72
f 43/66/62 42/64/60 55/77/71 56/79/73
f 51/67/63 50/65/61 63/78/72 64/80/74
f 44/68/64 43/66/62 56/79/73 57/81/75
f 52/69/65 51/67/63 64/80/74 65/82/76
f 45/70/66 44/68/64 57/81/75 58/83/77
f 144/84/28 52/69/65 65/82/76
f 46/72/67 45/70/66 58/83/77 59/85/78
f 47/59/55 46/72/67 59/85/78 60/86/79
f 40/61/57 171/87/8 53/88/80
f 48/60/56 47/59/55 60/86/79 61/74/68
f 41/62/58 40/61/57 53/88/80 54/76/70
f 55/77/71 54/76/70 67/89/81 68/90/82
f 63/78/72 62/75/69 75/91/83 76/92/84
f 56/79/73 55/77/71 68/90/82 69/93/85
f 64/80/74 63/78/72 76/92/84 77/94/86
f 57/81/75 56/79/73 69/93/85 70/95/87
f 65/82/76 64/80/74 77/94/86 78/96/88
f 58/83/77 57/81/75 70/95/87 71/97/89
f 144/98/28 65/82/76 78/96/88
f 59/85/78 58/83/77 71/97/89 72/99/90
f 60/86/79 59/85/78 72/99/90 73/100/91
f 53/88/80 171/101/8 66/102/92
f 61/74/68 60/86/79 73/100/91 74/103/93
f 54/76/70 53/88/80 66/102/92 67/89/81
f 62/75/69 61/74/68 74/103/93 75/91/83
f 76/92/84 75/91/83 88/104/94 89/105/95
f 69/93/85 68/90/82 81/106/96 82/107/97
f 77/94/86 76/92/84 89/105/95 90/108/98
f 70/95/87 69/93/85 82/107/97 83/109/99
f 78/96/88 77/94/86 90/108/98 91/110/100
f 71/97/89 70/95/87 83/109/99 84/111/101
f 144/112/28 78/96/88 91/110/100
f 72/99/90 71/97/89 84/111/101 85/113/102
f 73/100/91 72/99/90 85/113/102 86/114/103
f 66/102/92 171/115/8 79/116/104
f 74/103/93 73/100/91 86/114/103 87/117/105
f 67/89/81 66/102/92 79/116/104 80/118/106
f 75/91/83 74/103/93 87/117/105 88/104/94
f 68/90/82 67/89/81 80/118/106 81/106/96
f 82/107/97 81/106/96 94/119/107 95/120/108
f 90/108/98 89/105/95 102/121/109 103/122/110
f 83/109/99 82/107/97 95/120/108 96/123/111
f 91/110/100 90/108/98 103/122/110 104/124/112
f 84/111/101 83/109/99 96/123/111 97/125/113
f 144/126/28 91/110/100 104/124/112
f 85/113/102 84/111/101 97/125/113 98/127/114
f 86/114/103 85/113/102 98/127/114 99/128/115
f 79/116/104 171/129/8 92/130/116
f 87/117/105 86/114/103 99/128/115 100/131/117
f 80/118/106 79/116/104 92/130/116 93/132/118
f 88/104/94 87/117/105 100/131/117 101/133/119
f 81/106/96 80/118/106 93/132/118 94/119/107
f 89/105/95 88/104/94 101/133/119 102/121/109
f 103/122/110 102/121/109 115/134/120 116/135/121
f 96/123/111 95/120/108 108/136/122 109/137/123
f 104/124/112 103/122/110 116/135/121 117/138/124
f 97/125/113 96/123/111 109/137/123 110/139/125
f 144/140/28 104/124/112 117/138/124
f 98/127/114 97/125/113 110/139/125 111/141/126
f 99/128/115 98/127/114 111/141/126 112/142/127
f 92/130/116 171/143/8 105/144/128
f 100/131/117 99/128/115 112/142/127 113/145/129
f 93/132/118 92/130/116 105/144/128 106/146/130
f 101/133/119 100/131/117 113/145/129 114/147/131
f 94/119/107 93/132/118 106/146/130 107/148/132
f 102/121/109 101/133/119 114/147/131 115/134/120
f 95/120/108 94/119/107 107/148/132 108/136/122
f 117/138/124 116/135/121 129/149/133 130/150/134
f 110/139/125 109/137/123 122/151/135 123/152/136
f 144/153/28 117/138/124 130/150/134
f 111/141/126 110/139/125 123/152/136 124/154/137
f 112/142/127 111/141/126 124/154/137 125/155/138
f 105/144/128 171/156/8 118/157/139
f 113/145/129 112/142/127 125/155/138 126/158/140
f 106/146/130 105/144/128 118/157/139 119/159/141
f 114/147/131 113/145/129 126/158/140 127/160/142
f 107/148/132 106/146/130 119/159/141 120/161/143
f 115/134/120 114/147/131 127/160/142 128/162/144
f 108/136/122 107/148/132 120/161/143 121/163/145
f 116/135/121 115/134/120 128/162/144 129/149/133
f 109/137/123 108/136/122 121/163/145 122/151/135
f 123/152/136 122/151/135 135/164/146 136/165/147
f 144/166/28 130/150/134 143/167/148
f 124/154/137 123/152/136 136/165/147 137/168/149
f 125/155/138 124/154/137 137/168/149 138/169/150
f 118/157/139 171/170/8 131/171/151
f 126/158/140 125/155/138 138/169/150 139/172/152
f 119/159/141 118/157/139 131/171/151 132/173/153
f 127/160/142 126/158/140 139/172/152 140/174/154
f 120/161/143 119/159/141 132/173/153 133/175/155
f 128/162/144 127/160/142 140/174/154 141/176/156
f 121/163/145 120/161/143 133/175/155 134/177/157
f 129/149/133 128/162/144 141/176/156 142/178/158
f 122/151/135 121/163/145 134/177/157 135/164/146
f 130/150/134 129/149/133 142/178/158 143/167/148
f 144/179/28 143/167/148 157/180/159
f 137/168/149 136/165/147 150/181/160 151/182/161
f 138/169/150 137/168/149 151/182/161 152/183/162
f 131/171/151 171/184/8 145/185/163
f 139/172/152 138/169/150 152/183/162 153/186/164
f 132/173/153 131/171/151 145/185/163 146/187/165
f 140/174/154 139/172/152 153/186/164 154/188/166
f 133/175/155 132/173/153 146/187/165 147/189/167
f 141/176/156 140/174/154 154/188/166 155/190/168
f 134/177/157 133/175/155 147/189/167 148/191/169
f 142/178/158 141/176/156 155/190/168 156/192/170
f 135/164/146 134/177/157 148/191/169 149/193/171
f 143/167/148 142/178/158 156/192/170 157/180/159
f 136/165/147 135/164/146 149/193/171 150/181/160
f 151/182/161 150/181/160 163/194/172 164/195/173
f 152/183/162 151/182/161 164/195/173 165/196/174
f 145/185/163 171/197/8 158/198/175
f 153/186/164 152/183/162 165/196/174 166/199/176
f 146/187/165 145/185/163 158/198/175 159/200/177
f 154/188/166 153/186/164 166/199/176 167/201/178
f 147/189/167 146/187/165 159/200/177 160/202/179
f 155/190/168 154/188/166 167/201/178 168/203/180
f 148/191/169 147/189/167 160/202/179 161/204/181
f 156/192/170 155/190/168 168/203/180 169/205/182
f 149/193/171 148/191/169 161/204/181 162/206/183
f 157/180/159 156/192/170 169/205/182 170/207/184
f 150/181/160 149/193/171 162/206/183 163/194/172
f 144/208/28 157/180/159 170/207/184
f 165/209/174 164/210/173 178/211/185 179/212/186
f 158/213/175 171/214/8 172/215/187
f 166/216/176 165/209/174 179/212/186 180/217/188
f 159/218/177 158/213/175 172/215/187 173/219/189
f 167/220/178 166/216/176 180/217/188 181/221/190
f 160/222/179 159/218/177 173/219/189 174/223/191
f 168/224/180 167/220/178 181/221/190 182/225/192
f 161/226/181 160/222/179 174/223/191 175/227/193
f 169/228/182 168/224/180 182/225/192 183/229/194
f 162/230/183 161/226/181 175/227/193 176/231/195
f 170/232/184 169/228/182 183/229/194 184/233/196
f 163/234/172 162/230/183 176/231/195 177/235/197
f 144/236/28 170/232/184 184/233/196
f 164/210/173 163/234/172 177/235/197 178/211/185
f 172/215/187 171/237/8 185/238/198
f 180/217/188 179/212/186 192/239/199 193/240/200
f 173/219/189 172/215/187 185/238/198 186/241/201
f 181/221/190 180/217/188 193/240/200 194/242/202
f 174/223/191 173/219/189 186/241/201 187/243/203
f 182/225/192 181/221/190 194/242/202 195/244/204
f 175/227/193 174/223/191 187/243/203 188/245/205
f 183/229/194 182/225/192 195/244/204 196/246/206
f 176/231/195 175/227/193 188/245/205 189/247/207
f 184/233/196 183/229/194 196/246/206 197/248/208
f 177/235/197 176/231/195 189/247/207 190/249/209
f 144/250/28 184/233/196 197/248/208
f 178/211/185 177/235/197 190/249/209 191/251/210
f 179/212/186 178/211/185 191/251/210 192/239/199
f 193/240/200 192/239/199 205/252/211 206/253/212
f 186/241/201 185/238/198 198/254/213 199/255/214
f 194/242/202 193/240/200 206/253/212 207/256/215
f 187/243/203 186/241/201 199/255/214 200/257/216
f 195/244/204 194/242/202 207/256/215 208/258/217
f 188/245/205 187/243/203 200/257/216 201/259/218
f 196/246/206 195/244/204 208/258/217 209/260/219
f 189/247/207 188/245/205 201/259/218 202/261/220
f 197/248/208 196/246/206 209/260/219 210/262/221
f 190/249/209 189/247/207 202/261/220 203/263/222
f 144/264/28 197/248/208 210/262/221
f 191/251/210 190/249/209 203/263/222 204/265/223
f 192/239/199 191/251/210 204/265/223 205/252/211
f 185/238/198 171/266/8 198/254/213
f 199/255/214 198/254/213 211/267/224 212/268/225
f 207/256/215 206/253/212 219/269/226 220/270/227
f 200/257/216 199/255/214 212/268/225 213/271/228
f 208/258/217 207/256/215 220/270/227 221/272/229
f 201/259/218 200/257/216 213/271/228 214/273/230
f 209/260/219 208/258/217 221/272/229 222/274/231
f 202/261/220 201/259/218 214/273/230 215/275/232
f 210/262/221 209/260/219 222/274/231 223/276/233
f 203/263/222 202/261/220 215/275/232 216/277/234
f 144/278/28 210/262/221 223/276/233
f 204/265/223 203/263/222 216/277/234 217/279/235
f 205/252/211 204/265/223 217/279/235 218/280/236
f 198/254/213 171/281/8 211/267/224
f 206/253/212 205/252/211 218/280/236 219/269/226
f 220/270/227 219/269/226 232/10/10 233/14/14
f 213/271/228 212/268/225 225/12/12 226/16/16
f 221/272/229 220/270/227 233/14/14 234/18/18
f 214/273/230 213/271/228 226/16/16 227/20/20
f 222/274/231 221/272/229 234/18/18 235/22/22
f 215/275/232 214/273/230 227/20/20 228/24/24
f 223/276/233 222/274/231 235/22/22 236/26/26
f 216/277/234 215/275/232 228/24/24 229/2/2
f 144/282/28 223/276/233 236/26/26
f 217/279/235 216/277/234 229/2/2 230/1/1
f 218/280/236 217/279/235 230/1/1 231/5/5
f 211/267/224 171/283/8 224/7/7
f 219/269/226 218/280/236 231/5/5 232/10/10
f 212/268/225 211/267/224 224/7/7 225/12/12
s 0
f 237/284/237 238/285/237 240/286/237 239/287/237
f 239/287/1 240/286/1 244/288/1 243/289/1
f 243/289/238 244/288/238 242/290/238 241/291/238
f 241/291/126 242/290/126 238/292/126 237/293/126
f 239/294/28 243/289/28 241/291/28 237/295/28
f 244/288/8 240/296/8 238/297/8 242/290/8
f 245/284/237 246/285/237 248/286/237 247/287/237
f 247/287/239 248/286/239 252/288/239 251/289/239
f 251/289/238 252/288/238 250/290/238 249/291/238
f 249/291/240 250/290/240 246/292/240 245/293/240
f 247/294/241 251/289/241 249/291/241 245/295/241
f 252/288/242 248/296/242 246/297/242 250/290/242
s 1
f 253/210/243 254/298/244 256/299/245 255/300/246
f 255/300/246 256/299/245 258/301/247 257/302/248
f 257/302/248 258/301/247 260/303/249 259/304/250
f 259/304/250 260/303/249 262/305/251 261/306/252
f 261/306/252 262/305/251 264/307/253 263/308/254
f 263/308/254 264/307/253 266/309/255 265/310/256
f 265/310/256 266/309/255 268/311/257 267/312/258
f 267/312/258 268/311/257 270/313/259 269/314/260
f 269/314/260 270/313/259 272/315/261 271/316/262
f 271/316/262 272/315/261 274/317/263 273/318/264
f 273/318/264 274/317/263 276/319/265 275/320/266
f 275/320/266 276/319/265 278/321/267 277/322/268
f 256/323/245 254/324/244 280/325/269 278/326/267 276/327/265 274/328/263 272/329/261 270/330/259 268/331/257 266/332/255 264/333/253 262/334/251 260/335/249 258/336/247
f 277/322/268 278/321/267 280/337/269 279/338/270
f 279/338/270 280/337/269 254/339/244 253/340/243
f 253/341/243 255/342/246 257/343/248 259/344/250 261/345/252 263/346/254 265/347/256 267/348/258 269/349/260 271/350/262 273/351/264 275/352/266 277/353/268 279/354/270
f 757/210/489 758/298/490 760/566/491 759/567/492
f 759/567/492 760/566/491 762/568/493 761/265/494
f 761/265/494 762/568/493 764/569/495 763/570/496
f 763/570/496 764/569/495 766/571/497 765/572/498
f 765/572/498 766/571/497 768/573/499 767/574/500
f 767/574/500 768/573/499 770/575/501 769/576/502
f 769/576/502 770/575/501 772/577/503 771/578/504
f 771/578/504 772/577/503 774/579/505 773/580/506
f 773/580/506 774/579/505 776/581/507 775/582/508
f 775/582/508 776/581/507 778/583/509 777/584/510
f 760/713/491 758/586/490 780/714/511 778/715/509 776/589/507 774/716/505 772/717/503 770/592/501 768/718/499 766/719/497 764/595/495 762/720/493
f 777/584/510 778/583/509 780/597/511 779/598/512
f 779/598/512 780/597/511 758/599/490 757/600/489
f 757/601/489 759/721/492 761/722/494 763/604/496 765/723/498 767/724/500 769/607/502 771/725/504 773/726/506 775/610/508 777/727/510 779/728/512
s 0
usemtl Mat_TacticalVestBoss
f 281/284/237 282/285/237 284/286/237 283/287/237
f 283/287/271 284/286/271 288/288/271 287/289/271
f 287/289/238 288/288/238 286/290/238 285/291/238
f 285/291/272 286/290/272 282/292/272 281/293/272
f 283/294/273 287/289/273 285/291/273 281/295/273
f 288/288/274 284/296/274 282/297/274 286/290/274
s 1
f 309/355/271 308/356/279 318/357/280 319/358/281
f 481/359/282 306/360/283 315/361/284 316/362/285
f 312/363/286 482/364/287 322/365/288 323/366/289
f 310/367/290 309/355/271 319/358/281 320/368/291
f 307/369/292 481/359/282 316/362/285 317/370/293
f 313/371/294 312/363/286 323/366/289 324/372/295
f 305/373/296 325/374/274 314/375/297
f 311/376/298 310/367/290 320/368/291 321/377/299
f 308/356/279 307/369/292 317/370/293 318/357/280
f 414/378/273 313/371/294 324/372/295
f 306/360/283 305/373/296 314/375/297 315/361/284
f 482/364/287 311/376/298 321/377/299 322/365/288
f 317/370/293 316/362/285 328/290/300 329/379/301
f 324/372/295 323/366/289 335/380/302 336/381/303
f 314/375/297 325/382/274 326/383/304
f 321/377/299 320/368/291 332/384/305 333/385/306
f 318/357/280 317/370/293 329/379/301 330/386/307
f 414/387/273 324/372/295 336/381/303
f 315/361/284 314/375/297 326/383/304 327/388/308
f 322/365/288 321/377/299 333/385/306 334/286/309
f 319/358/281 318/357/280 330/386/307 331/288/310
f 316/362/285 315/361/284 327/388/308 328/290/300
f 323/366/289 322/365/288 334/286/309 335/380/302
f 320/368/291 319/358/281 331/288/310 332/384/305
f 328/290/300 327/388/308 338/389/311 339/390/312
f 335/380/302 334/286/309 345/391/313 346/392/314
f 332/384/305 331/288/310 342/393/315 343/394/316
f 329/379/301 328/290/300 339/390/312 340/395/317
f 336/381/303 335/380/302 346/392/314 347/396/318
f 326/383/304 325/397/274 337/398/319
f 333/385/306 332/384/305 343/394/316 344/399/320
f 330/386/307 329/379/301 340/395/317 341/400/321
f 414/401/273 336/381/303 347/396/318
f 327/388/308 326/383/304 337/398/319 338/389/311
f 334/286/309 333/385/306 344/399/320 345/391/313
f 331/288/310 330/386/307 341/400/321 342/393/315
f 341/400/321 340/395/317 351/402/322 352/403/323
f 414/404/273 347/396/318 358/405/324
f 338/389/311 337/398/319 348/406/325 349/407/326
f 345/391/313 344/399/320 355/408/327 356/409/328
f 342/393/315 341/400/321 352/403/323 353/72/238
f 339/390/312 338/389/311 349/407/326 350/410/329
f 346/392/314 345/391/313 356/409/328 357/411/330
f 343/394/316 342/393/315 353/72/238 354/412/331
f 340/395/317 339/390/312 350/410/329 351/402/322
f 347/396/318 346/392/314 357/411/330 358/405/324
f 337/398/319 325/413/274 348/406/325
f 344/399/320 343/394/316 354/412/331 355/408/327
f 351/402/322 350/410/329 361/414/332 362/415/333
f 358/405/324 357/411/330 368/416/334 369/417/335
f 348/406/325 325/418/274 359/419/336
f 355/408/327 354/412/331 365/420/337 366/421/338
f 352/403/323 351/402/322 362/415/333 363/422/339
f 414/423/273 358/405/324 369/417/335
f 349/407/326 348/406/325 359/419/336 360/424/340
f 356/409/328 355/408/327 366/421/338 367/425/341
f 353/72/238 352/403/323 363/422/339 364/426/342
f 350/410/329 349/407/326 360/424/340 361/414/332
f 357/411/330 356/409/328 367/425/341 368/416/334
f 354/412/331 353/72/238 364/426/342 365/420/337
f 364/426/342 363/422/339 374/427/343 375/428/344
f 361/414/332 360/424/340 371/429/345 372/291/346
f 368/416/334 367/425/341 378/287/347 379/430/348
f 365/420/337 364/426/342 375/428/344 376/431/349
f 362/415/333 361/414/332 372/291/346 373/432/350
f 369/417/335 368/416/334 379/430/348 380/433/351
f 359/419/336 325/434/274 370/435/352
f 366/421/338 365/420/337 376/431/349 377/436/353
f 363/422/339 362/415/333 373/432/350 374/427/343
f 414/437/273 369/417/335 380/433/351
f 360/424/340 359/419/336 370/435/352 371/429/345
f 367/425/341 366/421/338 377/436/353 378/287/347
f 374/427/343 373/432/350 384/438/354 385/439/355
f 414/440/273 380/433/351 391/441/356
f 371/429/345 370/435/352 381/442/357 382/443/358
f 378/287/347 377/436/353 388/444/359 389/445/360
f 375/428/344 374/427/343 385/439/355 386/446/361
f 372/291/346 371/429/345 382/443/358 383/447/362
f 379/430/348 378/287/347 389/445/360 390/448/363
f 376/431/349 375/428/344 386/446/361 387/449/364
f 373/432/350 372/291/346 383/447/362 384/438/354
f 380/433/351 379/430/348 390/448/363 391/441/356
f 370/435/352 325/450/274 381/442/357
f 377/436/353 376/431/349 387/449/364 388/444/359
f 387/449/364 386/446/361 397/451/272 398/452/365
f 384/438/354 383/447/362 394/453/366 395/454/367
f 391/441/356 390/448/363 401/455/368 402/456/369
f 381/442/357 325/457/274 392/458/370
f 388/444/359 387/449/364 398/452/365 399/459/371
f 385/439/355 384/438/354 395/454/367 396/460/372
f 414/461/273 391/441/356 402/456/369
f 382/443/358 381/442/357 392/458/370 393/462/373
f 389/445/360 388/444/359 399/459/371 400/463/374
f 386/446/361 385/439/355 396/460/372 397/451/272
f 383/447/362 382/443/358 393/462/373 394/453/366
f 390/448/363 389/445/360 400/463/374 401/455/368
f 397/451/272 396/460/372 407/464/375 408/465/376
f 394/453/366 393/462/373 404/466/377 405/467/378
f 401/455/368 400/463/374 411/468/379 412/469/380
f 398/452/365 397/451/272 408/465/376 409/470/381
f 395/454/367 394/453/366 405/467/378 406/471/382
f 402/456/369 401/455/368 412/469/380 413/472/383
f 392/458/370 325/473/274 403/474/384
f 399/459/371 398/452/365 409/470/381 410/475/385
f 396/460/372 395/454/367 406/471/382 407/464/375
f 414/476/273 402/456/369 413/472/383
f 393/462/373 392/458/370 403/474/384 404/466/377
f 400/463/374 399/459/371 410/475/385 411/468/379
f 410/475/385 409/470/381 421/477/386 422/478/387
f 407/464/375 406/471/382 418/479/388 419/480/389
f 414/481/273 413/472/383 425/482/390
f 404/466/377 403/474/384 415/483/391 416/484/392
f 411/468/379 410/475/385 422/478/387 423/485/393
f 408/465/376 407/464/375 419/480/389 420/486/394
f 405/467/378 404/466/377 416/484/392 417/487/395
f 412/469/380 411/468/379 423/485/393 424/488/396
f 409/470/381 408/465/376 420/486/394 421/477/386
f 406/471/382 405/467/378 417/487/395 418/479/388
f 413/472/383 412/469/380 424/488/396 425/482/390
f 403/474/384 325/489/274 415/483/391
f 421/477/386 420/486/394 431/490/397 432/491/398
f 418/479/388 417/487/395 428/492/399 429/493/400
f 425/482/390 424/488/396 435/494/401 436/495/402
f 415/483/391 325/496/274 426/497/403
f 422/478/387 421/477/386 432/491/398 433/498/404
f 419/480/389 418/479/388 429/493/400 430/499/405
f 414/500/273 425/482/390 436/495/402
f 416/484/392 415/483/391 426/497/403 427/501/406
f 423/485/393 422/478/387 433/498/404 434/502/407
f 420/486/394 419/480/389 430/499/405 431/490/397
f 417/487/395 416/484/392 427/501/406 428/492/399
f 424/488/396 423/485/393 434/502/407 435/494/401
f 434/502/407 433/498/404 444/503/408 445/504/409
f 431/490/397 430/499/405 441/505/410 442/195/237
f 428/492/399 427/501/406 438/506/411 439/507/412
f 435/494/401 434/502/407 445/504/409 446/508/413
f 432/491/398 431/490/397 442/195/237 443/509/414
f 429/493/400 428/492/399 439/507/412 440/510/415
f 436/495/402 435/494/401 446/508/413 447/511/416
f 426/497/403 325/512/274 437/513/417
f 433/498/404 432/491/398 443/509/414 444/503/408
f 430/499/405 429/493/400 440/510/415 441/505/410
f 414/514/273 436/495/402 447/511/416
f 427/501/406 426/497/403 437/513/417 438/506/411
f 437/515/417 325/516/274 448/517/418
f 444/518/408 443/519/414 454/520/419 455/521/420
f 441/522/410 440/523/415 451/524/421 452/525/422
f 414/526/273 447/527/416 458/528/423
f 438/529/411 437/515/417 448/517/418 449/530/424
f 445/531/409 444/518/408 455/521/420 456/532/425
f 442/210/237 441/522/410 452/525/422 453/533/426
f 439/534/412 438/529/411 449/530/424 450/535/427
f 446/536/413 445/531/409 456/532/425 457/537/428
f 443/519/414 442/210/237 453/533/426 454/520/419
f 440/523/415 439/534/412 450/535/427 451/524/421
f 447/527/416 446/536/413 457/537/428 458/528/423
f 457/537/428 456/532/425 467/538/429 468/539/430
f 454/520/419 453/533/426 464/540/431 465/541/432
f 451/524/421 450/535/427 461/542/433 462/543/434
f 458/528/423 457/537/428 468/539/430 469/544/435
f 448/517/418 325/545/274 459/546/436
f 455/521/420 454/520/419 465/541/432 466/547/437
f 452/525/422 451/524/421 462/543/434 463/548/438
f 414/549/273 458/528/423 469/544/435
f 449/530/424 448/517/418 459/546/436 460/550/439
f 456/532/425 455/521/420 466/547/437 467/538/429
f 453/533/426 452/525/422 463/548/438 464/540/431
f 450/535/427 449/530/424 460/550/439 461/542/433
f 460/550/439 459/546/436 470/551/440 471/552/441
f 467/538/429 466/547/437 477/553/442 478/554/443
f 464/540/431 463/548/438 474/555/444 475/556/445
f 461/542/433 460/550/439 471/552/441 472/557/446
f 468/539/430 467/538/429 478/554/443 479/558/447
f 465/541/432 464/540/431 475/556/445 476/559/448
f 462/543/434 461/542/433 472/557/446 473/560/449
f 469/544/435 468/539/430 479/558/447 480/561/450
f 459/546/436 325/562/274 470/551/440
f 466/547/437 465/541/432 476/559/448 477/553/442
f 463/548/438 462/543/434 473/560/449 474/555/444
f 414/563/273 469/544/435 480/561/450
f 480/561/450 479/558/447 312/363/286 313/371/294
f 470/551/440 325/564/274 305/373/296
f 477/553/442 476/559/448 310/367/290 311/376/298
f 474/555/444 473/560/449 307/369/292 308/356/279
f 414/565/273 480/561/450 313/371/294
f 471/552/441 470/551/440 305/373/296 306/360/283
f 478/554/443 477/553/442 311/376/298 482/364/287
f 475/556/445 474/555/444 308/356/279 309/355/271
f 472/557/446 471/552/441 306/360/283 481/359/282
f 479/558/447 478/554/443 482/364/287 312/363/286
f 476/559/448 475/556/445 309/355/271 310/367/290
f 473/560/449 472/557/446 481/359/282 307/369/292
s 0
f 531/284/475 532/285/475 534/286/475 533/287/475
f 533/287/476 534/286/476 538/288/476 537/289/476
f 537/289/477 538/288/477 536/290/477 535/291/477
f 535/291/478 536/290/478 532/292/478 531/293/478
f 533/294/479 537/289/479 535/291/479 531/295/479
f 538/288/480 534/296/480 532/297/480 536/290/480
s 1
f 731/619/282 556/620/283 565/621/284 566/362/285
f 562/363/286 732/622/287 572/365/288 573/366/289
f 560/367/290 559/355/271 569/358/281 570/368/291
f 557/623/292 731/619/282 566/362/285 567/624/293
f 563/625/294 562/363/286 573/366/289 574/626/295
f 555/627/296 575/374/274 564/628/297
f 561/376/298 560/367/290 570/368/291 571/377/299
f 558/356/279 557/623/292 567/624/293 568/357/280
f 664/378/273 563/625/294 574/626/295
f 556/620/283 555/627/296 564/628/297 565/621/284
f 732/622/287 561/376/298 571/377/299 572/365/288
f 559/355/271 558/356/279 568/357/280 569/358/281
f 571/377/299 570/368/291 582/384/305 583/385/306
f 568/357/280 567/624/293 579/629/301 580/386/307
f 664/387/273 574/626/295 586/630/303
f 565/621/284 564/628/297 576/631/304 577/632/308
f 572/365/288 571/377/299 583/385/306 584/286/309
f 569/358/281 568/357/280 580/386/307 581/288/310
f 566/362/285 565/621/284 577/632/308 578/290/300
f 573/366/289 572/365/288 584/286/309 585/380/302
f 570/368/291 569/358/281 581/288/310 582/384/305
f 567/624/293 566/362/285 578/290/300 579/629/301
f 574/626/295 573/366/289 585/380/302 586/630/303
f 564/628/297 575/382/274 576/631/304
f 582/384/305 581/288/310 592/393/315 593/394/316
f 579/629/301 578/290/300 589/390/312 590/395/317
f 586/630/303 585/380/302 596/392/314 597/633/318
f 576/631/304 575/397/274 587/634/319
f 583/385/306 582/384/305 593/394/316 594/399/320
f 580/386/307 579/629/301 590/395/317 591/400/321
f 664/401/273 586/630/303 597/633/318
f 577/632/308 576/631/304 587/634/319 588/635/311
f 584/286/309 583/385/306 594/399/320 595/391/313
f 581/288/310 580/386/307 591/400/321 592/393/315
f 578/290/300 577/632/308 588/635/311 589/390/312
f 585/380/302 584/286/309 595/391/313 596/392/314
f 595/391/313 594/399/320 605/408/327 606/636/328
f 592/393/315 591/400/321 602/403/323 603/72/238
f 589/390/312 588/635/311 599/637/485 600/638/329
f 596/392/314 595/391/313 606/636/328 607/411/486
f 593/394/316 592/393/315 603/72/238 604/412/331
f 590/395/317 589/390/312 600/638/329 601/402/322
f 597/633/318 596/392/314 607/411/486 608/639/324
f 587/634/319 575/413/274 598/640/325
f 594/399/320 593/394/316 604/412/331 605/408/327
f 591/400/321 590/395/317 601/402/322 602/403/323
f 664/404/273 597/633/318 608/639/324
f 588/635/311 587/634/319 598/640/325 599/637/485
f 598/640/325 575/418/274 609/641/336
f 605/408/327 604/412/331 615/420/337 616/421/338
f 602/403/323 601/402/322 612/415/333 613/422/339
f 664/423/273 608/639/324 619/642/335
f 599/637/485 598/640/325 609/641/336 610/643/340
f 606/636/328 605/408/327 616/421/338 617/644/341
f 603/72/238 602/403/323 613/422/339 614/426/342
f 600/638/329 599/637/485 610/643/340 611/645/332
f 607/411/486 606/636/328 617/644/341 618/416/334
f 604/412/331 603/72/238 614/426/342 615/420/337
f 601/402/322 600/638/329 611/645/332 612/415/333
f 608/639/324 607/411/486 618/416/334 619/642/335
f 618/416/334 617/644/341 628/646/347 629/647/348
f 615/420/337 614/426/342 625/428/344 626/431/349
f 612/415/333 611/645/332 622/648/346 623/649/350
f 619/642/335 618/416/334 629/647/348 630/650/351
f 609/641/336 575/434/274 620/651/352
f 616/421/338 615/420/337 626/431/349 627/652/353
f 613/422/339 612/415/333 623/649/350 624/427/343
f 664/437/273 619/642/335 630/650/351
f 610/643/340 609/641/336 620/651/352 621/653/345
f 617/644/341 616/421/338 627/652/353 628/646/347
f 614/426/342 613/422/339 624/427/343 625/428/344
f 611/645/332 610/643/340 621/653/345 622/648/346
f 621/653/345 620/651/352 631/654/357 632/655/358
f 628/646/347 627/652/353 638/444/359 639/445/360
f 625/428/344 624/427/343 635/439/355 636/446/361
f 622/648/346 621/653/345 632/655/358 633/447/362
f 629/647/348 628/646/347 639/445/360 640/656/363
f 626/431/349 625/428/344 636/446/361 637/449/364
f 623/649/350 622/648/346 633/447/362 634/438/354
f 630/650/351 629/647/348 640/656/363 641/657/356
f 620/651/352 575/450/274 631/654/357
f 627/652/353 626/431/349 637/449/364 638/444/359
f 624/427/343 623/649/350 634/438/354 635/439/355
f 664/440/273 630/650/351 641/657/356
f 641/657/356 640/656/363 651/658/368 652/659/369
f 631/654/357 575/457/274 642/660/370
f 638/444/359 637/449/364 648/452/365 649/459/371
f 635/439/355 634/438/354 645/454/367 646/460/372
f 664/461/273 641/657/356 652/659/369
f 632/655/358 631/654/357 642/660/370 643/661/373
f 639/445/360 638/444/359 649/459/371 650/463/487
f 636/446/361 635/439/355 646/460/372 647/451/272
f 633/447/362 632/655/358 643/661/373 644/453/366
f 640/656/363 639/445/360 650/463/487 651/658/368
f 637/449/364 636/446/361 647/451/272 648/452/365
f 634/438/354 633/447/362 644/453/366 645/454/367
f 644/453/366 643/661/373 654/662/377 655/467/378
f 651/658/368 650/463/487 661/468/379 662/663/380
f 648/452/365 647/451/272 658/465/376 659/470/381
f 645/454/367 644/453/366 655/467/378 656/471/382
f 652/659/369 651/658/368 662/663/380 663/664/383
f 642/660/370 575/473/274 653/665/384
f 649/459/371 648/452/365 659/470/381 660/475/385
f 646/460/372 645/454/367 656/471/382 657/464/375
f 664/476/273 652/659/369 663/664/383
f 643/661/373 642/660/370 653/665/384 654/662/377
f 650/463/487 649/459/371 660/475/385 661/468/379
f 647/451/272 646/460/372 657/464/375 658/465/376
f 664/481/273 663/664/383 675/666/390
f 654/662/377 653/665/384 665/667/391 666/668/392
f 661/468/379 660/475/385 672/478/387 673/669/393
f 658/465/376 657/464/375 669/480/389 670/670/394
f 655/467/378 654/662/377 666/668/392 667/671/395
f 662/663/380 661/468/379 673/669/393 674/672/396
f 659/470/381 658/465/376 670/670/394 671/673/386
f 656/471/382 655/467/378 667/671/395 668/479/388
f 663/664/383 662/663/380 674/672/396 675/666/390
f 653/665/384 575/489/274 665/667/391
f 660/475/385 659/470/381 671/673/386 672/478/387
f 657/464/375 656/471/382 668/479/388 669/480/389
f 668/479/388 667/671/395 678/674/399 679/493/400
f 675/666/390 674/672/396 685/675/401 686/676/402
f 665/667/391 575/496/274 676/677/403
f 672/478/387 671/673/386 682/678/398 683/498/404
f 669/480/389 668/479/388 679/493/400 680/679/405
f 664/500/273 675/666/390 686/676/402
f 666/668/392 665/667/391 676/677/403 677/680/406
f 673/669/393 672/478/387 683/498/404 684/681/407
f 670/670/394 669/480/389 680/679/405 681/682/397
f 667/671/395 666/668/392 677/680/406 678/674/399
f 674/672/396 673/669/393 684/681/407 685/675/401
f 671/673/386 670/670/394 681/682/397 682/678/398
f 678/674/399 677/680/406 688/683/411 689/507/412
f 685/675/401 684/681/407 695/504/409 696/684/413
f 682/678/398 681/682/397 692/195/237 693/685/414
f 679/493/400 678/674/399 689/507/412 690/510/415
f 686/676/402 685/675/401 696/684/413 697/686/416
f 676/677/403 575/687/274 687/688/417
f 683/498/404 682/678/398 693/685/414 694/503/408
f 680/679/405 679/493/400 690/510/415 691/505/410
f 664/689/273 686/676/402 697/686/416
f 677/680/406 676/677/403 687/688/417 688/683/411
f 684/681/407 683/498/404 694/503/408 695/504/409
f 681/682/397 680/679/405 691/505/410 692/195/237
f 691/522/410 690/523/415 701/524/421 702/525/422
f 664/526/273 697/690/416 708/691/423
f 688/692/411 687/693/417 698/694/418 699/695/424
f 695/531/409 694/518/408 705/521/420 706/696/425
f 692/210/237 691/522/410 702/525/422 703/697/426
f 689/534/412 688/692/411 699/695/424 700/698/427
f 696/699/413 695/531/409 706/696/425 707/700/428
f 693/701/414 692/210/237 703/697/426 704/702/419
f 690/523/415 689/534/412 700/698/427 701/524/421
f 697/690/416 696/699/413 707/700/428 708/691/423
f 687/693/417 575/516/274 698/694/418
f 694/518/408 693/701/414 704/702/419 705/521/420
f 701/524/421 700/698/427 711/542/433 712/543/434
f 708/691/423 707/700/428 718/703/430 719/704/435
f 698/694/418 575/545/274 709/705/436
f 705/521/420 704/702/419 715/706/432 716/547/437
f 702/525/422 701/524/421 712/543/434 713/548/438
f 664/549/273 708/691/423 719/704/435
f 699/695/424 698/694/418 709/705/436 710/707/439
f 706/696/425 705/521/420 716/547/437 717/538/429
f 703/697/426 702/525/422 713/548/438 714/540/431
f 700/698/427 699/695/424 710/707/439 711/542/433
f 707/700/428 706/696/425 717/538/429 718/703/430
f 704/702/419 703/697/426 714/540/431 715/706/432
f 714/540/431 713/548/438 724/555/444 725/556/445
f 711/542/433 710/707/439 721/708/441 722/557/446
f 718/703/430 717/538/429 728/554/443 729/709/447
f 715/706/432 714/540/431 725/556/445 726/710/448
f 712/543/434 711/542/433 722/557/446 723/560/488
f 719/704/435 718/703/430 729/709/447 730/711/450
f 709/705/436 575/562/274 720/712/440
f 716/547/437 715/706/432 726/710/448 727/553/442
f 713/548/438 712/543/434 723/560/488 724/555/444
f 664/563/273 719/704/435 730/711/450
f 710/707/439 709/705/436 720/712/440 721/708/441
f 717/538/429 716/547/437 727/553/442 728/554/443
f 724/555/444 723/560/488 557/623/292 558/356/279
f 664/565/273 730/711/450 563/625/294
f 721/708/441 720/712/440 555/627/296 556/620/283
f 728/554/443 727/553/442 561/376/298 732/622/287
f 725/556/445 724/555/444 558/356/279 559/355/271
f 722/557/446 721/708/441 556/620/283 731/619/282
f 729/709/447 728/554/443 732/622/287 562/363/286
f 726/710/448 725/556/445 559/355/271 560/367/290
f 723/560/488 722/557/446 731/619/282 557/623/292
f 730/711/450 729/709/447 562/363/286 563/625/294
f 720/712/440 575/564/274 555/627/296
f 727/553/442 726/710/448 560/367/290 561/376/298
s 0
f 781/284/513 782/285/513 784/286/513 783/287/513
f 783/287/514 784/286/514 788/288/514 787/289/514
f 787/289/515 788/288/515 786/290/515 785/291/515
f 785/291/516 786/290/516 782/292/516 781/293/516
f 783/294/517 787/289/517 785/291/517 781/295/517
f 788/288/518 784/296/518 782/297/518 786/290/518
usemtl Mat_TacticalBDU
f 289/284/237 290/285/237 292/286/237 291/287/237
f 291/287/275 292/286/275 296/288/275 295/289/275
f 295/289/238 296/288/238 294/290/238 293/291/238
f 293/291/276 294/290/276 290/292/276 289/293/276
f 291/294/277 295/289/277 293/291/277 289/295/277
f 296/288/278 292/296/278 290/297/278 294/290/278
f 297/284/237 298/285/237 300/286/237 299/287/237
f 299/287/275 300/286/275 304/288/275 303/289/275
f 303/289/238 304/288/238 302/290/238 301/291/238
f 301/291/276 302/290/276 298/292/276 297/293/276
f 299/294/277 303/289/277 301/291/277 297/295/277
f 304/288/278 300/296/278 298/297/278 302/290/278
s 1
f 483/210/451 484/298/452 486/566/453 485/567/454
f 485/567/454 486/566/453 488/568/455 487/265/456
f 487/265/456 488/568/455 490/569/457 489/570/458
f 489/570/458 490/569/457 492/571/459 491/572/460
f 491/572/460 492/571/459 494/573/461 493/574/462
f 493/574/462 494/573/461 496/575/463 495/576/464
f 495/576/464 496/575/463 498/577/465 497/578/466
f 497/578/466 498/577/465 500/579/467 499/580/468
f 499/580/468 500/579/467 502/581/469 501/582/470
f 501/582/470 502/581/469 504/583/471 503/584/472
f 486/585/453 484/586/452 506/587/473 504/588/471 502/589/469 500/590/467 498/591/465 496/592/463 494/593/461 492/594/459 490/595/457 488/596/455
f 503/584/472 504/583/471 506/597/473 505/598/474
f 505/598/474 506/597/473 484/599/452 483/600/451
f 483/601/451 485/602/454 487/603/456 489/604/458 491/605/460 493/606/462 495/607/464 497/608/466 499/609/468 501/610/470 503/611/472 505/612/474
f 733/210/489 734/298/490 736/566/491 735/567/492
f 735/567/492 736/566/491 738/568/493 737/265/494
f 737/265/494 738/568/493 740/569/495 739/570/496
f 739/570/496 740/569/495 742/571/497 741/572/498
f 741/572/498 742/571/497 744/573/499 743/574/500
f 743/574/500 744/573/499 746/575/501 745/576/502
f 745/576/502 746/575/501 748/577/503 747/578/504
f 747/578/504 748/577/503 750/579/505 749/580/506
f 749/580/506 750/579/505 752/581/507 751/582/508
f 751/582/508 752/581/507 754/583/509 753/584/510
f 736/585/491 734/586/490 756/587/511 754/588/509 752/589/507 750/590/505 748/591/503 746/592/501 744/593/499 742/594/497 740/595/495 738/596/493
f 753/584/510 754/583/509 756/597/511 755/598/512
f 755/598/512 756/597/511 734/599/490 733/600/489
f 733/601/489 735/602/492 737/603/494 739/604/496 741/605/498 743/606/500 745/607/502 747/608/504 749/609/506 751/610/508 753/611/510 755/612/512
f 789/210/519 790/298/520 792/566/521 791/567/522
f 791/567/522 792/566/521 794/568/523 793/265/524
f 793/265/524 794/568/523 796/569/525 795/570/526
f 795/570/526 796/569/525 798/571/527 797/572/528
f 797/572/528 798/571/527 800/573/529 799/574/530
f 799/574/530 800/573/529 802/575/531 801/576/532
f 801/576/532 802/575/531 804/577/533 803/578/534
f 803/578/534 804/577/533 806/579/535 805/580/536
f 805/580/536 806/579/535 808/581/537 807/582/538
f 807/582/538 808/581/537 810/583/539 809/584/540
f 792/585/521 790/586/520 812/587/541 810/588/539 808/729/537 806/590/535 804/591/533 802/730/531 800/593/529 798/594/527 796/595/525 794/596/523
f 809/584/540 810/583/539 812/597/541 811/598/542
f 811/598/542 812/597/541 790/599/520 789/600/519
f 789/601/519 791/602/522 793/603/524 795/604/526 797/605/528 799/606/530 801/731/532 803/608/534 805/609/536 807/610/538 809/611/540 811/612/542
f 813/210/519 814/298/520 816/566/521 815/567/522
f 815/567/522 816/566/521 818/568/523 817/265/524
f 817/265/524 818/568/523 820/569/525 819/570/543
f 819/570/543 820/569/525 822/571/527 821/572/528
f 821/572/528 822/571/527 824/573/529 823/574/530
f 823/574/530 824/573/529 826/575/531 825/576/532
f 825/576/532 826/575/531 828/577/533 827/578/534
f 827/578/534 828/577/533 830/579/535 829/580/536
f 829/580/536 830/579/535 832/581/537 831/582/538
f 831/582/538 832/581/537 834/583/539 833/584/540
f 816/713/521 814/324/520 836/732/541 834/715/539 832/733/537 830/734/535 828/735/533 826/331/531 824/718/529 822/736/527 820/737/525 818/720/523
f 833/584/540 834/583/539 836/597/541 835/598/542
f 835/598/542 836/597/541 814/599/520 813/600/519
f 813/341/519 815/721/522 817/722/524 819/604/543 821/738/528 823/724/530 825/348/532 827/725/534 829/739/536 831/610/538 833/727/540 835/728/542
f 853/210/550 854/298/551 856/566/552 855/567/553
f 855/567/553 856/566/552 858/568/554 857/265/555
f 857/265/555 858/568/554 860/569/556 859/570/557
f 859/570/557 860/569/556 862/571/558 861/572/559
f 861/572/559 862/571/558 864/573/560 863/574/561
f 863/574/561 864/573/560 866/575/562 865/576/563
f 865/576/563 866/575/562 868/577/564 867/578/565
f 867/578/565 868/577/564 870/579/566 869/580/567
f 869/580/567 870/579/566 872/581/568 871/582/569
f 871/582/569 872/581/568 874/583/570 873/584/571
f 856/585/552 854/586/551 876/587/572 874/588/570 872/729/568 870/590/566 868/591/564 866/730/562 864/593/560 862/594/558 860/595/556 858/596/554
f 873/584/571 874/583/570 876/597/572 875/598/573
f 875/598/573 876/597/572 854/599/551 853/600/550
f 853/601/550 855/602/553 857/603/555 859/604/557 861/605/559 863/606/561 865/731/563 867/608/565 869/609/567 871/610/569 873/611/571 875/612/573
f 877/210/550 878/298/551 880/566/552 879/567/553
f 879/567/553 880/566/552 882/568/554 881/265/555
f 881/265/555 882/568/554 884/569/556 883/570/557
f 883/570/557 884/569/556 886/571/558 885/572/559
f 885/572/559 886/571/558 888/573/560 887/574/561
f 887/574/561 888/573/560 890/575/562 889/576/563
f 889/576/563 890/575/562 892/577/564 891/578/565
f 891/578/565 892/577/564 894/579/566 893/580/567
f 893/580/567 894/579/566 896/581/568 895/582/569
f 895/582/569 896/581/568 898/583/570 897/584/571
f 880/713/552 878/324/551 900/732/572 898/715/570 896/733/568 894/734/566 892/735/564 890/331/562 888/718/560 886/736/558 884/737/556 882/720/554
f 897/584/571 898/583/570 900/597/572 899/598/573
f 899/598/573 900/597/572 878/599/551 877/600/550
f 877/341/550 879/721/553 881/722/555 883/604/557 885/738/559 887/724/561 889/348/563 891/725/565 893/739/567 895/610/569 897/727/571 899/728/573
usemtl Mat_ExoBlade
f 507/210/451 508/298/452 510/566/453 509/567/454
f 509/567/454 510/566/453 512/568/455 511/265/456
f 511/265/456 512/568/455 514/569/457 513/570/458
f 513/570/458 514/569/457 516/571/459 515/572/460
f 515/572/460 516/571/459 518/573/461 517/574/462
f 517/574/462 518/573/461 520/575/463 519/576/464
f 519/576/464 520/575/463 522/577/465 521/578/466
f 521/578/466 522/577/465 524/579/467 523/580/468
f 523/580/468 524/579/467 526/581/469 525/582/470
f 525/582/470 526/581/469 528/583/471 527/584/472
f 510/585/453 508/586/452 530/587/473 528/613/471 526/589/469 524/614/467 522/615/465 520/592/463 518/616/461 516/594/459 514/595/457 512/596/455
f 527/584/472 528/583/471 530/597/473 529/598/474
f 529/598/474 530/597/473 508/599/452 507/600/451
f 507/601/451 509/602/454 511/603/456 513/604/458 515/605/460 517/617/462 519/607/464 521/618/466 523/609/468 525/610/470 527/611/472 529/612/474
s 0
f 539/284/475 540/285/475 542/286/475 541/287/475
f 541/287/481 542/286/481 546/288/481 545/289/481
f 545/289/477 546/288/477 544/290/477 543/291/477
f 543/291/482 544/290/482 540/292/482 539/293/482
f 541/294/483 545/289/483 543/291/483 539/295/483
f 546/288/484 542/296/484 540/297/484 544/290/484
usemtl Mat_BioHazardGlow
f 547/284/475 548/285/475 550/286/475 549/287/475
f 549/287/481 550/286/481 554/288/481 553/289/481
f 553/289/477 554/288/477 552/290/477 551/291/477
f 551/291/482 552/290/482 548/292/482 547/293/482
f 549/294/483 553/289/483 551/291/483 547/295/483
f 554/288/484 550/296/484 548/297/484 552/290/484
usemtl Mat_CombatBootsBoss
f 837/284/544 838/285/544 840/286/544 839/287/544
f 839/287/545 840/286/545 844/288/545 843/289/545
f 843/289/546 844/288/546 842/290/546 841/291/546
f 841/291/547 842/290/547 838/292/547 837/293/547
f 839/294/548 843/289/548 841/291/548 837/295/548
f 844/288/549 840/296/549 838/297/549 842/290/549
f 845/284/544 846/285/544 848/286/544 847/287/544
f 847/287/545 848/286/545 852/288/545 851/289/545
f 851/289/546 852/288/546 850/290/546 849/291/546
f 849/291/547 850/290/547 846/292/547 845/293/547
f 847/294/548 851/289/548 849/291/548 845/295/548
f 852/288/549 848/296/549 846/297/549 850/290/549
f 901/284/574 902/285/574 904/286/574 903/287/574
f 903/287/575 904/286/575 908/288/575 907/289/575
f 907/289/576 908/288/576 906/290/576 905/291/576
f 905/291/577 906/290/577 902/292/577 901/293/577
f 903/294/578 907/289/578 905/291/578 901/295/578
f 908/288/579 904/296/579 902/297/579 906/290/579
f 909/284/574 910/285/574 912/286/574 911/287/574
f 911/287/575 912/286/575 916/288/575 915/289/575
f 915/289/576 916/288/576 914/290/576 913/291/576
f 913/291/577 914/290/577 910/292/577 909/293/577
f 911/294/578 915/289/578 913/291/578 909/295/578
f 916/288/579 912/296/579 910/297/579 914/290/579
