# Blender 4.0.2
# www.blender.org
mtllib zombie_heavy.mtl
o HeavyZombieMesh
v 0.009135 -0.198805 -1.652221
v 0.017809 -0.219734 -1.666672
v 0.025591 -0.243700 -1.676006
v 0.032089 -0.269503 -1.679756
v 0.036979 -0.295848 -1.677733
v 0.040014 -0.321415 -1.670039
v 0.041042 -0.344921 -1.657059
v 0.040013 -0.365189 -1.639445
v 0.036977 -0.381200 -1.618079
v 0.032087 -0.392153 -1.594033
v 0.025588 -0.397498 -1.568514
v 0.017806 -0.396968 -1.542799
v 0.009131 -0.390589 -1.518180
v 0.017166 -0.196149 -1.648420
v 0.033469 -0.214555 -1.659261
v 0.048094 -0.236258 -1.665357
v 0.060307 -0.260170 -1.666402
v 0.069497 -0.285094 -1.662345
v 0.075201 -0.309778 -1.653387
v 0.077134 -0.332985 -1.639979
v 0.075200 -0.353551 -1.622793
v 0.069495 -0.370445 -1.602691
v 0.060305 -0.382820 -1.580680
v 0.048091 -0.390056 -1.557864
v 0.033465 -0.391789 -1.535388
v 0.017162 -0.387933 -1.514379
v 0.023127 -0.192080 -1.642597
v 0.045092 -0.206619 -1.647907
v 0.064796 -0.224855 -1.649042
v 0.081251 -0.245872 -1.645944
v 0.093632 -0.268616 -1.638768
v 0.101318 -0.291948 -1.627875
v 0.103923 -0.314696 -1.613811
v 0.101317 -0.335721 -1.597281
v 0.093630 -0.353968 -1.579114
v 0.081249 -0.368522 -1.560221
v 0.064793 -0.378653 -1.541549
v 0.045089 -0.383854 -1.524035
v 0.023123 -0.383863 -1.508556
v 0.026299 -0.187088 -1.635454
v 0.051277 -0.196885 -1.633980
v 0.073684 -0.210867 -1.629028
v 0.092396 -0.228332 -1.620847
v 0.106474 -0.248403 -1.609848
v 0.115214 -0.270076 -1.596581
v 0.118177 -0.292261 -1.581712
v 0.115213 -0.313849 -1.565987
v 0.106473 -0.333755 -1.550194
v 0.092393 -0.350982 -1.535125
v 0.073680 -0.364666 -1.521536
v 0.051273 -0.374120 -1.510107
v 0.026295 -0.378871 -1.501413
v 0.026299 -0.181775 -1.627853
v 0.051277 -0.186527 -1.619159
v 0.073684 -0.195982 -1.607730
v 0.092396 -0.209666 -1.594141
v 0.106475 -0.226893 -1.579071
v 0.115214 -0.246800 -1.563278
v 0.118177 -0.268387 -1.547553
v 0.115213 -0.290573 -1.532684
v 0.106473 -0.312245 -1.519417
v 0.092393 -0.332316 -1.508418
v 0.073680 -0.349780 -1.500238
v 0.051273 -0.363761 -1.495286
v 0.026295 -0.373558 -1.493812
v 0.023127 -0.176783 -1.620710
v 0.045092 -0.176792 -1.605232
v 0.064796 -0.181994 -1.587717
v 0.081252 -0.192125 -1.569044
v 0.093632 -0.206680 -1.550151
v 0.101318 -0.224927 -1.531984
v 0.103923 -0.245952 -1.515454
v 0.101317 -0.268700 -1.501390
v 0.093631 -0.292032 -1.490497
v 0.081249 -0.314776 -1.483322
v 0.064793 -0.335792 -1.480224
v 0.045089 -0.354027 -1.481359
v 0.023123 -0.368566 -1.486669
v 0.017166 -0.172713 -1.614888
v 0.033469 -0.168857 -1.593878
v 0.048094 -0.170590 -1.571401
v 0.060307 -0.177826 -1.548586
v 0.069497 -0.190202 -1.526575
v 0.075201 -0.207096 -1.506472
v 0.077135 -0.227663 -1.489286
v 0.075200 -0.250870 -1.475878
v 0.069495 -0.275553 -1.466921
v 0.060305 -0.300476 -1.462864
v 0.048091 -0.324389 -1.463909
v 0.033466 -0.346092 -1.470005
v 0.017162 -0.364496 -1.480847
v 0.009135 -0.170056 -1.611087
v 0.017809 -0.163677 -1.586468
v 0.025591 -0.163147 -1.560753
v 0.032090 -0.168493 -1.535233
v 0.036979 -0.179446 -1.511187
v 0.040014 -0.195458 -1.489821
v 0.041042 -0.215725 -1.472207
v 0.040013 -0.239231 -1.459227
v 0.036977 -0.264798 -1.451533
v 0.032087 -0.291143 -1.449510
v 0.025588 -0.316946 -1.453260
v 0.017806 -0.340912 -1.462595
v 0.009131 -0.361840 -1.477046
v 0.000002 -0.169134 -1.609767
v 0.000002 -0.161878 -1.583894
v 0.000002 -0.160562 -1.557055
v 0.000001 -0.165251 -1.530596
v 0.000001 -0.175710 -1.505843
v 0.000001 -0.191415 -1.484039
v 0.000000 -0.211578 -1.466276
v -0.000000 -0.235189 -1.453445
v -0.000001 -0.261062 -1.446189
v -0.000001 -0.287901 -1.444873
v -0.000002 -0.314360 -1.449562
v -0.000002 -0.339113 -1.460021
v -0.000002 -0.360917 -1.475726
v -0.009131 -0.170056 -1.611087
v -0.017806 -0.163677 -1.586468
v -0.025588 -0.163147 -1.560753
v -0.032087 -0.168492 -1.535233
v -0.036977 -0.179445 -1.511188
v -0.040013 -0.195457 -1.489822
v -0.041042 -0.215724 -1.472208
v -0.040014 -0.239230 -1.459228
v -0.036979 -0.264797 -1.451534
v -0.032089 -0.291142 -1.449511
v -0.025591 -0.316945 -1.453261
v -0.017809 -0.340911 -1.462595
v -0.009135 -0.361840 -1.477046
v -0.017162 -0.172712 -1.614888
v -0.033466 -0.168856 -1.593878
v -0.048091 -0.170589 -1.571402
v -0.060305 -0.177825 -1.548587
v -0.069495 -0.190200 -1.526576
v -0.075200 -0.207094 -1.506474
v -0.077134 -0.227660 -1.489288
v -0.075201 -0.250867 -1.475880
v -0.069497 -0.275551 -1.466922
v -0.060307 -0.300475 -1.462865
v -0.048094 -0.324387 -1.463910
v -0.033469 -0.346091 -1.470006
v -0.017166 -0.364496 -1.480847
v -0.000002 -0.378680 -1.495889
v -0.023123 -0.176782 -1.620711
v -0.045089 -0.176791 -1.605232
v -0.064793 -0.181992 -1.587718
v -0.081249 -0.192123 -1.569046
v -0.093631 -0.206677 -1.550153
v -0.101317 -0.224924 -1.531985
v -0.103923 -0.245949 -1.515455
v -0.101318 -0.268698 -1.501391
v -0.093632 -0.292029 -1.490499
v -0.081252 -0.314773 -1.483323
v -0.064797 -0.335790 -1.480225
v -0.045092 -0.354026 -1.481360
v -0.023127 -0.368565 -1.486670
v -0.026295 -0.181774 -1.627854
v -0.051273 -0.186525 -1.619160
v -0.073681 -0.195980 -1.607731
v -0.092393 -0.209663 -1.594142
v -0.106473 -0.226890 -1.579073
v -0.115214 -0.246796 -1.563280
v -0.118177 -0.268384 -1.547555
v -0.115214 -0.290569 -1.532686
v -0.106475 -0.312242 -1.519419
v -0.092396 -0.332313 -1.508420
v -0.073684 -0.349778 -1.500239
v -0.051277 -0.363760 -1.495287
v -0.026299 -0.373558 -1.493813
v 0.000002 -0.181965 -1.633378
v -0.026295 -0.187087 -1.635455
v -0.051273 -0.196884 -1.633981
v -0.073681 -0.210865 -1.629029
v -0.092393 -0.228329 -1.620849
v -0.106473 -0.248400 -1.609850
v -0.115214 -0.270072 -1.596583
v -0.118177 -0.292258 -1.581714
v -0.115215 -0.313846 -1.565989
v -0.106475 -0.333752 -1.550196
v -0.092396 -0.350979 -1.535126
v -0.073684 -0.364663 -1.521537
v -0.051277 -0.374119 -1.510108
v -0.026299 -0.378870 -1.501414
v -0.023123 -0.192079 -1.642598
v -0.045089 -0.206618 -1.647908
v -0.064793 -0.224853 -1.649043
v -0.081249 -0.245870 -1.645945
v -0.093631 -0.268614 -1.638770
v -0.101317 -0.291945 -1.627877
v -0.103923 -0.314693 -1.613813
v -0.101318 -0.335718 -1.597283
v -0.093632 -0.353965 -1.579116
v -0.081252 -0.368520 -1.560223
v -0.064797 -0.378651 -1.541550
v -0.045092 -0.383853 -1.524035
v -0.023127 -0.383862 -1.508556
v -0.017162 -0.196149 -1.648420
v -0.033466 -0.214554 -1.659262
v -0.048091 -0.236256 -1.665358
v -0.060305 -0.260169 -1.666403
v -0.069495 -0.285092 -1.662346
v -0.075200 -0.309776 -1.653389
v -0.077135 -0.332982 -1.639981
v -0.075201 -0.353549 -1.622795
v -0.069497 -0.370443 -1.602692
v -0.060308 -0.382819 -1.580681
v -0.048094 -0.390055 -1.557865
v -0.033469 -0.391788 -1.535389
v -0.017166 -0.387932 -1.514379
v -0.009131 -0.198805 -1.652221
v -0.017806 -0.219733 -1.666672
v -0.025588 -0.243699 -1.676007
v -0.032087 -0.269502 -1.679757
v -0.036977 -0.295847 -1.677734
v -0.040013 -0.321414 -1.670040
v -0.041043 -0.344920 -1.657060
v -0.040014 -0.365187 -1.639446
v -0.036979 -0.381199 -1.618080
v -0.032090 -0.392152 -1.594034
v -0.025591 -0.397498 -1.568514
v -0.017810 -0.396968 -1.542799
v -0.009135 -0.390589 -1.518180
v 0.000002 -0.199728 -1.653541
v 0.000002 -0.221532 -1.669246
v 0.000001 -0.246285 -1.679705
v 0.000001 -0.272744 -1.684394
v 0.000001 -0.299583 -1.683078
v 0.000000 -0.325456 -1.675822
v -0.000000 -0.349067 -1.662991
v -0.000001 -0.369230 -1.645228
v -0.000001 -0.384935 -1.623424
v -0.000001 -0.395394 -1.598671
v -0.000002 -0.400083 -1.572212
v -0.000002 -0.398767 -1.545373
v -0.000002 -0.391511 -1.519500
v -0.068999 -0.211687 -1.597353
v -0.068998 -0.178901 -1.620268
v -0.068999 -0.231737 -1.626041
v -0.068998 -0.198952 -1.648956
v 0.069001 -0.211689 -1.597352
v 0.069002 -0.178903 -1.620267
v 0.069001 -0.231740 -1.626040
v 0.069002 -0.198954 -1.648955
v -0.048999 -0.165506 -1.452726
v -0.048998 -0.091737 -1.504284
v -0.048999 -0.202742 -1.506003
v -0.048998 -0.128974 -1.557561
v 0.049001 -0.165507 -1.452725
v 0.049002 -0.091739 -1.504283
v 0.049001 -0.202744 -1.506002
v 0.049002 -0.128975 -1.557560
v -0.032499 -0.119610 -1.478703
v -0.032498 -0.090922 -1.498753
v -0.032499 -0.139661 -1.507390
v -0.032498 -0.110973 -1.527441
v 0.032501 -0.119611 -1.478702
v 0.032502 -0.090923 -1.498753
v 0.032501 -0.139662 -1.507390
v 0.032502 -0.110974 -1.527440
v 0.000000 -0.273388 -1.440982
v 0.000000 -0.153976 -1.531760
v 0.038182 -0.268114 -1.434044
v 0.038182 -0.148701 -1.524822
v 0.068801 -0.253337 -1.414605
v 0.068801 -0.133924 -1.505383
v 0.085794 -0.231982 -1.386515
v 0.085794 -0.112570 -1.477293
v 0.085794 -0.208281 -1.355338
v 0.085794 -0.088869 -1.446116
v 0.068801 -0.186927 -1.327248
v 0.068801 -0.067514 -1.418025
v 0.038182 -0.172149 -1.307809
v 0.038182 -0.052737 -1.398587
v 0.000000 -0.166875 -1.300871
v 0.000000 -0.047463 -1.391649
v -0.038182 -0.172149 -1.307809
v -0.038182 -0.052737 -1.398587
v -0.068801 -0.186927 -1.327248
v -0.068801 -0.067514 -1.418025
v -0.085794 -0.208281 -1.355338
v -0.085794 -0.088869 -1.446116
v -0.085794 -0.231982 -1.386515
v -0.085794 -0.112570 -1.477293
v -0.068801 -0.253337 -1.414605
v -0.068801 -0.133924 -1.505383
v -0.038182 -0.268114 -1.434044
v -0.038182 -0.148701 -1.524822
v -0.220000 -0.058153 -1.066973
v -0.220000 0.164751 -1.236425
v -0.220000 -0.263916 -1.337641
v -0.220000 -0.041013 -1.507093
v 0.220000 -0.058153 -1.066973
v 0.220000 0.164751 -1.236425
v 0.220000 -0.263916 -1.337641
v 0.220000 -0.041013 -1.507093
v -0.225000 -0.057198 -1.073979
v -0.225000 0.173666 -1.249483
v -0.225000 -0.256910 -1.336687
v -0.225000 -0.026046 -1.512191
v 0.225000 -0.057198 -1.073979
v 0.225000 0.173666 -1.249483
v 0.225000 -0.256910 -1.336687
v 0.225000 -0.026046 -1.512191
v -0.210000 0.047294 -1.414065
v -0.210000 0.053662 -1.418907
v -0.210000 0.026112 -1.441928
v -0.210000 0.032481 -1.446770
v 0.210000 0.047294 -1.414065
v 0.210000 0.053662 -1.418907
v 0.210000 0.026112 -1.441928
v 0.210000 0.032481 -1.446770
v -0.210000 0.119916 -1.318535
v -0.210000 0.126285 -1.323377
v -0.210000 0.098734 -1.346398
v -0.210000 0.105103 -1.351240
v 0.210000 0.119916 -1.318535
v 0.210000 0.126285 -1.323377
v 0.210000 0.098734 -1.346398
v 0.210000 0.105103 -1.351240
v 0.120697 -0.380476 -1.260194
v 0.309129 0.182011 -1.525903
v 0.132400 -0.383399 -1.258082
v 0.320832 0.179089 -1.523791
v 0.140227 -0.381650 -1.248828
v 0.328659 0.180838 -1.514537
v 0.139594 -0.376253 -1.237854
v 0.328026 0.186234 -1.503563
v 0.130871 -0.370371 -1.231587
v 0.319303 0.192117 -1.497296
v 0.119168 -0.367448 -1.233699
v 0.307600 0.195039 -1.499408
v 0.111341 -0.369198 -1.242953
v 0.299773 0.193290 -1.508662
v 0.111974 -0.374594 -1.253928
v 0.300406 0.187894 -1.519637
v 0.185000 -0.100861 -1.329701
v 0.185000 -0.045135 -1.372064
v 0.185000 -0.143224 -1.385427
v 0.185000 -0.087498 -1.427790
v 0.255000 -0.100861 -1.329701
v 0.255000 -0.045135 -1.372064
v 0.255000 -0.143224 -1.385427
v 0.255000 -0.087498 -1.427790
v -0.210000 -0.083255 -0.970909
v -0.210000 0.156221 -1.072158
v -0.210000 -0.153350 -1.136700
v -0.210000 0.086125 -1.237949
v 0.210000 -0.083255 -0.970909
v 0.210000 0.156221 -1.072158
v 0.210000 -0.153350 -1.136700
v 0.210000 0.086125 -1.237949
v -0.200000 -0.029448 -0.830803
v -0.200000 0.200818 -0.928157
v -0.200000 -0.091755 -0.978173
v -0.200000 0.138511 -1.075527
v 0.200000 -0.029448 -0.830803
v 0.200000 0.200818 -0.928157
v 0.200000 -0.091755 -0.978173
v 0.200000 0.138511 -1.075527
v -0.280000 -0.029560 -1.407534
v -0.280000 -0.050305 -1.419636
v -0.280000 -0.097492 -1.426064
v -0.280000 -0.120718 -1.419952
v -0.280000 -0.141571 -1.408038
v -0.280000 -0.158630 -1.391132
v -0.280000 -0.170732 -1.370387
v -0.280000 -0.177160 -1.323200
v -0.280000 -0.171048 -1.299974
v -0.270888 -0.028463 -1.406091
v -0.262397 -0.048186 -1.416848
v -0.255105 -0.070478 -1.422014
v -0.249510 -0.093822 -1.421236
v -0.245993 -0.116624 -1.414567
v -0.244793 -0.137333 -1.402462
v -0.245993 -0.154536 -1.385747
v -0.249510 -0.167061 -1.365559
v -0.255105 -0.174055 -1.343274
v -0.262397 -0.175041 -1.320412
v -0.270888 -0.169951 -1.298531
v -0.280000 -0.012654 -1.390475
v -0.263163 -0.025340 -1.401982
v -0.247473 -0.042151 -1.408910
v -0.234000 -0.061944 -1.410787
v -0.223662 -0.083369 -1.407486
v -0.217163 -0.104966 -1.399232
v -0.214946 -0.125264 -1.386586
v -0.217163 -0.142878 -1.370411
v -0.223662 -0.156609 -1.351809
v -0.234000 -0.165521 -1.332048
v -0.247473 -0.169006 -1.312474
v -0.263163 -0.166828 -1.294422
v -0.258001 -0.020664 -1.395832
v -0.237502 -0.033120 -1.397030
v -0.219898 -0.049172 -1.393986
v -0.206390 -0.067726 -1.386909
v -0.197899 -0.087519 -1.376281
v -0.195003 -0.107201 -1.362825
v -0.197899 -0.125431 -1.347460
v -0.206390 -0.140966 -1.331232
v -0.219898 -0.152748 -1.315247
v -0.237502 -0.159975 -1.300594
v -0.258001 -0.162153 -1.288272
v -0.256189 -0.015150 -1.388578
v -0.234000 -0.022467 -1.383016
v -0.214946 -0.034106 -1.374167
v -0.200326 -0.049274 -1.362636
v -0.191135 -0.066938 -1.349208
v -0.188000 -0.085894 -1.334798
v -0.191135 -0.104850 -1.320387
v -0.200326 -0.122514 -1.306959
v -0.214946 -0.137682 -1.295428
v -0.234000 -0.149321 -1.286580
v -0.256189 -0.156638 -1.281018
v -0.258001 -0.009635 -1.381324
v -0.237502 -0.011813 -1.369002
v -0.219898 -0.019040 -1.354349
v -0.206390 -0.030822 -1.338364
v -0.197899 -0.046358 -1.322136
v -0.195003 -0.064587 -1.306770
v -0.197899 -0.084269 -1.293315
v -0.206390 -0.104062 -1.282687
v -0.219898 -0.122616 -1.275610
v -0.237502 -0.138668 -1.272566
v -0.258001 -0.151124 -1.273764
v -0.263163 -0.004960 -1.375174
v -0.247473 -0.002782 -1.357122
v -0.234000 -0.006267 -1.337548
v -0.223662 -0.015179 -1.317786
v -0.217163 -0.028910 -1.299184
v -0.214946 -0.046524 -1.283010
v -0.217163 -0.066822 -1.270364
v -0.223662 -0.088419 -1.262109
v -0.234000 -0.109844 -1.258808
v -0.247473 -0.129637 -1.260686
v -0.263163 -0.146448 -1.267614
v -0.270888 -0.001836 -1.371065
v -0.262397 0.003253 -1.349183
v -0.255105 0.002267 -1.326321
v -0.249510 -0.004727 -1.304037
v -0.245993 -0.017252 -1.283849
v -0.244793 -0.034455 -1.267133
v -0.245993 -0.055164 -1.255028
v -0.249510 -0.077966 -1.248360
v -0.255105 -0.101309 -1.247582
v -0.262397 -0.123602 -1.252748
v -0.270888 -0.143325 -1.263505
v -0.280000 -0.000740 -1.369622
v -0.280000 0.005372 -1.346396
v -0.280000 0.005264 -1.322379
v -0.280000 -0.001056 -1.299209
v -0.280000 -0.013158 -1.278464
v -0.280000 -0.030217 -1.261558
v -0.280000 -0.051070 -1.249643
v -0.280000 -0.074296 -1.243532
v -0.280000 -0.098313 -1.243640
v -0.280000 -0.121483 -1.249960
v -0.280000 -0.142228 -1.262062
v -0.289112 -0.001836 -1.371065
v -0.297603 0.003253 -1.349183
v -0.304895 0.002267 -1.326321
v -0.310490 -0.004727 -1.304037
v -0.314007 -0.017252 -1.283849
v -0.315207 -0.034455 -1.267133
v -0.314007 -0.055164 -1.255028
v -0.310490 -0.077966 -1.248360
v -0.304895 -0.101309 -1.247582
v -0.297603 -0.123602 -1.252748
v -0.289112 -0.143325 -1.263505
v -0.280000 -0.159134 -1.279121
v -0.296837 -0.004960 -1.375174
v -0.312527 -0.002782 -1.357122
v -0.326000 -0.006267 -1.337548
v -0.336338 -0.015179 -1.317786
v -0.342837 -0.028910 -1.299185
v -0.345054 -0.046524 -1.283010
v -0.342837 -0.066822 -1.270364
v -0.336338 -0.088419 -1.262109
v -0.326000 -0.109844 -1.258808
v -0.312527 -0.129637 -1.260686
v -0.296837 -0.146448 -1.267614
v -0.301999 -0.009635 -1.381324
v -0.322498 -0.011813 -1.369002
v -0.340102 -0.019040 -1.354349
v -0.353609 -0.030822 -1.338364
v -0.362101 -0.046358 -1.322136
v -0.364997 -0.064587 -1.306770
v -0.362101 -0.084269 -1.293315
v -0.353609 -0.104062 -1.282687
v -0.340102 -0.122616 -1.275610
v -0.322498 -0.138668 -1.272566
v -0.301999 -0.151124 -1.273764
v -0.303811 -0.015150 -1.388578
v -0.326000 -0.022467 -1.383016
v -0.345054 -0.034106 -1.374167
v -0.359674 -0.049274 -1.362636
v -0.368865 -0.066938 -1.349208
v -0.372000 -0.085894 -1.334798
v -0.368865 -0.104850 -1.320387
v -0.359674 -0.122514 -1.306959
v -0.345054 -0.137682 -1.295428
v -0.326000 -0.149321 -1.286580
v -0.303811 -0.156638 -1.281018
v -0.301999 -0.020664 -1.395832
v -0.322498 -0.033120 -1.397030
v -0.340102 -0.049172 -1.393986
v -0.353609 -0.067726 -1.386909
v -0.362101 -0.087519 -1.376281
v -0.364997 -0.107201 -1.362825
v -0.362101 -0.125431 -1.347460
v -0.353609 -0.140966 -1.331232
v -0.340102 -0.152748 -1.315247
v -0.322498 -0.159975 -1.300594
v -0.301999 -0.162153 -1.288272
v -0.296837 -0.025340 -1.401982
v -0.312527 -0.042151 -1.408910
v -0.326000 -0.061944 -1.410787
v -0.336338 -0.083369 -1.407486
v -0.342837 -0.104966 -1.399232
v -0.345054 -0.125264 -1.386586
v -0.342837 -0.142878 -1.370411
v -0.336338 -0.156609 -1.351809
v -0.326000 -0.165521 -1.332048
v -0.312527 -0.169006 -1.312474
v -0.296837 -0.166828 -1.294422
v -0.289112 -0.028463 -1.406091
v -0.297603 -0.048186 -1.416848
v -0.304895 -0.070478 -1.422014
v -0.310490 -0.093822 -1.421236
v -0.314007 -0.116624 -1.414567
v -0.315207 -0.137333 -1.402462
v -0.314007 -0.154536 -1.385747
v -0.310490 -0.167061 -1.365559
v -0.304895 -0.174055 -1.343274
v -0.297603 -0.175041 -1.320412
v -0.289112 -0.169951 -1.298531
v -0.280000 -0.073475 -1.425956
v -0.280000 -0.177052 -1.347216
v 0.020550 -0.306507 -1.365373
v 0.052232 -0.090614 -1.506747
v 0.031692 -0.328898 -1.397070
v 0.063374 -0.113005 -1.538444
v 0.060589 -0.347191 -1.418530
v 0.092271 -0.131298 -1.559904
v 0.099498 -0.356485 -1.424003
v 0.131179 -0.140592 -1.565377
v 0.137992 -0.354289 -1.412023
v 0.169674 -0.138396 -1.553397
v 0.165759 -0.341191 -1.385799
v 0.197441 -0.125298 -1.527173
v 0.175357 -0.320702 -1.352359
v 0.207039 -0.104809 -1.493733
v 0.164215 -0.298311 -1.320662
v 0.195897 -0.082418 -1.462036
v 0.135318 -0.280017 -1.299202
v 0.167000 -0.064124 -1.440576
v 0.096410 -0.270724 -1.293729
v 0.128091 -0.054831 -1.435103
v 0.057915 -0.272920 -1.305709
v 0.089596 -0.057027 -1.447083
v 0.030148 -0.286017 -1.331933
v 0.061830 -0.070124 -1.473307
v 0.313206 -0.299681 -1.362930
v 0.344888 -0.083788 -1.504304
v 0.322920 -0.319201 -1.390563
v 0.354601 -0.103308 -1.531937
v 0.348112 -0.335149 -1.409272
v 0.379793 -0.119257 -1.550646
v 0.382032 -0.343252 -1.414043
v 0.413714 -0.127359 -1.555417
v 0.415591 -0.341337 -1.403599
v 0.447273 -0.125444 -1.544973
v 0.439798 -0.329919 -1.380737
v 0.471480 -0.114026 -1.522111
v 0.448166 -0.312056 -1.351584
v 0.479847 -0.096163 -1.492958
v 0.438452 -0.292535 -1.323951
v 0.470134 -0.076643 -1.465325
v 0.413260 -0.276587 -1.305242
v 0.444942 -0.060695 -1.446616
v 0.379340 -0.268485 -1.300470
v 0.411021 -0.052592 -1.441844
v 0.345780 -0.270400 -1.310915
v 0.377462 -0.054507 -1.452289
v 0.321573 -0.281818 -1.333777
v 0.353255 -0.065925 -1.475150
v 0.621651 -0.190434 -1.370657
v 0.628353 -0.144765 -1.400563
v 0.527377 -0.181790 -1.378582
v 0.534079 -0.136120 -1.408488
v 0.623531 -0.242661 -1.449991
v 0.630233 -0.196991 -1.479897
v 0.529258 -0.234016 -1.457916
v 0.535960 -0.188346 -1.487822
v 0.280000 -0.029560 -1.407534
v 0.280000 -0.050305 -1.419636
v 0.280000 -0.097492 -1.426064
v 0.280000 -0.120718 -1.419952
v 0.280000 -0.141571 -1.408038
v 0.280000 -0.158630 -1.391132
v 0.280000 -0.170732 -1.370387
v 0.280000 -0.177160 -1.323200
v 0.280000 -0.171048 -1.299974
v 0.289112 -0.028463 -1.406091
v 0.297603 -0.048186 -1.416848
v 0.304895 -0.070478 -1.422014
v 0.310490 -0.093822 -1.421236
v 0.314007 -0.116624 -1.414567
v 0.315207 -0.137333 -1.402462
v 0.314007 -0.154536 -1.385747
v 0.310490 -0.167061 -1.365559
v 0.304895 -0.174055 -1.343274
v 0.297603 -0.175041 -1.320412
v 0.289112 -0.169951 -1.298531
v 0.280000 -0.012654 -1.390475
v 0.296837 -0.025340 -1.401982
v 0.312527 -0.042151 -1.408910
v 0.326000 -0.061944 -1.410787
v 0.336338 -0.083369 -1.407486
v 0.342837 -0.104966 -1.399232
v 0.345054 -0.125264 -1.386586
v 0.342837 -0.142878 -1.370411
v 0.336338 -0.156609 -1.351809
v 0.326000 -0.165521 -1.332048
v 0.312527 -0.169006 -1.312474
v 0.296837 -0.166828 -1.294422
v 0.301999 -0.020664 -1.395832
v 0.322498 -0.033120 -1.397030
v 0.340102 -0.049172 -1.393986
v 0.353609 -0.067726 -1.386909
v 0.362101 -0.087519 -1.376281
v 0.364997 -0.107201 -1.362825
v 0.362101 -0.125431 -1.347460
v 0.353609 -0.140966 -1.331232
v 0.340102 -0.152748 -1.315247
v 0.322498 -0.159975 -1.300594
v 0.301999 -0.162153 -1.288272
v 0.303811 -0.015150 -1.388578
v 0.326000 -0.022467 -1.383016
v 0.345054 -0.034106 -1.374167
v 0.359674 -0.049274 -1.362636
v 0.368865 -0.066938 -1.349208
v 0.372000 -0.085894 -1.334798
v 0.368865 -0.104850 -1.320387
v 0.359674 -0.122514 -1.306959
v 0.345054 -0.137682 -1.295428
v 0.326000 -0.149321 -1.286580
v 0.303811 -0.156638 -1.281018
v 0.301999 -0.009635 -1.381324
v 0.322498 -0.011813 -1.369002
v 0.340102 -0.019040 -1.354349
v 0.353609 -0.030822 -1.338364
v 0.362101 -0.046358 -1.322136
v 0.364997 -0.064587 -1.306770
v 0.362101 -0.084269 -1.293315
v 0.353609 -0.104062 -1.282687
v 0.340102 -0.122616 -1.275610
v 0.322498 -0.138668 -1.272566
v 0.301999 -0.151124 -1.273764
v 0.296837 -0.004960 -1.375174
v 0.312527 -0.002782 -1.357122
v 0.326000 -0.006267 -1.337548
v 0.336338 -0.015179 -1.317786
v 0.342837 -0.028910 -1.299184
v 0.345054 -0.046524 -1.283010
v 0.342837 -0.066822 -1.270364
v 0.336338 -0.088419 -1.262109
v 0.326000 -0.109844 -1.258808
v 0.312527 -0.129637 -1.260686
v 0.296837 -0.146448 -1.267614
v 0.289112 -0.001836 -1.371065
v 0.297603 0.003253 -1.349183
v 0.304895 0.002267 -1.326321
v 0.310490 -0.004727 -1.304037
v 0.314007 -0.017252 -1.283849
v 0.315207 -0.034455 -1.267133
v 0.314007 -0.055164 -1.255028
v 0.310490 -0.077966 -1.248360
v 0.304895 -0.101309 -1.247582
v 0.297603 -0.123602 -1.252748
v 0.289112 -0.143325 -1.263505
v 0.280000 -0.000740 -1.369622
v 0.280000 0.005372 -1.346396
v 0.280000 0.005264 -1.322379
v 0.280000 -0.001056 -1.299209
v 0.280000 -0.013158 -1.278464
v 0.280000 -0.030217 -1.261558
v 0.280000 -0.051070 -1.249643
v 0.280000 -0.074296 -1.243532
v 0.280000 -0.098313 -1.243640
v 0.280000 -0.121483 -1.249960
v 0.280000 -0.142228 -1.262062
v 0.270888 -0.001836 -1.371065
v 0.262396 0.003253 -1.349183
v 0.255105 0.002267 -1.326321
v 0.249510 -0.004727 -1.304037
v 0.245993 -0.017252 -1.283849
v 0.244793 -0.034455 -1.267133
v 0.245993 -0.055164 -1.255028
v 0.249510 -0.077966 -1.248360
v 0.255105 -0.101309 -1.247582
v 0.262396 -0.123602 -1.252748
v 0.270888 -0.143325 -1.263505
v 0.280000 -0.159134 -1.279121
v 0.263163 -0.004960 -1.375174
v 0.247473 -0.002782 -1.357122
v 0.234000 -0.006267 -1.337548
v 0.223662 -0.015179 -1.317786
v 0.217163 -0.028910 -1.299185
v 0.214946 -0.046524 -1.283010
v 0.217163 -0.066822 -1.270364
v 0.223662 -0.088419 -1.262109
v 0.234000 -0.109844 -1.258808
v 0.247473 -0.129637 -1.260686
v 0.263163 -0.146448 -1.267614
v 0.258001 -0.009635 -1.381324
v 0.237502 -0.011813 -1.369002
v 0.219898 -0.019040 -1.354349
v 0.206390 -0.030822 -1.338364
v 0.197899 -0.046358 -1.322136
v 0.195003 -0.064587 -1.306770
v 0.197899 -0.084269 -1.293315
v 0.206390 -0.104062 -1.282687
v 0.219898 -0.122616 -1.275610
v 0.237502 -0.138668 -1.272566
v 0.258001 -0.151124 -1.273764
v 0.256189 -0.015150 -1.388578
v 0.234000 -0.022467 -1.383016
v 0.214946 -0.034106 -1.374167
v 0.200326 -0.049274 -1.362636
v 0.191135 -0.066938 -1.349208
v 0.188000 -0.085894 -1.334798
v 0.191135 -0.104850 -1.320387
v 0.200326 -0.122514 -1.306959
v 0.214946 -0.137682 -1.295428
v 0.234000 -0.149321 -1.286580
v 0.256189 -0.156638 -1.281018
v 0.258001 -0.020664 -1.395832
v 0.237502 -0.033120 -1.397030
v 0.219898 -0.049172 -1.393986
v 0.206390 -0.067726 -1.386909
v 0.197899 -0.087519 -1.376281
v 0.195003 -0.107201 -1.362825
v 0.197899 -0.125431 -1.347460
v 0.206390 -0.140966 -1.331232
v 0.219898 -0.152748 -1.315247
v 0.237502 -0.159975 -1.300594
v 0.258001 -0.162153 -1.288272
v 0.263163 -0.025340 -1.401982
v 0.247473 -0.042151 -1.408910
v 0.234000 -0.061944 -1.410787
v 0.223662 -0.083369 -1.407486
v 0.217163 -0.104966 -1.399232
v 0.214946 -0.125264 -1.386586
v 0.217163 -0.142878 -1.370411
v 0.223662 -0.156609 -1.351809
v 0.234000 -0.165521 -1.332048
v 0.247473 -0.169006 -1.312474
v 0.263163 -0.166828 -1.294422
v 0.270888 -0.028463 -1.406091
v 0.262397 -0.048186 -1.416848
v 0.255105 -0.070478 -1.422014
v 0.249510 -0.093822 -1.421236
v 0.245993 -0.116624 -1.414567
v 0.244793 -0.137333 -1.402462
v 0.245993 -0.154536 -1.385747
v 0.249510 -0.167061 -1.365559
v 0.255105 -0.174055 -1.343274
v 0.262397 -0.175041 -1.320412
v 0.270888 -0.169951 -1.298531
v 0.280000 -0.073475 -1.425956
v 0.280000 -0.177052 -1.347216
v -0.020550 -0.306507 -1.365373
v -0.052232 -0.090614 -1.506747
v -0.030148 -0.286017 -1.331933
v -0.061830 -0.070124 -1.473307
v -0.057915 -0.272920 -1.305709
v -0.089596 -0.057027 -1.447083
v -0.096410 -0.270724 -1.293729
v -0.128091 -0.054831 -1.435103
v -0.135318 -0.280017 -1.299202
v -0.167000 -0.064124 -1.440576
v -0.164215 -0.298311 -1.320662
v -0.195897 -0.082418 -1.462036
v -0.175357 -0.320702 -1.352359
v -0.207039 -0.104809 -1.493733
v -0.165759 -0.341191 -1.385799
v -0.197441 -0.125298 -1.527173
v -0.137992 -0.354289 -1.412023
v -0.169674 -0.138396 -1.553397
v -0.099498 -0.356485 -1.424003
v -0.131179 -0.140592 -1.565377
v -0.060589 -0.347191 -1.418530
v -0.092271 -0.131298 -1.559904
v -0.031692 -0.328898 -1.397070
v -0.063374 -0.113005 -1.538444
v -0.313206 -0.299681 -1.362930
v -0.344888 -0.083788 -1.504304
v -0.321573 -0.281818 -1.333777
v -0.353255 -0.065925 -1.475150
v -0.345780 -0.270400 -1.310915
v -0.377462 -0.054507 -1.452289
v -0.379340 -0.268485 -1.300470
v -0.411021 -0.052592 -1.441844
v -0.413260 -0.276587 -1.305242
v -0.444942 -0.060695 -1.446616
v -0.438452 -0.292535 -1.323951
v -0.470134 -0.076643 -1.465325
v -0.448166 -0.312056 -1.351584
v -0.479847 -0.096163 -1.492958
v -0.439798 -0.329919 -1.380737
v -0.471480 -0.114026 -1.522111
v -0.415591 -0.341337 -1.403599
v -0.447273 -0.125444 -1.544973
v -0.382032 -0.343252 -1.414043
v -0.413714 -0.127359 -1.555417
v -0.348112 -0.335149 -1.409272
v -0.379793 -0.119257 -1.550646
v -0.322920 -0.319201 -1.390563
v -0.354601 -0.103308 -1.531937
v -0.623531 -0.242661 -1.449991
v -0.630233 -0.196991 -1.479897
v -0.529258 -0.234016 -1.457916
v -0.535960 -0.188346 -1.487822
v -0.621651 -0.190434 -1.370657
v -0.628353 -0.144765 -1.400563
v -0.527377 -0.181790 -1.378582
v -0.534079 -0.136120 -1.408488
v -0.147257 -0.063511 -0.763184
v -0.149031 0.269666 -0.899530
v -0.099461 -0.056856 -0.747544
v -0.101235 0.276321 -0.883889
v -0.066566 -0.042080 -0.711865
v -0.068341 0.291097 -0.848210
v -0.057387 -0.023142 -0.665708
v -0.059162 0.310035 -0.802053
v -0.074383 -0.005117 -0.621440
v -0.076157 0.328060 -0.757785
v -0.113000 0.007166 -0.590923
v -0.114774 0.340342 -0.727269
v -0.162890 0.010415 -0.582335
v -0.164665 0.343591 -0.718680
v -0.210686 0.003760 -0.597975
v -0.212461 0.336936 -0.734321
v -0.243581 -0.011017 -0.633654
v -0.245356 0.322160 -0.770000
v -0.252760 -0.029954 -0.679812
v -0.254535 0.303222 -0.816157
v -0.235764 -0.047979 -0.724079
v -0.237539 0.285197 -0.860425
v -0.197147 -0.060262 -0.754596
v -0.198922 0.272915 -0.890942
v -0.182512 0.103199 -0.355350
v -0.184188 0.417866 -0.484121
v -0.140569 0.109039 -0.341625
v -0.142244 0.423706 -0.470395
v -0.111702 0.122006 -0.310315
v -0.113378 0.436673 -0.439085
v -0.103647 0.138625 -0.269809
v -0.105323 0.453292 -0.398580
v -0.118561 0.154443 -0.230962
v -0.120237 0.469110 -0.359733
v -0.152450 0.165221 -0.204182
v -0.154126 0.479888 -0.332953
v -0.196231 0.168072 -0.196645
v -0.197907 0.482739 -0.325416
v -0.238175 0.162232 -0.210371
v -0.239851 0.476899 -0.339142
v -0.267041 0.149265 -0.241681
v -0.268717 0.463932 -0.370452
v -0.275097 0.132647 -0.282186
v -0.276772 0.447313 -0.410957
v -0.260182 0.116829 -0.321033
v -0.261858 0.431496 -0.449804
v -0.226293 0.106050 -0.347813
v -0.227969 0.420717 -0.476584
v -0.275794 0.325876 -0.074033
v -0.276977 0.547994 -0.164930
v -0.268615 0.291931 -0.157076
v -0.269798 0.514048 -0.247973
v -0.146209 0.330394 -0.064678
v -0.147392 0.552512 -0.155575
v -0.139031 0.296449 -0.147721
v -0.140214 0.518567 -0.238618
v -0.266861 0.520577 -0.152848
v -0.267157 0.576106 -0.175573
v -0.262873 0.501718 -0.198983
v -0.263168 0.557248 -0.221708
v -0.157213 0.524400 -0.144933
v -0.157508 0.579929 -0.167657
v -0.153224 0.505541 -0.191068
v -0.153520 0.561071 -0.213792
v 0.147597 -0.057042 -0.761593
v 0.148696 0.272849 -0.905713
v 0.197489 -0.053509 -0.753125
v 0.198588 0.276382 -0.897245
v 0.236109 -0.040449 -0.722937
v 0.237208 0.289442 -0.867057
v 0.253110 -0.021363 -0.679118
v 0.254209 0.308528 -0.823238
v 0.243935 -0.001364 -0.633410
v 0.245034 0.328527 -0.777530
v 0.211044 0.014189 -0.598060
v 0.212143 0.344081 -0.742179
v 0.163249 0.021129 -0.582539
v 0.164348 0.351020 -0.726659
v 0.113357 0.017595 -0.591008
v 0.114456 0.347487 -0.735127
v 0.074737 0.004536 -0.621195
v 0.075836 0.334427 -0.765315
v 0.057737 -0.014551 -0.665014
v 0.058835 0.315341 -0.809134
v 0.066911 -0.034550 -0.710722
v 0.068010 0.295342 -0.854842
v 0.099803 -0.050103 -0.746073
v 0.100901 0.279788 -0.890193
v 0.182894 0.119242 -0.357808
v 0.183932 0.430806 -0.493922
v 0.226677 0.122342 -0.350377
v 0.227714 0.433906 -0.486490
v 0.260568 0.133803 -0.323886
v 0.261605 0.445367 -0.459999
v 0.275487 0.150552 -0.285433
v 0.276524 0.462116 -0.421546
v 0.267435 0.168103 -0.245321
v 0.268473 0.479667 -0.381435
v 0.238572 0.181751 -0.214300
v 0.239609 0.493315 -0.350413
v 0.196629 0.187841 -0.200680
v 0.197667 0.499405 -0.336793
v 0.152847 0.184740 -0.208111
v 0.153884 0.496304 -0.344224
v 0.118955 0.173280 -0.234602
v 0.119993 0.484844 -0.370715
v 0.104037 0.156530 -0.273055
v 0.105074 0.468094 -0.409169
v 0.112088 0.138980 -0.313167
v 0.113125 0.450544 -0.449280
v 0.140952 0.125332 -0.344189
v 0.141989 0.436896 -0.480302
v 0.146437 0.353128 -0.072512
v 0.147169 0.573055 -0.168592
v 0.139250 0.317233 -0.154730
v 0.139982 0.537160 -0.250810
v 0.276021 0.348609 -0.081867
v 0.276753 0.568537 -0.177947
v 0.268834 0.312714 -0.164085
v 0.269566 0.532642 -0.260165
v 0.157045 0.545217 -0.157301
v 0.157229 0.600199 -0.181321
v 0.153053 0.525275 -0.202978
v 0.153236 0.580257 -0.226998
v 0.266694 0.541393 -0.165217
v 0.266877 0.596375 -0.189237
v 0.262701 0.521452 -0.210894
v 0.262884 0.576434 -0.234914
vn -0.0000 0.2744 -0.9616
vn -0.0000 0.4802 -0.8772
vn 0.1518 0.4955 -0.8552
vn 0.2158 0.2962 -0.9304
vn -0.0000 -0.9974 -0.0727
vn -0.0000 -0.9567 -0.2910
vn 0.2690 -0.9296 -0.2521
vn 0.2158 -0.9756 -0.0415
vn -0.0000 0.0555 -0.9985
vn 0.2690 0.0827 -0.9596
vn -0.0000 -0.9888 0.1495
vn 0.1518 -0.9734 0.1715
vn -0.0000 -0.1657 -0.9862
vn 0.3089 -0.1345 -0.9415
vn -0.0000 -0.9310 0.3649
vn 0.0801 -0.9230 0.3765
vn -0.0000 -0.3786 -0.9256
vn 0.3337 -0.3449 -0.8773
vn -0.0000 -0.8196 0.5729
vn -0.0000 -0.5729 -0.8196
vn 0.3420 -0.5383 -0.7702
vn -0.0000 -0.7391 -0.6736
vn 0.3336 -0.7054 -0.6254
vn -0.0000 0.6626 -0.7489
vn -0.0000 0.8196 -0.5729
vn 0.0801 0.6707 -0.7374
vn -0.0000 -0.8692 -0.4945
vn 0.3089 -0.8380 -0.4499
vn 0.4056 0.3590 -0.8406
vn 0.5056 0.1610 -0.8476
vn 0.4056 -0.9128 0.0483
vn 0.2853 -0.9293 0.2346
vn 0.5806 -0.0447 -0.8130
vn 0.1506 -0.8997 0.4098
vn 0.6271 -0.2479 -0.7385
vn 0.6428 -0.4389 -0.6279
vn 0.6271 -0.6083 -0.4866
vn 0.1506 0.6940 -0.7040
vn 0.5806 -0.7481 -0.3213
vn 0.2853 0.5397 -0.7920
vn 0.5056 -0.8513 -0.1401
vn 0.5464 -0.8166 0.1859
vn 0.3844 -0.8616 0.3314
vn 0.6812 0.2808 -0.6761
vn 0.7822 0.0930 -0.6160
vn 0.2029 -0.8639 0.4609
vn 0.8448 -0.0992 -0.5258
vn 0.8660 -0.2864 -0.4098
vn 0.8448 -0.4597 -0.2738
vn 0.2029 0.7297 -0.6529
vn 0.7822 -0.6105 -0.1243
vn 0.3844 0.6073 -0.6952
vn 0.6812 -0.7314 0.0314
vn 0.5464 0.4552 -0.7030
vn 0.7746 0.4279 -0.4657
vn 0.8895 0.2619 -0.3744
vn 0.4371 -0.7786 0.4502
vn 0.2307 -0.8201 0.5236
vn 0.9607 0.0832 -0.2648
vn 0.9848 -0.0995 -0.1423
vn 0.9607 -0.2773 -0.0129
vn 0.2307 0.7735 -0.5903
vn 0.8895 -0.4416 0.1173
vn 0.4371 0.6903 -0.5765
vn 0.7746 -0.5844 0.2418
vn 0.6214 0.5731 -0.5342
vn 0.6214 -0.6987 0.3546
vn 0.4371 -0.6903 0.5765
vn 0.2307 -0.7735 0.5903
vn 0.8895 0.4416 -0.1173
vn 0.9607 0.2773 0.0129
vn 0.9848 0.0995 0.1423
vn 0.9607 -0.0832 0.2648
vn 0.2307 0.8201 -0.5236
vn 0.8895 -0.2619 0.3744
vn 0.4371 0.7786 -0.4502
vn 0.7746 -0.4279 0.4657
vn 0.6214 0.6987 -0.3546
vn 0.6214 -0.5731 0.5342
vn 0.7746 0.5844 -0.2418
vn 0.2029 -0.7297 0.6529
vn 0.8448 0.4596 0.2738
vn 0.8660 0.2864 0.4098
vn 0.8448 0.0992 0.5258
vn 0.2029 0.8639 -0.4609
vn 0.7822 -0.0930 0.6160
vn 0.3844 0.8616 -0.3314
vn 0.6812 -0.2809 0.6761
vn 0.5464 0.8166 -0.1858
vn 0.5464 -0.4552 0.7030
vn 0.6812 0.7314 -0.0314
vn 0.3844 -0.6073 0.6953
vn 0.7822 0.6104 0.1244
vn 0.6271 0.6083 0.4866
vn 0.6428 0.4388 0.6279
vn 0.6271 0.2479 0.7385
vn 0.1506 0.8996 -0.4098
vn 0.5806 0.0447 0.8130
vn 0.2853 0.9293 -0.2346
vn 0.5056 -0.1610 0.8476
vn 0.4056 0.9128 -0.0483
vn 0.4056 -0.3590 0.8406
vn 0.5056 0.8513 0.1401
vn 0.2853 -0.5397 0.7920
vn 0.5806 0.7481 0.3213
vn 0.1506 -0.6940 0.7040
vn 0.3420 0.5383 0.7702
vn 0.3336 0.3449 0.8773
vn 0.0801 0.9230 -0.3765
vn 0.3089 0.1345 0.9415
vn 0.1518 0.9734 -0.1715
vn 0.2690 -0.0827 0.9596
vn 0.2158 0.9755 0.0415
vn 0.2158 -0.2962 0.9304
vn 0.2690 0.9296 0.2521
vn 0.1518 -0.4955 0.8552
vn 0.3089 0.8380 0.4499
vn 0.0801 -0.6707 0.7374
vn 0.3337 0.7054 0.6254
vn -0.0000 0.5729 0.8196
vn -0.0000 0.3786 0.9256
vn -0.0000 0.9310 -0.3649
vn -0.0000 0.1657 0.9862
vn -0.0000 0.9888 -0.1495
vn -0.0000 -0.0555 0.9985
vn -0.0000 0.9974 0.0727
vn -0.0000 -0.2744 0.9616
vn -0.0000 0.9567 0.2910
vn -0.0000 -0.4802 0.8772
vn -0.0000 0.8692 0.4945
vn -0.0000 -0.6626 0.7489
vn -0.0000 0.7391 0.6736
vn -0.3337 0.3449 0.8773
vn -0.3089 0.1345 0.9415
vn -0.0801 0.9230 -0.3765
vn -0.1518 0.9734 -0.1715
vn -0.2690 -0.0827 0.9596
vn -0.2158 0.9756 0.0415
vn -0.2158 -0.2962 0.9304
vn -0.2690 0.9296 0.2521
vn -0.1518 -0.4955 0.8552
vn -0.3089 0.8380 0.4499
vn -0.0801 -0.6707 0.7374
vn -0.3336 0.7054 0.6254
vn -0.3420 0.5383 0.7702
vn -0.1506 0.8996 -0.4098
vn -0.2853 0.9293 -0.2346
vn -0.5806 0.0447 0.8130
vn -0.5056 -0.1610 0.8476
vn -0.4056 0.9128 -0.0483
vn -0.4056 -0.3590 0.8406
vn -0.5056 0.8513 0.1401
vn -0.2853 -0.5397 0.7920
vn -0.5806 0.7481 0.3213
vn -0.1506 -0.6940 0.7040
vn -0.6271 0.6083 0.4866
vn -0.6428 0.4389 0.6279
vn -0.6271 0.2479 0.7385
vn -0.7822 -0.0930 0.6160
vn -0.6812 -0.2808 0.6761
vn -0.3844 0.8616 -0.3314
vn -0.5464 0.8166 -0.1859
vn -0.5464 -0.4552 0.7030
vn -0.6812 0.7315 -0.0314
vn -0.3844 -0.6073 0.6952
vn -0.7822 0.6105 0.1243
vn -0.2029 -0.7297 0.6529
vn -0.8448 0.4597 0.2738
vn -0.8660 0.2864 0.4098
vn -0.8448 0.0992 0.5257
vn -0.2029 0.8639 -0.4609
vn -0.4371 0.7786 -0.4502
vn -0.6214 0.6987 -0.3546
vn -0.7746 -0.4279 0.4657
vn -0.6214 -0.5731 0.5342
vn -0.7746 0.5844 -0.2418
vn -0.4371 -0.6903 0.5765
vn -0.8895 0.4416 -0.1173
vn -0.2307 -0.7735 0.5903
vn -0.9607 0.2773 0.0129
vn -0.9848 0.0995 0.1423
vn -0.9607 -0.0832 0.2648
vn -0.2307 0.8201 -0.5236
vn -0.8895 -0.2619 0.3744
vn -0.7746 -0.5844 0.2418
vn -0.6214 -0.6987 0.3546
vn -0.6214 0.5731 -0.5342
vn -0.7746 0.4279 -0.4657
vn -0.4371 -0.7786 0.4502
vn -0.8895 0.2619 -0.3744
vn -0.2307 -0.8201 0.5236
vn -0.9607 0.0832 -0.2648
vn -0.9848 -0.0995 -0.1423
vn -0.9607 -0.2773 -0.0129
vn -0.2307 0.7735 -0.5903
vn -0.8895 -0.4416 0.1173
vn -0.4371 0.6903 -0.5765
vn -0.5464 -0.8166 0.1858
vn -0.3844 -0.8616 0.3314
vn -0.6812 0.2809 -0.6761
vn -0.7822 0.0930 -0.6160
vn -0.2029 -0.8639 0.4609
vn -0.8448 -0.0992 -0.5258
vn -0.8660 -0.2864 -0.4098
vn -0.8448 -0.4596 -0.2738
vn -0.2029 0.7297 -0.6529
vn -0.7822 -0.6104 -0.1244
vn -0.3844 0.6073 -0.6953
vn -0.6812 -0.7314 0.0314
vn -0.5464 0.4552 -0.7030
vn -0.5056 0.1610 -0.8476
vn -0.5806 -0.0447 -0.8130
vn -0.2853 -0.9293 0.2346
vn -0.1506 -0.8996 0.4098
vn -0.6271 -0.2479 -0.7385
vn -0.6428 -0.4388 -0.6279
vn -0.6271 -0.6083 -0.4866
vn -0.1506 0.6940 -0.7040
vn -0.5806 -0.7481 -0.3213
vn -0.2853 0.5397 -0.7920
vn -0.5056 -0.8513 -0.1401
vn -0.4056 0.3590 -0.8406
vn -0.4056 -0.9128 0.0483
vn -0.1518 -0.9734 0.1715
vn -0.0801 -0.9230 0.3765
vn -0.3089 -0.1345 -0.9415
vn -0.3336 -0.3449 -0.8773
vn -0.3420 -0.5383 -0.7702
vn -0.3337 -0.7054 -0.6254
vn -0.0801 0.6707 -0.7374
vn -0.3089 -0.8380 -0.4499
vn -0.1518 0.4955 -0.8552
vn -0.2690 -0.9296 -0.2521
vn -0.2158 0.2962 -0.9304
vn -0.2158 -0.9756 -0.0415
vn -0.2690 0.0827 -0.9596
vn -1.0000 -0.0000 -0.0000
vn 1.0000 -0.0000 -0.0000
vn -0.0000 -0.9801 -0.1983
vn -0.0000 0.0711 -0.9975
vn 0.3259 0.1161 -0.9383
vn 0.3259 -0.9351 -0.1391
vn 0.5872 0.2423 -0.7724
vn 0.5872 -0.8090 0.0268
vn 0.7322 0.4245 -0.5326
vn 0.7322 -0.6268 0.2666
vn 0.7322 0.6268 -0.2666
vn 0.7322 -0.4245 0.5326
vn 0.5872 0.8090 -0.0268
vn 0.5872 -0.2423 0.7724
vn 0.3259 0.9351 0.1391
vn 0.3259 -0.1161 0.9383
vn -0.0000 0.9801 0.1983
vn -0.0000 -0.0711 0.9975
vn -0.3259 0.9351 0.1391
vn -0.3259 -0.1161 0.9383
vn -0.5872 0.8090 -0.0268
vn -0.5872 -0.2423 0.7724
vn -0.7322 0.6268 -0.2666
vn -0.7322 -0.4245 0.5326
vn -0.7322 0.4245 -0.5326
vn -0.7322 -0.6268 0.2666
vn -0.5872 0.2423 -0.7724
vn -0.5872 -0.8090 0.0268
vn -0.3259 0.1161 -0.9383
vn -0.3259 -0.9351 -0.1391
vn -0.0000 -0.6052 -0.7961
vn -0.0000 0.6052 0.7961
vn -0.0000 -0.7961 0.6052
vn -0.0000 0.7961 -0.6052
vn -0.4296 -0.7906 -0.4364
vn -0.0641 0.3002 -0.9517
vn 0.5037 0.1584 -0.8492
vn 0.1383 -0.9324 -0.3339
vn 0.8836 0.2433 -0.4002
vn 0.5181 -0.8475 0.1151
vn 0.8528 0.5051 0.1323
vn 0.4874 -0.5857 0.6476
vn 0.4296 0.7906 0.4364
vn 0.0641 -0.3002 0.9517
vn -0.1383 0.9324 0.3339
vn -0.5037 -0.1584 0.8492
vn -0.5181 0.8475 -0.1151
vn -0.8836 -0.2433 0.4002
vn -0.4874 0.5857 -0.6476
vn -0.8528 -0.5051 -0.1323
vn -0.0000 -0.3894 -0.9211
vn -0.0000 0.3894 0.9211
vn -0.0000 -0.9211 0.3894
vn -0.0000 0.9211 -0.3894
vn -0.0000 -0.9314 0.3640
vn 0.1048 -0.9188 0.3806
vn -0.0000 0.3739 -0.9275
vn -0.0000 0.5999 -0.8001
vn 0.1048 0.6125 -0.7835
vn 0.1959 0.3975 -0.8964
vn -0.0000 -0.9893 -0.1462
vn -0.0000 -0.9190 -0.3942
vn 0.3329 -0.8790 -0.3414
vn 0.2736 -0.9563 -0.1028
vn -0.0000 -0.3823 -0.9240
vn 0.3700 -0.3378 -0.8654
vn 0.3827 -0.5591 -0.7355
vn -0.0000 0.1238 -0.9923
vn 0.2736 0.1567 -0.9490
vn -0.0000 -0.9937 0.1122
vn 0.1959 -0.9701 0.1433
vn -0.0000 -0.7881 -0.6156
vn 0.3700 -0.7435 -0.5570
vn -0.0000 -0.1340 -0.9910
vn 0.3329 -0.0939 -0.9383
vn 0.7071 -0.4279 -0.5629
vn 0.6838 -0.6167 -0.3901
vn 0.5056 0.2505 -0.8256
vn 0.6152 0.0203 -0.7881
vn 0.3621 -0.9029 0.2316
vn 0.1937 -0.8829 0.4279
vn 0.1937 0.6484 -0.7362
vn 0.6152 -0.7648 -0.1913
vn 0.6838 -0.2109 -0.6986
vn 0.3621 0.4647 -0.8081
vn 0.5056 -0.8625 0.0205
vn 0.8038 -0.5940 0.0334
vn 0.6606 -0.7221 0.2052
vn 0.8934 -0.0211 -0.4488
vn 0.9239 -0.2316 -0.3046
vn 0.4730 0.5652 -0.6758
vn 0.6606 0.3909 -0.6409
vn 0.4730 -0.8024 0.3639
vn 0.8934 -0.4268 -0.1404
vn 0.8038 0.1911 -0.5635
vn 0.2531 -0.8291 0.4986
vn 0.2531 0.7022 -0.6655
vn 0.2739 0.7656 -0.5820
vn 0.9670 -0.2029 0.1542
vn 0.8700 -0.3925 0.2984
vn 0.8700 0.3925 -0.2984
vn 0.9670 0.2029 -0.1542
vn 0.2739 -0.7656 0.5820
vn 0.5120 0.6838 -0.5198
vn 0.7151 -0.5565 0.4231
vn 0.7151 0.5565 -0.4231
vn 0.5120 -0.6838 0.5198
vn 0.6606 -0.3909 0.6409
vn 0.4730 -0.5652 0.6758
vn 0.9239 0.2316 0.3046
vn 0.8934 0.0211 0.4488
vn 0.6606 0.7221 -0.2052
vn 0.8038 0.5940 -0.0334
vn 0.2531 -0.7022 0.6655
vn 0.2531 0.8291 -0.4986
vn 0.8038 -0.1911 0.5635
vn 0.8934 0.4268 0.1404
vn 0.4730 0.8024 -0.3639
vn 0.1937 0.8829 -0.4279
vn 0.3621 0.9029 -0.2316
vn 0.6152 -0.0203 0.7881
vn 0.5056 -0.2505 0.8256
vn 0.6838 0.6167 0.3901
vn 0.7071 0.4279 0.5629
vn 0.5056 0.8625 -0.0205
vn 0.3621 -0.4647 0.8081
vn 0.6838 0.2109 0.6986
vn 0.6152 0.7648 0.1913
vn 0.1937 -0.6484 0.7362
vn 0.1959 -0.3975 0.8964
vn 0.1048 -0.6125 0.7835
vn 0.1048 0.9188 -0.3806
vn 0.3700 0.3378 0.8654
vn 0.3329 0.0939 0.9383
vn 0.3329 0.8790 0.3414
vn 0.3700 0.7435 0.5570
vn 0.1959 0.9701 -0.1433
vn 0.2736 -0.1567 0.9490
vn 0.3827 0.5591 0.7355
vn 0.2736 0.9563 0.1028
vn -0.0000 0.9937 -0.1122
vn -0.0000 0.9893 0.1462
vn -0.0000 -0.1238 0.9923
vn -0.0000 -0.3739 0.9275
vn -0.0000 0.3823 0.9240
vn -0.0000 0.9190 0.3942
vn -0.0000 -0.5999 0.8001
vn -0.0000 0.9314 -0.3640
vn -0.0000 0.1340 0.9910
vn -0.0000 0.7881 0.6156
vn -0.1048 -0.6125 0.7835
vn -0.1048 0.9188 -0.3806
vn -0.1959 0.9701 -0.1433
vn -0.3329 0.0939 0.9383
vn -0.2736 -0.1567 0.9490
vn -0.3700 0.7435 0.5570
vn -0.3827 0.5591 0.7355
vn -0.2736 0.9563 0.1028
vn -0.1959 -0.3975 0.8964
vn -0.3700 0.3378 0.8654
vn -0.3329 0.8790 0.3414
vn -0.5056 0.8625 -0.0205
vn -0.6152 0.7648 0.1913
vn -0.3621 -0.4647 0.8081
vn -0.1937 -0.6484 0.7362
vn -0.1937 0.8829 -0.4279
vn -0.6838 0.2109 0.6986
vn -0.6152 -0.0203 0.7881
vn -0.6838 0.6167 0.3901
vn -0.3621 0.9029 -0.2316
vn -0.5056 -0.2505 0.8256
vn -0.7071 0.4279 0.5629
vn -0.4730 0.8024 -0.3639
vn -0.6606 0.7221 -0.2052
vn -0.6606 -0.3909 0.6409
vn -0.4730 -0.5652 0.6758
vn -0.9239 0.2316 0.3046
vn -0.8934 0.0211 0.4488
vn -0.8038 0.5940 -0.0334
vn -0.2531 -0.7022 0.6655
vn -0.2531 0.8291 -0.4986
vn -0.8038 -0.1911 0.5635
vn -0.8934 0.4268 0.1404
vn -0.8700 0.3925 -0.2984
vn -0.9670 0.2029 -0.1542
vn -0.2739 -0.7656 0.5820
vn -0.2739 0.7656 -0.5820
vn -0.5120 0.6838 -0.5198
vn -0.8700 -0.3925 0.2984
vn -0.7151 -0.5565 0.4231
vn -0.7151 0.5565 -0.4231
vn -0.5120 -0.6838 0.5198
vn -0.9670 -0.2029 0.1542
vn -0.6606 0.3909 -0.6409
vn -0.8038 0.1911 -0.5635
vn -0.4730 -0.8024 0.3639
vn -0.2531 -0.8291 0.4986
vn -0.2531 0.7022 -0.6655
vn -0.8934 -0.4268 -0.1404
vn -0.8038 -0.5940 0.0334
vn -0.8934 -0.0211 -0.4488
vn -0.4730 0.5652 -0.6758
vn -0.6606 -0.7221 0.2052
vn -0.9239 -0.2316 -0.3046
vn -0.6838 -0.2109 -0.6986
vn -0.7071 -0.4279 -0.5629
vn -0.3621 0.4647 -0.8081
vn -0.5056 0.2505 -0.8256
vn -0.5056 -0.8625 0.0205
vn -0.3621 -0.9029 0.2316
vn -0.6838 -0.6167 -0.3901
vn -0.6152 0.0203 -0.7881
vn -0.1937 -0.8829 0.4279
vn -0.1937 0.6484 -0.7362
vn -0.6152 -0.7648 -0.1913
vn -0.3329 -0.0939 -0.9383
vn -0.3700 -0.3378 -0.8654
vn -0.1048 -0.9188 0.3806
vn -0.1048 0.6125 -0.7835
vn -0.1959 0.3975 -0.8964
vn -0.3329 -0.8790 -0.3414
vn -0.2736 -0.9563 -0.1028
vn -0.3827 -0.5591 -0.7355
vn -0.2736 0.1567 -0.9490
vn -0.1959 -0.9701 0.1433
vn -0.3700 -0.7435 -0.5570
vn -0.8310 -0.4735 0.2920
vn -0.6718 0.6113 -0.4184
vn -0.5636 0.3940 -0.7260
vn -0.7228 -0.6909 -0.0157
vn -0.2831 0.2164 -0.9344
vn -0.4423 -0.8684 -0.2240
vn 0.0946 0.1262 -0.9875
vn -0.0646 -0.9587 -0.2771
vn 0.4683 0.1475 -0.8712
vn 0.3091 -0.9373 -0.1608
vn 0.7378 0.2746 -0.6166
vn 0.5786 -0.8102 0.0937
vn 0.8310 0.4735 -0.2920
vn 0.6718 -0.6113 0.4184
vn 0.7228 0.6909 0.0157
vn 0.5636 -0.3940 0.7260
vn 0.4423 0.8684 0.2240
vn 0.2831 -0.2164 0.9344
vn 0.0646 0.9587 0.2771
vn -0.0946 -0.1262 0.9875
vn -0.3091 0.9373 0.1608
vn -0.4683 -0.1475 0.8712
vn -0.5786 0.8102 -0.0937
vn -0.7378 -0.2746 0.6166
vn -0.0198 0.5498 0.8351
vn -0.9924 0.0910 -0.0834
vn 0.0198 -0.5498 -0.8351
vn 0.9924 -0.0910 0.0834
vn -0.1219 -0.8304 0.5437
vn 0.1219 0.8304 -0.5437
vn 0.8310 -0.4735 0.2920
vn 0.6718 0.6113 -0.4184
vn 0.5786 0.8102 -0.0937
vn 0.7378 -0.2746 0.6166
vn 0.3091 0.9373 0.1608
vn 0.4683 -0.1475 0.8712
vn -0.0646 0.9587 0.2771
vn 0.0946 -0.1262 0.9875
vn -0.4423 0.8684 0.2240
vn -0.2831 -0.2164 0.9344
vn -0.7228 0.6909 0.0157
vn -0.5636 -0.3940 0.7260
vn -0.8310 0.4735 -0.2920
vn -0.6718 -0.6113 0.4184
vn -0.7378 0.2746 -0.6166
vn -0.5786 -0.8102 0.0937
vn -0.4683 0.1475 -0.8712
vn -0.3091 -0.9373 -0.1608
vn -0.0946 0.1262 -0.9875
vn 0.0646 -0.9587 -0.2771
vn 0.2831 0.2164 -0.9344
vn 0.4423 -0.8684 -0.2240
vn 0.5636 0.3940 -0.7260
vn 0.7228 -0.6909 -0.0157
vn -0.0198 -0.5498 -0.8351
vn 0.9924 0.0910 -0.0834
vn 0.0198 0.5498 0.8351
vn -0.9924 -0.0910 0.0834
vn 0.1219 -0.8304 0.5437
vn -0.1219 0.8304 -0.5437
vn 0.0636 -0.8901 -0.4512
vn 0.0572 0.3190 -0.9460
vn 0.4265 0.3704 -0.8252
vn 0.4329 -0.8387 -0.3304
vn 0.6806 0.4846 -0.5495
vn 0.6870 -0.7246 -0.0547
vn 0.7515 0.6309 -0.1929
vn 0.7580 -0.5782 0.3019
vn 0.6202 0.7701 0.1491
vn 0.6266 -0.4390 0.6439
vn 0.3218 0.8650 0.3849
vn 0.3283 -0.3441 0.8797
vn -0.0636 0.8901 0.4512
vn -0.0572 -0.3190 0.9460
vn -0.4329 0.8387 0.3304
vn -0.4265 -0.3704 0.8252
vn -0.6870 0.7246 0.0547
vn -0.6806 -0.4846 0.5495
vn -0.7580 0.5782 -0.3019
vn -0.7515 -0.6309 0.1929
vn -0.6266 0.4390 -0.6439
vn -0.6202 -0.7701 -0.1491
vn -0.3283 0.3441 -0.8797
vn -0.3218 -0.8650 -0.3849
vn -0.9968 -0.0348 -0.0720
vn 0.0798 -0.3772 -0.9227
vn 0.9968 0.0348 0.0720
vn -0.0798 0.3772 0.9227
vn 0.0049 -0.9255 0.3787
vn -0.0049 0.9255 -0.3787
vn -0.0625 -0.9006 -0.4302
vn -0.0585 0.2966 -0.9532
vn 0.3270 0.3239 -0.8878
vn 0.3230 -0.8733 -0.3648
vn 0.6254 0.4248 -0.6545
vn 0.6214 -0.7724 -0.1315
vn 0.7567 0.5723 -0.3160
vn 0.7527 -0.6249 0.2070
vn 0.6859 0.7268 0.0372
vn 0.6819 -0.4704 0.5602
vn 0.4317 0.8470 0.3103
vn 0.4277 -0.3502 0.8333
vn 0.0625 0.9006 0.4302
vn 0.0585 -0.2966 0.9532
vn -0.3230 0.8733 0.3648
vn -0.3270 -0.3239 0.8878
vn -0.6214 0.7724 0.1315
vn -0.6254 -0.4248 0.6545
vn -0.7527 0.6249 -0.2070
vn -0.7567 -0.5723 0.3160
vn -0.6819 0.4704 -0.5602
vn -0.6859 -0.7268 -0.0372
vn -0.4277 0.3502 -0.8333
vn -0.4317 -0.8470 -0.3103
vn -0.9968 0.0348 0.0720
vn -0.0799 -0.3988 -0.9135
vn 0.9968 -0.0348 -0.0720
vn 0.0799 0.3988 0.9135
vn -0.0031 -0.9164 0.4003
vn 0.0031 0.9164 -0.4003
vt 0.722222 0.785714
vt 0.722222 0.857143
vt 0.666667 0.857143
vt 0.666667 0.785714
vt 0.722222 0.214286
vt 0.722222 0.285714
vt 0.666667 0.285714
vt 0.666667 0.214286
vt 0.722222 0.714286
vt 0.666667 0.714286
vt 0.722222 0.142857
vt 0.666667 0.142857
vt 0.722222 0.642857
vt 0.666667 0.642857
vt 0.722222 0.071429
vt 0.666667 0.071429
vt 0.722222 0.571429
vt 0.666667 0.571429
vt 0.694444 0.000000
vt 0.722222 0.500000
vt 0.666667 0.500000
vt 0.722222 0.428571
vt 0.666667 0.428571
vt 0.722222 0.928571
vt 0.694444 1.000000
vt 0.666667 0.928571
vt 0.722222 0.357143
vt 0.666667 0.357143
vt 0.611111 0.785714
vt 0.611111 0.714286
vt 0.611111 0.214286
vt 0.611111 0.142857
vt 0.611111 0.642857
vt 0.611111 0.071429
vt 0.611111 0.571429
vt 0.638889 0.000000
vt 0.611111 0.500000
vt 0.611111 0.428571
vt 0.638889 1.000000
vt 0.611111 0.928571
vt 0.611111 0.357143
vt 0.611111 0.857143
vt 0.611111 0.285714
vt 0.555555 0.214286
vt 0.555556 0.142857
vt 0.555556 0.714286
vt 0.555555 0.642857
vt 0.555555 0.071429
vt 0.555555 0.571429
vt 0.583333 0.000000
vt 0.555556 0.500000
vt 0.555555 0.428571
vt 0.583333 1.000000
vt 0.555555 0.928571
vt 0.555555 0.357143
vt 0.555556 0.857143
vt 0.555556 0.285714
vt 0.555555 0.785714
vt 0.500000 0.714286
vt 0.500000 0.642857
vt 0.500000 0.142857
vt 0.500000 0.071429
vt 0.500000 0.571429
vt 0.527778 0.000000
vt 0.500000 0.500000
vt 0.500000 0.428571
vt 0.527778 1.000000
vt 0.500000 0.928571
vt 0.500000 0.357143
vt 0.500000 0.857143
vt 0.500000 0.285714
vt 0.500000 0.785714
vt 0.500000 0.214286
vt 0.444444 0.142857
vt 0.444444 0.071429
vt 0.444444 0.642857
vt 0.444444 0.571429
vt 0.472222 0.000000
vt 0.444444 0.500000
vt 0.444444 0.428571
vt 0.472222 1.000000
vt 0.444444 0.928571
vt 0.444444 0.357143
vt 0.444444 0.857143
vt 0.444444 0.285714
vt 0.444444 0.785714
vt 0.444444 0.214286
vt 0.444444 0.714286
vt 0.416667 0.000000
vt 0.388889 0.071429
vt 0.388889 0.571429
vt 0.388889 0.500000
vt 0.388889 0.428571
vt 0.416667 1.000000
vt 0.388889 0.928571
vt 0.388889 0.357143
vt 0.388889 0.857143
vt 0.388889 0.285714
vt 0.388889 0.785714
vt 0.388889 0.214286
vt 0.388889 0.714286
vt 0.388889 0.142857
vt 0.388889 0.642857
vt 0.333333 0.571429
vt 0.333333 0.500000
vt 0.333333 0.428571
vt 0.361111 1.000000
vt 0.333333 0.928571
vt 0.333333 0.357143
vt 0.333333 0.857143
vt 0.333333 0.285714
vt 0.333333 0.785714
vt 0.333333 0.214286
vt 0.333333 0.714286
vt 0.333333 0.142857
vt 0.333333 0.642857
vt 0.333333 0.071429
vt 0.361111 0.000000
vt 0.277778 0.500000
vt 0.277778 0.428571
vt 0.305556 1.000000
vt 0.277778 0.928571
vt 0.277778 0.357143
vt 0.277778 0.857143
vt 0.277778 0.285714
vt 0.277778 0.785714
vt 0.277778 0.214286
vt 0.277778 0.714286
vt 0.277778 0.142857
vt 0.277778 0.642857
vt 0.277778 0.071429
vt 0.277778 0.571429
vt 0.305556 0.000000
vt 0.222222 0.500000
vt 0.222222 0.428571
vt 0.250000 1.000000
vt 0.222222 0.928571
vt 0.222222 0.357143
vt 0.222222 0.857143
vt 0.222222 0.285714
vt 0.222222 0.785714
vt 0.222222 0.214286
vt 0.222222 0.714286
vt 0.222222 0.142857
vt 0.222222 0.642857
vt 0.222222 0.071429
vt 0.222222 0.571429
vt 0.250000 0.000000
vt 0.166667 0.428571
vt 0.166667 0.357143
vt 0.166667 0.928571
vt 0.166667 0.857143
vt 0.166667 0.285714
vt 0.166667 0.785714
vt 0.166667 0.214286
vt 0.166667 0.714286
vt 0.166667 0.142857
vt 0.166667 0.642857
vt 0.166667 0.071429
vt 0.166667 0.571429
vt 0.194444 0.000000
vt 0.166667 0.500000
vt 0.194444 1.000000
vt 0.111111 0.928571
vt 0.111111 0.857143
vt 0.111111 0.357143
vt 0.111111 0.285714
vt 0.111111 0.785714
vt 0.111111 0.214286
vt 0.111111 0.714286
vt 0.111111 0.142857
vt 0.111111 0.642857
vt 0.111111 0.071429
vt 0.111111 0.571429
vt 0.138889 0.000000
vt 0.111111 0.500000
vt 0.111111 0.428571
vt 0.138889 1.000000
vt 0.055556 0.357143
vt 0.055556 0.285714
vt 0.055556 0.857143
vt 0.055556 0.785714
vt 0.055556 0.214286
vt 0.055556 0.714286
vt 0.055556 0.142857
vt 0.055556 0.642857
vt 0.055556 0.071429
vt 0.055556 0.571429
vt 0.083333 0.000000
vt 0.055556 0.500000
vt 0.055556 0.428571
vt 0.083333 1.000000
vt 0.055556 0.928571
vt 0.000000 0.857143
vt 0.000000 0.785714
vt 0.000000 0.285714
vt 0.000000 0.214286
vt 0.000000 0.714286
vt 0.000000 0.142857
vt 0.000000 0.642857
vt 0.000000 0.071429
vt 0.000000 0.571429
vt 0.027778 0.000000
vt 0.000000 0.500000
vt 0.000000 0.428571
vt 0.027778 1.000000
vt 0.000000 0.928571
vt 0.000000 0.357143
vt 1.000000 0.214286
vt 1.000000 0.285714
vt 0.944444 0.285714
vt 0.944444 0.214286
vt 1.000000 0.714286
vt 1.000000 0.785714
vt 0.944444 0.785714
vt 0.944444 0.714286
vt 1.000000 0.142857
vt 0.944444 0.142857
vt 1.000000 0.642857
vt 0.944444 0.642857
vt 1.000000 0.071429
vt 0.944444 0.071429
vt 1.000000 0.571429
vt 0.944444 0.571429
vt 0.972222 0.000000
vt 1.000000 0.500000
vt 0.944444 0.500000
vt 1.000000 0.428571
vt 0.944444 0.428571
vt 1.000000 0.928571
vt 0.972222 1.000000
vt 0.944444 0.928571
vt 1.000000 0.357143
vt 0.944444 0.357143
vt 1.000000 0.857143
vt 0.944444 0.857143
vt 0.888889 0.214286
vt 0.888889 0.142857
vt 0.888889 0.714286
vt 0.888889 0.642857
vt 0.888889 0.071429
vt 0.888889 0.571429
vt 0.916667 0.000000
vt 0.888889 0.500000
vt 0.888889 0.428571
vt 0.916667 1.000000
vt 0.888889 0.928571
vt 0.888889 0.357143
vt 0.888889 0.857143
vt 0.888889 0.285714
vt 0.888889 0.785714
vt 0.833333 0.714286
vt 0.833333 0.642857
vt 0.833333 0.142857
vt 0.833333 0.071429
vt 0.833333 0.571429
vt 0.861111 0.000000
vt 0.833333 0.500000
vt 0.833333 0.428571
vt 0.861111 1.000000
vt 0.833333 0.928571
vt 0.833333 0.357143
vt 0.833333 0.857143
vt 0.833333 0.285714
vt 0.833333 0.785714
vt 0.833333 0.214286
vt 0.777778 0.142857
vt 0.777778 0.071429
vt 0.777778 0.642857
vt 0.777778 0.571429
vt 0.805556 0.000000
vt 0.777778 0.500000
vt 0.777778 0.428571
vt 0.805556 1.000000
vt 0.777778 0.928571
vt 0.777778 0.357143
vt 0.777778 0.857143
vt 0.777778 0.285714
vt 0.777778 0.785714
vt 0.777778 0.214286
vt 0.777778 0.714286
vt 0.750000 0.000000
vt 0.750000 1.000000
vt 0.375000 0.000000
vt 0.625000 0.000000
vt 0.625000 0.250000
vt 0.375000 0.250000
vt 0.625000 0.500000
vt 0.375000 0.500000
vt 0.625000 0.750000
vt 0.375000 0.750000
vt 0.625000 1.000000
vt 0.375000 1.000000
vt 0.125000 0.500000
vt 0.125000 0.750000
vt 0.875000 0.500000
vt 0.875000 0.750000
vt 1.000000 0.500000
vt 1.000000 1.000000
vt 0.928571 1.000000
vt 0.928571 0.500000
vt 0.857143 1.000000
vt 0.857143 0.500000
vt 0.785714 1.000000
vt 0.785714 0.500000
vt 0.714286 1.000000
vt 0.714286 0.500000
vt 0.642857 1.000000
vt 0.642857 0.500000
vt 0.571428 1.000000
vt 0.571428 0.500000
vt 0.500000 1.000000
vt 0.500000 0.500000
vt 0.428571 1.000000
vt 0.428571 0.500000
vt 0.357143 1.000000
vt 0.357143 0.500000
vt 0.285714 1.000000
vt 0.285714 0.500000
vt 0.214286 1.000000
vt 0.214286 0.500000
vt 0.142857 1.000000
vt 0.142857 0.500000
vt 0.354132 0.466233
vt 0.250000 0.490000
vt 0.145868 0.466233
vt 0.062360 0.399638
vt 0.016017 0.303405
vt 0.016017 0.196595
vt 0.062360 0.100362
vt 0.145868 0.033767
vt 0.250000 0.010000
vt 0.354132 0.033767
vt 0.437640 0.100362
vt 0.483983 0.196595
vt 0.483983 0.303405
vt 0.437640 0.399638
vt 0.071428 1.000000
vt 0.071428 0.500000
vt -0.000000 1.000000
vt -0.000000 0.500000
vt 0.750000 0.490000
vt 0.854132 0.466233
vt 0.937640 0.399638
vt 0.983983 0.303405
vt 0.983983 0.196595
vt 0.937640 0.100362
vt 0.854132 0.033767
vt 0.750000 0.010000
vt 0.645868 0.033767
vt 0.562360 0.100362
vt 0.516017 0.196595
vt 0.516017 0.303405
vt 0.562360 0.399638
vt 0.645868 0.466233
vt 0.875000 1.000000
vt 0.750000 0.500000
vt 0.500000 1.000000
vt 0.500000 0.500000
vt 0.250000 1.000000
vt 0.250000 0.500000
vt 0.419706 0.419706
vt 0.080294 0.419706
vt 0.010000 0.250000
vt 0.080294 0.080294
vt 0.419706 0.080294
vt 0.490000 0.250000
vt 0.125000 1.000000
vt 0.000000 1.000000
vt 0.000000 0.500000
vt 0.919706 0.419706
vt 0.990000 0.250000
vt 0.919706 0.080294
vt 0.580294 0.080294
vt 0.510000 0.250000
vt 0.580294 0.419706
vt 0.718750 0.000000
vt 0.750000 0.083333
vt 0.687500 0.083333
vt 0.750000 0.833333
vt 0.750000 0.916667
vt 0.687500 0.916667
vt 0.687500 0.833333
vt 0.750000 0.250000
vt 0.750000 0.333333
vt 0.687500 0.333333
vt 0.687500 0.250000
vt 0.750000 0.583333
vt 0.687500 0.583333
vt 0.687500 0.500000
vt 0.750000 0.750000
vt 0.687500 0.750000
vt 0.750000 0.166667
vt 0.687500 0.166667
vt 0.750000 0.416667
vt 0.687500 0.416667
vt 0.750000 0.666667
vt 0.687500 0.666667
vt 0.718750 1.000000
vt 0.625000 0.416667
vt 0.625000 0.666667
vt 0.625000 0.166667
vt 0.625000 0.083333
vt 0.656250 1.000000
vt 0.625000 0.916667
vt 0.625000 0.333333
vt 0.625000 0.583333
vt 0.656250 0.000000
vt 0.625000 0.833333
vt 0.562500 0.333333
vt 0.562500 0.250000
vt 0.562500 0.583333
vt 0.562500 0.500000
vt 0.562500 0.833333
vt 0.562500 0.750000
vt 0.562500 0.166667
vt 0.562500 0.416667
vt 0.562500 0.666667
vt 0.562500 0.083333
vt 0.593750 1.000000
vt 0.562500 0.916667
vt 0.593750 0.000000
vt 0.531250 1.000000
vt 0.500000 0.916667
vt 0.500000 0.416667
vt 0.500000 0.333333
vt 0.500000 0.666667
vt 0.500000 0.583333
vt 0.531250 0.000000
vt 0.500000 0.083333
vt 0.500000 0.833333
vt 0.500000 0.250000
vt 0.500000 0.750000
vt 0.500000 0.166667
vt 0.437500 0.250000
vt 0.437500 0.166667
vt 0.437500 0.500000
vt 0.437500 0.416667
vt 0.437500 0.750000
vt 0.437500 0.666667
vt 0.437500 0.083333
vt 0.468750 1.000000
vt 0.437500 0.916667
vt 0.437500 0.333333
vt 0.437500 0.583333
vt 0.468750 0.000000
vt 0.437500 0.833333
vt 0.375000 0.916667
vt 0.375000 0.833333
vt 0.375000 0.333333
vt 0.375000 0.250000
vt 0.375000 0.583333
vt 0.375000 0.500000
vt 0.375000 0.750000
vt 0.375000 0.166667
vt 0.375000 0.416667
vt 0.375000 0.666667
vt 0.375000 0.083333
vt 0.406250 1.000000
vt 0.406250 0.000000
vt 0.312500 0.166667
vt 0.312500 0.083333
vt 0.343750 1.000000
vt 0.312500 0.916667
vt 0.312500 0.416667
vt 0.312500 0.333333
vt 0.312500 0.666667
vt 0.312500 0.583333
vt 0.343750 0.000000
vt 0.312500 0.833333
vt 0.312500 0.250000
vt 0.312500 0.500000
vt 0.312500 0.750000
vt 0.250000 0.833333
vt 0.250000 0.750000
vt 0.250000 0.250000
vt 0.250000 0.166667
vt 0.250000 0.500000
vt 0.250000 0.416667
vt 0.250000 0.666667
vt 0.250000 0.083333
vt 0.281250 1.000000
vt 0.250000 0.916667
vt 0.250000 0.333333
vt 0.250000 0.583333
vt 0.281250 0.000000
vt 0.218750 0.000000
vt 0.187500 0.083333
vt 0.187500 0.916667
vt 0.187500 0.833333
vt 0.187500 0.333333
vt 0.187500 0.250000
vt 0.187500 0.583333
vt 0.187500 0.500000
vt 0.187500 0.750000
vt 0.187500 0.166667
vt 0.187500 0.416667
vt 0.187500 0.666667
vt 0.218750 1.000000
vt 0.125000 0.750000
vt 0.125000 0.666667
vt 0.125000 0.166667
vt 0.125000 0.083333
vt 0.156250 1.000000
vt 0.125000 0.916667
vt 0.125000 0.416667
vt 0.125000 0.333333
vt 0.125000 0.583333
vt 0.156250 0.000000
vt 0.125000 0.833333
vt 0.125000 0.250000
vt 0.125000 0.500000
vt 0.062500 0.833333
vt 0.062500 0.750000
vt 0.062500 0.250000
vt 0.062500 0.166667
vt 0.062500 0.500000
vt 0.062500 0.416667
vt 0.062500 0.666667
vt 0.062500 0.083333
vt 0.093750 1.000000
vt 0.062500 0.916667
vt 0.062500 0.333333
vt 0.062500 0.583333
vt 0.093750 0.000000
vt 0.000000 0.666667
vt 0.000000 0.583333
vt 0.031250 0.000000
vt 0.000000 0.083333
vt 0.000000 0.916667
vt 0.000000 0.833333
vt 0.000000 0.333333
vt 0.000000 0.250000
vt 0.000000 0.750000
vt 0.000000 0.166667
vt 0.000000 0.416667
vt 0.031250 1.000000
vt 1.000000 0.666667
vt 1.000000 0.750000
vt 0.937500 0.750000
vt 0.937500 0.666667
vt 1.000000 0.083333
vt 1.000000 0.166667
vt 0.937500 0.166667
vt 0.937500 0.083333
vt 1.000000 0.916667
vt 0.968750 1.000000
vt 0.937500 0.916667
vt 1.000000 0.333333
vt 1.000000 0.416667
vt 0.937500 0.416667
vt 0.937500 0.333333
vt 1.000000 0.583333
vt 0.937500 0.583333
vt 0.968750 0.000000
vt 1.000000 0.833333
vt 0.937500 0.833333
vt 1.000000 0.250000
vt 0.937500 0.250000
vt 0.937500 0.500000
vt 0.875000 0.583333
vt 0.875000 0.500000
vt 0.875000 0.833333
vt 0.875000 0.750000
vt 0.875000 0.250000
vt 0.875000 0.166667
vt 0.875000 0.416667
vt 0.875000 0.666667
vt 0.875000 0.083333
vt 0.906250 1.000000
vt 0.875000 0.916667
vt 0.875000 0.333333
vt 0.906250 0.000000
vt 0.812500 0.666667
vt 0.812500 0.583333
vt 0.843750 0.000000
vt 0.812500 0.083333
vt 0.812500 0.916667
vt 0.812500 0.833333
vt 0.812500 0.333333
vt 0.812500 0.250000
vt 0.812500 0.500000
vt 0.812500 0.750000
vt 0.812500 0.166667
vt 0.812500 0.416667
vt 0.843750 1.000000
vt 0.781250 1.000000
vt 0.781250 0.000000
vt 0.916667 1.000000
vt 0.916667 0.500000
vt 0.833333 1.000000
vt 0.750000 1.000000
vt 0.750000 0.500000
vt 0.666667 1.000000
vt 0.666667 0.500000
vt 0.583333 1.000000
vt 0.583333 0.500000
vt 0.500000 1.000000
vt 0.500000 0.500000
vt 0.416667 1.000000
vt 0.416667 0.500000
vt 0.333333 1.000000
vt 0.333333 0.500000
vt 0.250000 1.000000
vt 0.250000 0.500000
vt 0.166667 1.000000
vt 0.166667 0.500000
vt 0.370000 0.457846
vt 0.130000 0.457846
vt 0.042154 0.370000
vt 0.042154 0.130000
vt 0.130000 0.042154
vt 0.370000 0.042154
vt 0.457846 0.130000
vt 0.457846 0.370000
vt 0.083333 1.000000
vt 0.083333 0.500000
vt 0.000000 1.000000
vt 0.000000 0.500000
vt 0.870000 0.457846
vt 0.957846 0.370000
vt 0.957846 0.130000
vt 0.870000 0.042154
vt 0.630000 0.042154
vt 0.542154 0.130000
vt 0.542154 0.370000
vt 0.630000 0.457846
s 1
usemtl Mat_HumanSkinHeavy
f 226/1/1 225/2/2 2/3/3 3/4/4
f 234/5/5 233/6/6 10/7/7 11/8/8
f 227/9/9 226/1/1 3/4/4 4/10/10
f 235/11/11 234/5/5 11/8/8 12/12/12
f 228/13/13 227/9/9 4/10/10 5/14/14
f 236/15/15 235/11/11 12/12/12 13/16/16
f 229/17/17 228/13/13 5/14/14 6/18/18
f 144/19/19 236/15/15 13/16/16
f 230/20/20 229/17/17 6/18/18 7/21/21
f 231/22/22 230/20/20 7/21/21 8/23/23
f 224/24/24 171/25/25 1/26/26
f 232/27/27 231/22/22 8/23/23 9/28/28
f 225/2/2 224/24/24 1/26/26 2/3/3
f 233/6/6 232/27/27 9/28/28 10/7/7
f 4/10/10 3/4/4 16/29/29 17/30/30
f 12/12/12 11/8/8 24/31/31 25/32/32
f 5/14/14 4/10/10 17/30/30 18/33/33
f 13/16/16 12/12/12 25/32/32 26/34/34
f 6/18/18 5/14/14 18/33/33 19/35/35
f 144/36/19 13/16/16 26/34/34
f 7/21/21 6/18/18 19/35/35 20/37/36
f 8/23/23 7/21/21 20/37/36 21/38/37
f 1/26/26 171/39/25 14/40/38
f 9/28/28 8/23/23 21/38/37 22/41/39
f 2/3/3 1/26/26 14/40/38 15/42/40
f 10/7/7 9/28/28 22/41/39 23/43/41
f 3/4/4 2/3/3 15/42/40 16/29/29
f 11/8/8 10/7/7 23/43/41 24/31/31
f 25/32/32 24/31/31 37/44/42 38/45/43
f 18/33/33 17/30/30 30/46/44 31/47/45
f 26/34/34 25/32/32 38/45/43 39/48/46
f 19/35/35 18/33/33 31/47/45 32/49/47
f 144/50/19 26/34/34 39/48/46
f 20/37/36 19/35/35 32/49/47 33/51/48
f 21/38/37 20/37/36 33/51/48 34/52/49
f 14/40/38 171/53/25 27/54/50
f 22/41/39 21/38/37 34/52/49 35/55/51
f 15/42/40 14/40/38 27/54/50 28/56/52
f 23/43/41 22/41/39 35/55/51 36/57/53
f 16/29/29 15/42/40 28/56/52 29/58/54
f 24/31/31 23/43/41 36/57/53 37/44/42
f 17/30/30 16/29/29 29/58/54 30/46/44
f 31/47/45 30/46/44 43/59/55 44/60/56
f 39/48/46 38/45/43 51/61/57 52/62/58
f 32/49/47 31/47/45 44/60/56 45/63/59
f 144/64/19 39/48/46 52/62/58
f 33/51/48 32/49/47 45/63/59 46/65/60
f 34/52/49 33/51/48 46/65/60 47/66/61
f 27/54/50 171/67/25 40/68/62
f 35/55/51 34/52/49 47/66/61 48/69/63
f 28/56/52 27/54/50 40/68/62 41/70/64
f 36/57/53 35/55/51 48/69/63 49/71/65
f 29/58/54 28/56/52 41/70/64 42/72/66
f 37/44/42 36/57/53 49/71/65 50/73/67
f 30/46/44 29/58/54 42/72/66 43/59/55
f 38/45/43 37/44/42 50/73/67 51/61/57
f 52/62/58 51/61/57 64/74/68 65/75/69
f 45/63/59 44/60/56 57/76/70 58/77/71
f 144/78/19 52/62/58 65/75/69
f 46/65/60 45/63/59 58/77/71 59/79/72
f 47/66/61 46/65/60 59/79/72 60/80/73
f 40/68/62 171/81/25 53/82/74
f 48/69/63 47/66/61 60/80/73 61/83/75
f 41/70/64 40/68/62 53/82/74 54/84/76
f 49/71/65 48/69/63 61/83/75 62/85/77
f 42/72/66 41/70/64 54/84/76 55/86/78
f 50/73/67 49/71/65 62/85/77 63/87/79
f 43/59/55 42/72/66 55/86/78 56/88/80
f 51/61/57 50/73/67 63/87/79 64/74/68
f 44/60/56 43/59/55 56/88/80 57/76/70
f 144/89/19 65/75/69 78/90/81
f 59/79/72 58/77/71 71/91/82 72/92/83
f 60/80/73 59/79/72 72/92/83 73/93/84
f 53/82/74 171/94/25 66/95/85
f 61/83/75 60/80/73 73/93/84 74/96/86
f 54/84/76 53/82/74 66/95/85 67/97/87
f 62/85/77 61/83/75 74/96/86 75/98/88
f 55/86/78 54/84/76 67/97/87 68/99/89
f 63/87/79 62/85/77 75/98/88 76/100/90
f 56/88/80 55/86/78 68/99/89 69/101/91
f 64/74/68 63/87/79 76/100/90 77/102/92
f 57/76/70 56/88/80 69/101/91 70/103/93
f 65/75/69 64/74/68 77/102/92 78/90/81
f 58/77/71 57/76/70 70/103/93 71/91/82
f 72/92/83 71/91/82 84/104/94 85/105/95
f 73/93/84 72/92/83 85/105/95 86/106/96
f 66/95/85 171/107/25 79/108/97
f 74/96/86 73/93/84 86/106/96 87/109/98
f 67/97/87 66/95/85 79/108/97 80/110/99
f 75/98/88 74/96/86 87/109/98 88/111/100
f 68/99/89 67/97/87 80/110/99 81/112/101
f 76/100/90 75/98/88 88/111/100 89/113/102
f 69/101/91 68/99/89 81/112/101 82/114/103
f 77/102/92 76/100/90 89/113/102 90/115/104
f 70/103/93 69/101/91 82/114/103 83/116/105
f 78/90/81 77/102/92 90/115/104 91/117/106
f 71/91/82 70/103/93 83/116/105 84/104/94
f 144/118/19 78/90/81 91/117/106
f 86/106/96 85/105/95 98/119/107 99/120/108
f 79/108/97 171/121/25 92/122/109
f 87/109/98 86/106/96 99/120/108 100/123/110
f 80/110/99 79/108/97 92/122/109 93/124/111
f 88/111/100 87/109/98 100/123/110 101/125/112
f 81/112/101 80/110/99 93/124/111 94/126/113
f 89/113/102 88/111/100 101/125/112 102/127/114
f 82/114/103 81/112/101 94/126/113 95/128/115
f 90/115/104 89/113/102 102/127/114 103/129/116
f 83/116/105 82/114/103 95/128/115 96/130/117
f 91/117/106 90/115/104 103/129/116 104/131/118
f 84/104/94 83/116/105 96/130/117 97/132/119
f 144/133/19 91/117/106 104/131/118
f 85/105/95 84/104/94 97/132/119 98/119/107
f 99/120/108 98/119/107 111/134/120 112/135/121
f 92/122/109 171/136/25 105/137/122
f 100/123/110 99/120/108 112/135/121 113/138/123
f 93/124/111 92/122/109 105/137/122 106/139/124
f 101/125/112 100/123/110 113/138/123 114/140/125
f 94/126/113 93/124/111 106/139/124 107/141/126
f 102/127/114 101/125/112 114/140/125 115/142/127
f 95/128/115 94/126/113 107/141/126 108/143/128
f 103/129/116 102/127/114 115/142/127 116/144/129
f 96/130/117 95/128/115 108/143/128 109/145/130
f 104/131/118 103/129/116 116/144/129 117/146/131
f 97/132/119 96/130/117 109/145/130 110/147/132
f 144/148/19 104/131/118 117/146/131
f 98/119/107 97/132/119 110/147/132 111/134/120
f 113/138/123 112/135/121 125/149/133 126/150/134
f 106/139/124 105/137/122 118/151/135 119/152/136
f 114/140/125 113/138/123 126/150/134 127/153/137
f 107/141/126 106/139/124 119/152/136 120/154/138
f 115/142/127 114/140/125 127/153/137 128/155/139
f 108/143/128 107/141/126 120/154/138 121/156/140
f 116/144/129 115/142/127 128/155/139 129/157/141
f 109/145/130 108/143/128 121/156/140 122/158/142
f 117/146/131 116/144/129 129/157/141 130/159/143
f 110/147/132 109/145/130 122/158/142 123/160/144
f 144/161/19 117/146/131 130/159/143
f 111/134/120 110/147/132 123/160/144 124/162/145
f 112/135/121 111/134/120 124/162/145 125/149/133
f 105/137/122 171/163/25 118/151/135
f 119/152/136 118/151/135 131/164/146 132/165/147
f 127/153/137 126/150/134 139/166/148 140/167/149
f 120/154/138 119/152/136 132/165/147 133/168/150
f 128/155/139 127/153/137 140/167/149 141/169/151
f 121/156/140 120/154/138 133/168/150 134/170/152
f 129/157/141 128/155/139 141/169/151 142/171/153
f 122/158/142 121/156/140 134/170/152 135/172/154
f 130/159/143 129/157/141 142/171/153 143/173/155
f 123/160/144 122/158/142 135/172/154 136/174/156
f 144/175/19 130/159/143 143/173/155
f 124/162/145 123/160/144 136/174/156 137/176/157
f 125/149/133 124/162/145 137/176/157 138/177/158
f 118/151/135 171/178/25 131/164/146
f 126/150/134 125/149/133 138/177/158 139/166/148
f 140/167/149 139/166/148 153/179/159 154/180/160
f 133/168/150 132/165/147 146/181/161 147/182/162
f 141/169/151 140/167/149 154/180/160 155/183/163
f 134/170/152 133/168/150 147/182/162 148/184/164
f 142/171/153 141/169/151 155/183/163 156/185/165
f 135/172/154 134/170/152 148/184/164 149/186/166
f 143/173/155 142/171/153 156/185/165 157/187/167
f 136/174/156 135/172/154 149/186/166 150/188/168
f 144/189/19 143/173/155 157/187/167
f 137/176/157 136/174/156 150/188/168 151/190/169
f 138/177/158 137/176/157 151/190/169 152/191/170
f 131/164/146 171/192/25 145/193/171
f 139/166/148 138/177/158 152/191/170 153/179/159
f 132/165/147 131/164/146 145/193/171 146/181/161
f 147/182/162 146/181/161 159/194/172 160/195/173
f 155/183/163 154/180/160 167/196/174 168/197/175
f 148/184/164 147/182/162 160/195/173 161/198/176
f 156/185/165 155/183/163 168/197/175 169/199/177
f 149/186/166 148/184/164 161/198/176 162/200/178
f 157/187/167 156/185/165 169/199/177 170/201/179
f 150/188/168 149/186/166 162/200/178 163/202/180
f 144/203/19 157/187/167 170/201/179
f 151/190/169 150/188/168 163/202/180 164/204/181
f 152/191/170 151/190/169 164/204/181 165/205/182
f 145/193/171 171/206/25 158/207/183
f 153/179/159 152/191/170 165/205/182 166/208/184
f 146/181/161 145/193/171 158/207/183 159/194/172
f 154/180/160 153/179/159 166/208/184 167/196/174
f 168/209/175 167/210/174 181/211/185 182/212/186
f 161/213/176 160/214/173 174/215/187 175/216/188
f 169/217/177 168/209/175 182/212/186 183/218/189
f 162/219/178 161/213/176 175/216/188 176/220/190
f 170/221/179 169/217/177 183/218/189 184/222/191
f 163/223/180 162/219/178 176/220/190 177/224/192
f 144/225/19 170/221/179 184/222/191
f 164/226/181 163/223/180 177/224/192 178/227/193
f 165/228/182 164/226/181 178/227/193 179/229/194
f 158/230/183 171/231/25 172/232/195
f 166/233/184 165/228/182 179/229/194 180/234/196
f 159/235/172 158/230/183 172/232/195 173/236/197
f 167/210/174 166/233/184 180/234/196 181/211/185
f 160/214/173 159/235/172 173/236/197 174/215/187
f 183/218/189 182/212/186 195/237/198 196/238/199
f 176/220/190 175/216/188 188/239/200 189/240/201
f 184/222/191 183/218/189 196/238/199 197/241/202
f 177/224/192 176/220/190 189/240/201 190/242/203
f 144/243/19 184/222/191 197/241/202
f 178/227/193 177/224/192 190/242/203 191/244/204
f 179/229/194 178/227/193 191/244/204 192/245/205
f 172/232/195 171/246/25 185/247/206
f 180/234/196 179/229/194 192/245/205 193/248/207
f 173/236/197 172/232/195 185/247/206 186/249/208
f 181/211/185 180/234/196 193/248/207 194/250/209
f 174/215/187 173/236/197 186/249/208 187/251/210
f 182/212/186 181/211/185 194/250/209 195/237/198
f 175/216/188 174/215/187 187/251/210 188/239/200
f 189/240/201 188/239/200 201/252/211 202/253/212
f 197/241/202 196/238/199 209/254/213 210/255/214
f 190/242/203 189/240/201 202/253/212 203/256/215
f 144/257/19 197/241/202 210/255/214
f 191/244/204 190/242/203 203/256/215 204/258/216
f 192/245/205 191/244/204 204/258/216 205/259/217
f 185/247/206 171/260/25 198/261/218
f 193/248/207 192/245/205 205/259/217 206/262/219
f 186/249/208 185/247/206 198/261/218 199/263/220
f 194/250/209 193/248/207 206/262/219 207/264/221
f 187/251/210 186/249/208 199/263/220 200/265/222
f 195/237/198 194/250/209 207/264/221 208/266/223
f 188/239/200 187/251/210 200/265/222 201/252/211
f 196/238/199 195/237/198 208/266/223 209/254/213
f 210/255/214 209/254/213 222/267/224 223/268/225
f 203/256/215 202/253/212 215/269/226 216/270/227
f 144/271/19 210/255/214 223/268/225
f 204/258/216 203/256/215 216/270/227 217/272/228
f 205/259/217 204/258/216 217/272/228 218/273/229
f 198/261/218 171/274/25 211/275/230
f 206/262/219 205/259/217 218/273/229 219/276/231
f 199/263/220 198/261/218 211/275/230 212/277/232
f 207/264/221 206/262/219 219/276/231 220/278/233
f 200/265/222 199/263/220 212/277/232 213/279/234
f 208/266/223 207/264/221 220/278/233 221/280/235
f 201/252/211 200/265/222 213/279/234 214/281/236
f 209/254/213 208/266/223 221/280/235 222/267/224
f 202/253/212 201/252/211 214/281/236 215/269/226
f 216/270/227 215/269/226 228/13/13 229/17/17
f 144/282/19 223/268/225 236/15/15
f 217/272/228 216/270/227 229/17/17 230/20/20
f 218/273/229 217/272/228 230/20/20 231/22/22
f 211/275/230 171/283/25 224/24/24
f 219/276/231 218/273/229 231/22/22 232/27/27
f 212/277/232 211/275/230 224/24/24 225/2/2
f 220/278/233 219/276/231 232/27/27 233/6/6
f 213/279/234 212/277/232 225/2/2 226/1/1
f 221/280/235 220/278/233 233/6/6 234/5/5
f 214/281/236 213/279/234 226/1/1 227/9/9
f 222/267/224 221/280/235 234/5/5 235/11/11
f 215/269/226 214/281/236 227/9/9 228/13/13
f 223/268/225 222/267/224 235/11/11 236/15/15
s 0
f 237/284/237 238/285/237 240/286/237 239/287/237
f 239/287/20 240/286/20 244/288/20 243/289/20
f 243/289/238 244/288/238 242/290/238 241/291/238
f 241/291/120 242/290/120 238/292/120 237/293/120
f 239/294/19 243/289/19 241/291/19 237/295/19
f 244/288/25 240/296/25 238/297/25 242/290/25
f 253/284/237 254/285/237 256/286/237 255/287/237
f 255/287/20 256/286/20 260/288/20 259/289/20
f 259/289/238 260/288/238 258/290/238 257/291/238
f 257/291/120 258/290/120 254/292/120 253/293/120
f 255/294/19 259/289/19 257/291/19 253/295/19
f 260/288/25 256/296/25 254/297/25 258/290/25
s 1
f 261/298/239 262/299/240 264/300/241 263/301/242
f 263/301/242 264/300/241 266/302/243 265/303/244
f 265/303/244 266/302/243 268/304/245 267/305/246
f 267/305/246 268/304/245 270/306/247 269/307/248
f 269/307/248 270/306/247 272/308/249 271/309/250
f 271/309/250 272/308/249 274/310/251 273/311/252
f 273/311/252 274/310/251 276/312/253 275/313/254
f 275/313/254 276/312/253 278/314/255 277/315/256
f 277/315/256 278/314/255 280/316/257 279/317/258
f 279/317/258 280/316/257 282/318/259 281/319/260
f 281/319/260 282/318/259 284/320/261 283/321/262
f 283/321/262 284/320/261 286/322/263 285/323/264
f 264/324/241 262/325/240 288/326/265 286/327/263 284/328/261 282/329/259 280/330/257 278/331/255 276/332/253 274/333/251 272/334/249 270/335/247 268/336/245 266/337/243
f 285/323/264 286/322/263 288/338/265 287/339/266
f 287/339/266 288/338/265 262/340/240 261/341/239
f 261/342/239 263/343/242 265/344/244 267/345/246 269/346/248 271/347/250 273/348/252 275/349/254 277/350/256 279/351/258 281/352/260 283/353/262 285/354/264 287/355/266
f 563/298/463 564/299/464 566/589/465 565/590/466
f 565/590/466 566/589/465 568/591/467 567/258/468
f 567/258/468 568/591/467 570/592/469 569/593/470
f 569/593/470 570/592/469 572/594/471 571/595/472
f 571/595/472 572/594/471 574/596/473 573/597/474
f 573/597/474 574/596/473 576/598/475 575/599/476
f 575/599/476 576/598/475 578/600/477 577/601/478
f 577/601/478 578/600/477 580/602/479 579/603/480
f 579/603/480 580/602/479 582/604/481 581/605/482
f 581/605/482 582/604/481 584/606/483 583/607/484
f 566/608/465 564/325/464 586/609/485 584/610/483 582/364/481 580/611/479 578/612/477 576/332/475 574/613/473 572/614/471 570/367/469 568/615/467
f 583/607/484 584/606/483 586/616/485 585/617/486
f 585/617/486 586/616/485 564/618/464 563/619/463
f 563/342/463 565/620/466 567/621/468 569/372/470 571/622/472 573/623/474 575/349/476 577/624/478 579/625/480 581/375/482 583/626/484 585/627/486
s 0
f 587/284/487 588/285/487 590/286/487 589/287/487
f 589/287/488 590/286/488 594/288/488 593/289/488
f 593/289/489 594/288/489 592/290/489 591/291/489
f 591/291/490 592/290/490 588/292/490 587/293/490
f 589/294/491 593/289/491 591/291/491 587/295/491
f 594/288/492 590/296/492 588/297/492 592/290/492
s 1
f 797/298/493 798/299/494 800/589/495 799/590/496
f 799/590/496 800/589/495 802/591/497 801/258/498
f 801/258/498 802/591/497 804/592/499 803/593/500
f 803/593/500 804/592/499 806/594/501 805/595/502
f 805/595/502 806/594/501 808/596/503 807/597/504
f 807/597/504 808/596/503 810/598/505 809/599/506
f 809/599/506 810/598/505 812/600/507 811/601/508
f 811/601/508 812/600/507 814/602/509 813/603/510
f 813/603/510 814/602/509 816/604/511 815/605/512
f 815/605/512 816/604/511 818/606/513 817/607/514
f 800/608/495 798/325/494 820/609/515 818/610/513 816/364/511 814/611/509 812/612/507 810/332/505 808/613/503 806/614/501 804/367/499 802/615/497
f 817/607/514 818/606/513 820/616/515 819/617/516
f 819/617/516 820/616/515 798/618/494 797/619/493
f 797/342/493 799/620/496 801/621/498 803/372/500 805/622/502 807/623/504 809/349/506 811/624/508 813/625/510 815/375/512 817/626/514 819/627/516
s 0
f 821/284/517 822/285/517 824/286/517 823/287/517
f 823/287/518 824/286/518 828/288/518 827/289/518
f 827/289/519 828/288/519 826/290/519 825/291/519
f 825/291/520 826/290/520 822/292/520 821/293/520
f 823/294/521 827/289/521 825/291/521 821/295/521
f 828/288/522 824/296/522 822/297/522 826/290/522
usemtl Mat_HumanHairHeavy
f 245/284/237 246/285/237 248/286/237 247/287/237
f 247/287/20 248/286/20 252/288/20 251/289/20
f 251/289/238 252/288/238 250/290/238 249/291/238
f 249/291/120 250/290/120 246/292/120 245/293/120
f 247/294/19 251/289/19 249/291/19 245/295/19
f 252/288/25 248/296/25 246/297/25 250/290/25
usemtl Mat_WorkerShirt
f 289/284/237 290/285/237 292/286/237 291/287/237
f 291/287/267 292/286/267 296/288/267 295/289/267
f 295/289/238 296/288/238 294/290/238 293/291/238
f 293/291/268 294/290/268 290/292/268 289/293/268
f 291/294/269 295/289/269 293/291/269 289/295/269
f 296/288/270 292/296/270 290/297/270 294/290/270
s 1
f 539/298/463 540/299/464 542/589/465 541/590/466
f 541/590/466 542/589/465 544/591/467 543/258/468
f 543/258/468 544/591/467 546/592/469 545/593/470
f 545/593/470 546/592/469 548/594/471 547/595/472
f 547/595/472 548/594/471 550/596/473 549/597/474
f 549/597/474 550/596/473 552/598/475 551/599/476
f 551/599/476 552/598/475 554/600/477 553/601/478
f 553/601/478 554/600/477 556/602/479 555/603/480
f 555/603/480 556/602/479 558/604/481 557/605/482
f 557/605/482 558/604/481 560/606/483 559/607/484
f 542/608/465 540/325/464 562/609/485 560/610/483 558/364/481 556/611/479 554/612/477 552/332/475 550/613/473 548/614/471 546/367/469 544/615/467
f 559/607/484 560/606/483 562/616/485 561/617/486
f 561/617/486 562/616/485 540/618/464 539/619/463
f 539/342/463 541/620/466 543/621/468 545/372/470 547/622/472 549/623/474 551/349/476 553/624/478 555/625/480 557/375/482 559/626/484 561/627/486
f 773/298/493 774/299/494 776/589/495 775/590/496
f 775/590/496 776/589/495 778/591/497 777/258/498
f 777/258/498 778/591/497 780/592/499 779/593/500
f 779/593/500 780/592/499 782/594/501 781/595/502
f 781/595/502 782/594/501 784/596/503 783/597/504
f 783/597/504 784/596/503 786/598/505 785/599/506
f 785/599/506 786/598/505 788/600/507 787/601/508
f 787/601/508 788/600/507 790/602/509 789/603/510
f 789/603/510 790/602/509 792/604/511 791/605/512
f 791/605/512 792/604/511 794/606/513 793/607/514
f 776/608/495 774/325/494 796/609/515 794/610/513 792/364/511 790/611/509 788/612/507 786/332/505 784/613/503 782/614/501 780/367/499 778/615/497
f 793/607/514 794/606/513 796/616/515 795/617/516
f 795/617/516 796/616/515 774/618/494 773/619/493
f 773/342/493 775/620/496 777/621/498 779/372/500 781/622/502 783/623/504 785/349/506 787/624/508 789/625/510 791/375/512 793/626/514 795/627/516
s 0
usemtl Mat_SafetyVest
f 297/284/237 298/285/237 300/286/237 299/287/237
f 299/287/267 300/286/267 304/288/267 303/289/267
f 303/289/238 304/288/238 302/290/238 301/291/238
f 301/291/268 302/290/268 298/292/268 297/293/268
f 299/294/269 303/289/269 301/291/269 297/295/269
f 304/288/270 300/296/270 298/297/270 302/290/270
f 345/284/237 346/285/237 348/286/237 347/287/237
f 347/287/287 348/286/287 352/288/287 351/289/287
f 351/289/238 352/288/238 350/290/238 349/291/238
f 349/291/288 350/290/288 346/292/288 345/293/288
f 347/294/289 351/289/289 349/291/289 345/295/289
f 352/288/290 348/296/290 346/297/290 350/290/290
s 1
f 470/377/269 369/378/291 380/379/292
f 362/380/293 361/381/294 370/382/295 371/383/296
f 538/384/297 367/385/298 377/386/299 378/387/300
f 365/357/267 364/388/301 374/389/302 375/390/303
f 537/391/304 362/380/293 371/383/296 372/392/305
f 368/393/306 538/384/297 378/387/300 379/394/307
f 366/395/308 365/357/267 375/390/303 376/396/309
f 363/397/310 537/391/304 372/392/305 373/398/311
f 369/378/291 368/393/306 379/394/307 380/379/292
f 361/381/294 381/399/270 370/382/295
f 367/385/298 366/395/308 376/396/309 377/386/299
f 364/388/301 363/397/310 373/398/311 374/389/302
f 376/396/309 375/390/303 387/288/312 388/400/313
f 373/398/311 372/392/305 384/290/314 385/401/315
f 380/379/292 379/394/307 391/402/316 392/403/317
f 370/382/295 381/404/270 382/405/318
f 377/386/299 376/396/309 388/400/313 389/406/319
f 374/389/302 373/398/311 385/401/315 386/407/320
f 470/408/269 380/379/292 392/403/317
f 371/383/296 370/382/295 382/405/318 383/409/321
f 378/387/300 377/386/299 389/406/319 390/286/322
f 375/390/303 374/389/302 386/407/320 387/288/312
f 372/392/305 371/383/296 383/409/321 384/290/314
f 379/394/307 378/387/300 390/286/322 391/402/316
f 390/286/322 389/406/319 400/410/323 401/411/324
f 387/288/312 386/407/320 397/412/325 398/413/326
f 384/290/314 383/409/321 394/414/327 395/415/328
f 391/402/316 390/286/322 401/411/324 402/416/329
f 388/400/313 387/288/312 398/413/326 399/417/330
f 385/401/315 384/290/314 395/415/328 396/418/331
f 392/403/317 391/402/316 402/416/329 403/419/332
f 382/405/318 381/420/270 393/421/333
f 389/406/319 388/400/313 399/417/330 400/410/323
f 386/407/320 385/401/315 396/418/331 397/412/325
f 470/422/269 392/403/317 403/419/332
f 383/409/321 382/405/318 393/421/333 394/414/327
f 393/421/333 381/423/270 404/424/334
f 400/410/323 399/417/330 410/425/335 411/426/336
f 397/412/325 396/418/331 407/427/337 408/428/338
f 470/429/269 403/419/332 414/430/339
f 394/414/327 393/421/333 404/424/334 405/431/340
f 401/411/324 400/410/323 411/426/336 412/432/341
f 398/413/326 397/412/325 408/428/338 409/359/238
f 395/415/328 394/414/327 405/431/340 406/433/342
f 402/416/329 401/411/324 412/432/341 413/434/343
f 399/417/330 398/413/326 409/359/238 410/425/335
f 396/418/331 395/415/328 406/433/342 407/427/337
f 403/419/332 402/416/329 413/434/343 414/430/339
f 413/434/343 412/432/341 423/435/344 424/436/345
f 410/425/335 409/359/238 420/437/346 421/438/347
f 407/427/337 406/433/342 417/439/348 418/440/349
f 414/430/339 413/434/343 424/436/345 425/441/350
f 404/424/334 381/442/270 415/443/351
f 411/426/336 410/425/335 421/438/347 422/444/352
f 408/428/338 407/427/337 418/440/349 419/445/353
f 470/446/269 414/430/339 425/441/350
f 405/431/340 404/424/334 415/443/351 416/447/354
f 412/432/341 411/426/336 422/444/352 423/435/344
f 409/359/238 408/428/338 419/445/353 420/437/346
f 406/433/342 405/431/340 416/447/354 417/439/348
f 416/447/354 415/443/351 426/448/355 427/449/356
f 423/435/344 422/444/352 433/450/357 434/451/358
f 420/437/346 419/445/353 430/452/359 431/453/360
f 417/439/348 416/447/354 427/449/356 428/454/361
f 424/436/345 423/435/344 434/451/358 435/455/362
f 421/438/347 420/437/346 431/453/360 432/456/363
f 418/440/349 417/439/348 428/454/361 429/457/364
f 425/441/350 424/436/345 435/455/362 436/458/365
f 415/443/351 381/459/270 426/448/355
f 422/444/352 421/438/347 432/456/363 433/450/357
f 419/445/353 418/440/349 429/457/364 430/452/359
f 470/460/269 425/441/350 436/458/365
f 436/458/365 435/455/362 446/461/366 447/462/367
f 426/448/355 381/463/270 437/464/368
f 433/450/357 432/456/363 443/465/369 444/466/370
f 430/452/359 429/457/364 440/467/371 441/468/372
f 470/469/269 436/458/365 447/462/367
f 427/449/356 426/448/355 437/464/368 438/470/373
f 434/451/358 433/450/357 444/466/370 445/471/374
f 431/453/360 430/452/359 441/468/372 442/472/375
f 428/454/361 427/449/356 438/470/373 439/473/376
f 435/455/362 434/451/358 445/471/374 446/461/366
f 432/456/363 431/453/360 442/472/375 443/465/369
f 429/457/364 428/454/361 439/473/376 440/467/371
f 439/473/376 438/470/373 449/474/377 450/475/378
f 446/461/366 445/471/374 456/476/379 457/477/380
f 443/465/369 442/472/375 453/478/268 454/479/381
f 440/467/371 439/473/376 450/475/378 451/480/382
f 447/462/367 446/461/366 457/477/380 458/481/383
f 437/464/368 381/482/270 448/483/384
f 444/466/370 443/465/369 454/479/381 455/484/385
f 441/468/372 440/467/371 451/480/382 452/485/386
f 470/486/269 447/462/367 458/481/383
f 438/470/373 437/464/368 448/483/384 449/474/377
f 445/471/374 444/466/370 455/484/385 456/476/379
f 442/472/375 441/468/372 452/485/386 453/478/268
f 470/487/269 458/481/383 469/488/387
f 449/474/377 448/483/384 459/489/388 460/490/389
f 456/476/379 455/484/385 466/491/390 467/492/391
f 453/478/268 452/485/386 463/493/392 464/494/393
f 450/475/378 449/474/377 460/490/389 461/495/394
f 457/477/380 456/476/379 467/492/391 468/496/395
f 454/479/381 453/478/268 464/494/393 465/497/396
f 451/480/382 450/475/378 461/495/394 462/498/397
f 458/481/383 457/477/380 468/496/395 469/488/387
f 448/483/384 381/499/270 459/489/388
f 455/484/385 454/479/381 465/497/396 466/491/390
f 452/485/386 451/480/382 462/498/397 463/493/392
f 462/498/397 461/495/394 473/500/398 474/501/399
f 469/488/387 468/496/395 480/502/400 481/503/401
f 459/489/388 381/504/270 471/505/402
f 466/491/390 465/497/396 477/506/403 478/507/404
f 463/493/392 462/498/397 474/501/399 475/508/405
f 470/509/269 469/488/387 481/503/401
f 460/490/389 459/489/388 471/505/402 472/510/406
f 467/492/391 466/491/390 478/507/404 479/511/407
f 464/494/393 463/493/392 475/508/405 476/512/408
f 461/495/394 460/490/389 472/510/406 473/500/398
f 468/496/395 467/492/391 479/511/407 480/502/400
f 465/497/396 464/494/393 476/512/408 477/506/403
f 473/500/398 472/510/406 483/513/409 484/514/410
f 480/502/400 479/511/407 490/515/411 491/516/412
f 477/506/403 476/512/408 487/517/413 488/518/414
f 474/501/399 473/500/398 484/514/410 485/519/415
f 481/503/401 480/502/400 491/516/412 492/520/416
f 471/505/402 381/521/270 482/522/417
f 478/507/404 477/506/403 488/518/414 489/523/418
f 475/508/405 474/501/399 485/519/415 486/524/419
f 470/525/269 481/503/401 492/520/416
f 472/510/406 471/505/402 482/522/417 483/513/409
f 479/511/407 478/507/404 489/523/418 490/515/411
f 476/512/408 475/508/405 486/524/419 487/517/413
f 486/524/419 485/519/415 496/526/420 497/527/421
f 470/528/269 492/520/416 503/529/422
f 483/513/409 482/522/417 493/530/423 494/531/424
f 490/515/411 489/523/418 500/532/425 501/533/426
f 487/517/413 486/524/419 497/527/421 498/370/237
f 484/514/410 483/513/409 494/531/424 495/534/427
f 491/516/412 490/515/411 501/533/426 502/535/428
f 488/518/414 487/517/413 498/370/237 499/536/429
f 485/519/415 484/514/410 495/534/427 496/526/420
f 492/520/416 491/516/412 502/535/428 503/529/422
f 482/522/417 381/537/270 493/530/423
f 489/523/418 488/518/414 499/536/429 500/532/425
f 496/538/420 495/539/427 506/540/430 507/541/431
f 503/542/422 502/543/428 513/544/432 514/545/433
f 493/546/423 381/547/270 504/548/434
f 500/549/425 499/550/429 510/551/435 511/552/436
f 497/553/421 496/538/420 507/541/431 508/554/437
f 470/555/269 503/542/422 514/545/433
f 494/556/424 493/546/423 504/548/434 505/557/438
f 501/558/426 500/549/425 511/552/436 512/559/439
f 498/298/237 497/553/421 508/554/437 509/560/440
f 495/539/427 494/556/424 505/557/438 506/540/430
f 502/543/428 501/558/426 512/559/439 513/544/432
f 499/550/429 498/298/237 509/560/440 510/551/435
f 509/560/440 508/554/437 519/561/441 520/562/442
f 506/540/430 505/557/438 516/563/443 517/564/444
f 513/544/432 512/559/439 523/565/445 524/566/446
f 510/551/435 509/560/440 520/562/442 521/567/447
f 507/541/431 506/540/430 517/564/444 518/568/448
f 514/545/433 513/544/432 524/566/446 525/569/449
f 504/548/434 381/570/270 515/571/450
f 511/552/436 510/551/435 521/567/447 522/572/451
f 508/554/437 507/541/431 518/568/448 519/561/441
f 470/573/269 514/545/433 525/569/449
f 505/557/438 504/548/434 515/571/450 516/563/443
f 512/559/439 511/552/436 522/572/451 523/565/445
f 519/561/441 518/568/448 529/574/452 530/575/453
f 470/576/269 525/569/449 536/577/454
f 516/563/443 515/571/450 526/578/455 527/579/456
f 523/565/445 522/572/451 533/580/457 534/581/458
f 520/562/442 519/561/441 530/575/453 531/582/459
f 517/564/444 516/563/443 527/579/456 528/583/460
f 524/566/446 523/565/445 534/581/458 535/584/461
f 521/567/447 520/562/442 531/582/459 532/585/462
f 518/568/448 517/564/444 528/583/460 529/574/452
f 525/569/449 524/566/446 535/584/461 536/577/454
f 515/571/450 381/586/270 526/578/455
f 522/572/451 521/567/447 532/585/462 533/580/457
f 532/585/462 531/582/459 365/357/267 366/395/308
f 529/574/452 528/583/460 537/391/304 363/397/310
f 536/577/454 535/584/461 368/393/306 369/378/291
f 526/578/455 381/587/270 361/381/294
f 533/580/457 532/585/462 366/395/308 367/385/298
f 530/575/453 529/574/452 363/397/310 364/388/301
f 470/588/269 536/577/454 369/378/291
f 527/579/456 526/578/455 361/381/294 362/380/293
f 534/581/458 533/580/457 367/385/298 538/384/297
f 531/582/459 530/575/453 364/388/301 365/357/267
f 528/583/460 527/579/456 362/380/293 537/391/304
f 535/584/461 534/581/458 538/384/297 368/393/306
f 603/378/291 602/393/306 613/394/307 614/379/292
f 595/381/294 615/399/270 604/382/295
f 601/385/298 600/395/308 610/396/309 611/386/299
f 598/388/301 597/397/310 607/398/311 608/389/302
f 704/377/269 603/378/291 614/379/292
f 596/380/293 595/381/294 604/382/295 605/383/296
f 772/384/297 601/385/298 611/386/299 612/387/300
f 599/357/267 598/388/301 608/389/302 609/390/303
f 771/391/304 596/380/293 605/383/296 606/392/305
f 602/393/306 772/384/297 612/387/300 613/394/307
f 600/395/308 599/357/267 609/390/303 610/396/309
f 597/397/310 771/391/304 606/392/305 607/398/311
f 609/390/303 608/389/302 620/407/320 621/288/312
f 606/392/305 605/383/296 617/409/321 618/290/314
f 613/394/307 612/387/300 624/286/322 625/402/316
f 610/396/309 609/390/303 621/288/312 622/400/313
f 607/398/311 606/392/305 618/290/314 619/401/315
f 614/379/292 613/394/307 625/402/316 626/403/317
f 604/382/295 615/404/270 616/405/318
f 611/386/299 610/396/309 622/400/313 623/406/319
f 608/389/302 607/398/311 619/401/315 620/407/320
f 704/408/269 614/379/292 626/403/317
f 605/383/296 604/382/295 616/405/318 617/409/321
f 612/387/300 611/386/299 623/406/319 624/286/322
f 623/406/319 622/400/313 633/417/330 634/410/323
f 620/407/320 619/401/315 630/418/331 631/412/325
f 704/422/269 626/403/317 637/419/332
f 617/409/321 616/405/318 627/421/333 628/414/327
f 624/286/322 623/406/319 634/410/323 635/411/324
f 621/288/312 620/407/320 631/412/325 632/413/326
f 618/290/314 617/409/321 628/414/327 629/415/328
f 625/402/316 624/286/322 635/411/324 636/416/329
f 622/400/313 621/288/312 632/413/326 633/417/330
f 619/401/315 618/290/314 629/415/328 630/418/331
f 626/403/317 625/402/316 636/416/329 637/419/332
f 616/405/318 615/420/270 627/421/333
f 633/417/330 632/413/326 643/359/238 644/425/335
f 630/418/331 629/415/328 640/433/342 641/427/337
f 637/419/332 636/416/329 647/434/343 648/430/339
f 627/421/333 615/423/270 638/424/334
f 634/410/323 633/417/330 644/425/335 645/426/336
f 631/412/325 630/418/331 641/427/337 642/428/338
f 704/429/269 637/419/332 648/430/339
f 628/414/327 627/421/333 638/424/334 639/431/340
f 635/411/324 634/410/323 645/426/336 646/432/341
f 632/413/326 631/412/325 642/428/338 643/359/238
f 629/415/328 628/414/327 639/431/340 640/433/342
f 636/416/329 635/411/324 646/432/341 647/434/343
f 646/432/341 645/426/336 656/444/352 657/435/344
f 643/359/238 642/428/338 653/445/353 654/437/346
f 640/433/342 639/431/340 650/447/354 651/439/348
f 647/434/343 646/432/341 657/435/344 658/436/345
f 644/425/335 643/359/238 654/437/346 655/438/347
f 641/427/337 640/433/342 651/439/348 652/440/349
f 648/430/339 647/434/343 658/436/345 659/441/350
f 638/424/334 615/442/270 649/443/351
f 645/426/336 644/425/335 655/438/347 656/444/352
f 642/428/338 641/427/337 652/440/349 653/445/353
f 704/446/269 648/430/339 659/441/350
f 639/431/340 638/424/334 649/443/351 650/447/354
f 649/443/351 615/459/270 660/448/355
f 656/444/352 655/438/347 666/456/363 667/450/357
f 653/445/353 652/440/349 663/457/364 664/452/359
f 704/460/269 659/441/350 670/458/365
f 650/447/354 649/443/351 660/448/355 661/449/356
f 657/435/344 656/444/352 667/450/357 668/451/358
f 654/437/346 653/445/353 664/452/359 665/453/360
f 651/439/348 650/447/354 661/449/356 662/454/361
f 658/436/345 657/435/344 668/451/358 669/455/362
f 655/438/347 654/437/346 665/453/360 666/456/363
f 652/440/349 651/439/348 662/454/361 663/457/364
f 659/441/350 658/436/345 669/455/362 670/458/365
f 669/455/362 668/451/358 679/471/374 680/461/366
f 666/456/363 665/453/360 676/472/375 677/465/369
f 663/457/364 662/454/361 673/473/376 674/467/371
f 670/458/365 669/455/362 680/461/366 681/462/367
f 660/448/355 615/463/270 671/464/368
f 667/450/357 666/456/363 677/465/369 678/466/370
f 664/452/359 663/457/364 674/467/371 675/468/372
f 704/469/269 670/458/365 681/462/367
f 661/449/356 660/448/355 671/464/368 672/470/373
f 668/451/358 667/450/357 678/466/370 679/471/374
f 665/453/360 664/452/359 675/468/372 676/472/375
f 662/454/361 661/449/356 672/470/373 673/473/376
f 672/470/373 671/464/368 682/483/384 683/474/377
f 679/471/374 678/466/370 689/484/385 690/476/379
f 676/472/375 675/468/372 686/485/386 687/478/268
f 673/473/376 672/470/373 683/474/377 684/475/378
f 680/461/366 679/471/374 690/476/379 691/477/380
f 677/465/369 676/472/375 687/478/268 688/479/381
f 674/467/371 673/473/376 684/475/378 685/480/382
f 681/462/367 680/461/366 691/477/380 692/481/383
f 671/464/368 615/482/270 682/483/384
f 678/466/370 677/465/369 688/479/381 689/484/385
f 675/468/372 674/467/371 685/480/382 686/485/386
f 704/486/269 681/462/367 692/481/383
f 692/481/383 691/477/380 702/496/395 703/488/387
f 682/483/384 615/499/270 693/489/388
f 689/484/385 688/479/381 699/497/396 700/491/390
f 686/485/386 685/480/382 696/498/397 697/493/392
f 704/487/269 692/481/383 703/488/387
f 683/474/377 682/483/384 693/489/388 694/490/389
f 690/476/379 689/484/385 700/491/390 701/492/391
f 687/478/268 686/485/386 697/493/392 698/494/393
f 684/475/378 683/474/377 694/490/389 695/495/394
f 691/477/380 690/476/379 701/492/391 702/496/395
f 688/479/381 687/478/268 698/494/393 699/497/396
f 685/480/382 684/475/378 695/495/394 696/498/397
f 695/495/394 694/490/389 706/510/406 707/500/398
f 702/496/395 701/492/391 713/511/407 714/502/400
f 699/497/396 698/494/393 710/512/408 711/506/403
f 696/498/397 695/495/394 707/500/398 708/501/399
f 703/488/387 702/496/395 714/502/400 715/503/401
f 693/489/388 615/504/270 705/505/402
f 700/491/390 699/497/396 711/506/403 712/507/404
f 697/493/392 696/498/397 708/501/399 709/508/405
f 704/509/269 703/488/387 715/503/401
f 694/490/389 693/489/388 705/505/402 706/510/406
f 701/492/391 700/491/390 712/507/404 713/511/407
f 698/494/393 697/493/392 709/508/405 710/512/408
f 704/525/269 715/503/401 726/520/416
f 706/510/406 705/505/402 716/522/417 717/513/409
f 713/511/407 712/507/404 723/523/418 724/515/411
f 710/512/408 709/508/405 720/524/419 721/517/413
f 707/500/398 706/510/406 717/513/409 718/514/410
f 714/502/400 713/511/407 724/515/411 725/516/412
f 711/506/403 710/512/408 721/517/413 722/518/414
f 708/501/399 707/500/398 718/514/410 719/519/415
f 715/503/401 714/502/400 725/516/412 726/520/416
f 705/505/402 615/521/270 716/522/417
f 712/507/404 711/506/403 722/518/414 723/523/418
f 709/508/405 708/501/399 719/519/415 720/524/419
f 719/519/415 718/514/410 729/534/427 730/526/420
f 726/520/416 725/516/412 736/535/428 737/529/422
f 716/522/417 615/537/270 727/530/423
f 723/523/418 722/518/414 733/536/429 734/532/425
f 720/524/419 719/519/415 730/526/420 731/527/421
f 704/528/269 726/520/416 737/529/422
f 717/513/409 716/522/417 727/530/423 728/531/424
f 724/515/411 723/523/418 734/532/425 735/533/426
f 721/517/413 720/524/419 731/527/421 732/370/237
f 718/514/410 717/513/409 728/531/424 729/534/427
f 725/516/412 724/515/411 735/533/426 736/535/428
f 722/518/414 721/517/413 732/370/237 733/536/429
f 729/539/427 728/556/424 739/557/438 740/540/430
f 736/543/428 735/558/426 746/559/439 747/544/432
f 733/550/429 732/298/237 743/560/440 744/551/435
f 730/538/420 729/539/427 740/540/430 741/541/431
f 737/542/422 736/543/428 747/544/432 748/545/433
f 727/546/423 615/547/270 738/548/434
f 734/549/425 733/550/429 744/551/435 745/552/436
f 731/553/421 730/538/420 741/541/431 742/554/437
f 704/555/269 737/542/422 748/545/433
f 728/556/424 727/546/423 738/548/434 739/557/438
f 735/558/426 734/549/425 745/552/436 746/559/439
f 732/298/237 731/553/421 742/554/437 743/560/440
f 742/554/437 741/541/431 752/568/448 753/561/441
f 704/573/269 748/545/433 759/569/449
f 739/557/438 738/548/434 749/571/450 750/563/443
f 746/559/439 745/552/436 756/572/451 757/565/445
f 743/560/440 742/554/437 753/561/441 754/562/442
f 740/540/430 739/557/438 750/563/443 751/564/444
f 747/544/432 746/559/439 757/565/445 758/566/446
f 744/551/435 743/560/440 754/562/442 755/567/447
f 741/541/431 740/540/430 751/564/444 752/568/448
f 748/545/433 747/544/432 758/566/446 759/569/449
f 738/548/434 615/570/270 749/571/450
f 745/552/436 744/551/435 755/567/447 756/572/451
f 752/568/448 751/564/444 762/583/460 763/574/452
f 759/569/449 758/566/446 769/584/461 770/577/454
f 749/571/450 615/586/270 760/578/455
f 756/572/451 755/567/447 766/585/462 767/580/457
f 753/561/441 752/568/448 763/574/452 764/575/453
f 704/576/269 759/569/449 770/577/454
f 750/563/443 749/571/450 760/578/455 761/579/456
f 757/565/445 756/572/451 767/580/457 768/581/458
f 754/562/442 753/561/441 764/575/453 765/582/459
f 751/564/444 750/563/443 761/579/456 762/583/460
f 758/566/446 757/565/445 768/581/458 769/584/461
f 755/567/447 754/562/442 765/582/459 766/585/462
f 765/582/459 764/575/453 598/388/301 599/357/267
f 762/583/460 761/579/456 596/380/293 771/391/304
f 769/584/461 768/581/458 772/384/297 602/393/306
f 766/585/462 765/582/459 599/357/267 600/395/308
f 763/574/452 762/583/460 771/391/304 597/397/310
f 770/577/454 769/584/461 602/393/306 603/378/291
f 760/578/455 615/587/270 595/381/294
f 767/580/457 766/585/462 600/395/308 601/385/298
f 764/575/453 763/574/452 597/397/310 598/388/301
f 704/588/269 770/577/454 603/378/291
f 761/579/456 760/578/455 595/381/294 596/380/293
f 768/581/458 767/580/457 601/385/298 772/384/297
s 0
usemtl Mat_ReflectiveStripe
f 305/284/237 306/285/237 308/286/237 307/287/237
f 307/287/267 308/286/267 312/288/267 311/289/267
f 311/289/238 312/288/238 310/290/238 309/291/238
f 309/291/268 310/290/268 306/292/268 305/293/268
f 307/294/269 311/289/269 309/291/269 305/295/269
f 312/288/270 308/296/270 306/297/270 310/290/270
f 313/284/237 314/285/237 316/286/237 315/287/237
f 315/287/267 316/286/267 320/288/267 319/289/267
f 319/289/238 320/288/238 318/290/238 317/291/238
f 317/291/268 318/290/268 314/292/268 313/293/268
f 315/294/269 319/289/269 317/291/269 313/295/269
f 320/288/270 316/296/270 314/297/270 318/290/270
s 1
usemtl Mat_Rebar
f 321/298/271 322/299/272 324/356/273 323/296/274
f 323/296/274 324/356/273 326/283/275 325/357/276
f 325/357/276 326/283/275 328/292/277 327/288/278
f 327/288/278 328/292/277 330/358/279 329/359/280
f 329/359/280 330/358/279 332/293/281 331/289/282
f 331/289/282 332/293/281 334/360/283 333/361/284
f 324/362/273 322/325/272 336/363/285 334/364/283 332/365/281 330/332/279 328/366/277 326/367/275
f 333/361/284 334/360/283 336/368/285 335/294/286
f 335/294/286 336/368/285 322/369/272 321/370/271
f 321/342/271 323/371/274 325/372/276 327/373/278 329/349/280 331/374/282 333/375/284 335/376/286
s 0
usemtl Mat_BloodHeavy
f 337/284/237 338/285/237 340/286/237 339/287/237
f 339/287/267 340/286/267 344/288/267 343/289/267
f 343/289/238 344/288/238 342/290/238 341/291/238
f 341/291/268 342/290/268 338/292/268 337/293/268
f 339/294/269 343/289/269 341/291/269 337/295/269
f 344/288/270 340/296/270 338/297/270 342/290/270
usemtl Mat_CanvasWorkPants
f 353/284/237 354/285/237 356/286/237 355/287/237
f 355/287/287 356/286/287 360/288/287 359/289/287
f 359/289/238 360/288/238 358/290/238 357/291/238
f 357/291/288 358/290/288 354/292/288 353/293/288
f 355/294/289 359/289/289 357/291/289 353/295/289
f 360/288/290 356/296/290 354/297/290 358/290/290
s 1
f 829/298/523 830/299/524 832/589/525 831/590/526
f 831/590/526 832/589/525 834/591/527 833/258/528
f 833/258/528 834/591/527 836/592/529 835/593/530
f 835/593/530 836/592/529 838/594/531 837/595/532
f 837/595/532 838/594/531 840/596/533 839/597/534
f 839/597/534 840/596/533 842/598/535 841/599/536
f 841/599/536 842/598/535 844/600/537 843/601/538
f 843/601/538 844/600/537 846/602/539 845/603/540
f 845/603/540 846/602/539 848/604/541 847/605/542
f 847/605/542 848/604/541 850/606/543 849/607/544
f 832/608/525 830/325/524 852/609/545 850/610/543 848/364/541 846/611/539 844/612/537 842/332/535 840/613/533 838/614/531 836/367/529 834/615/527
f 849/607/544 850/606/543 852/616/545 851/617/546
f 851/617/546 852/616/545 830/618/524 829/619/523
f 829/342/523 831/620/526 833/621/528 835/372/530 837/622/532 839/623/534 841/349/536 843/624/538 845/625/540 847/375/542 849/626/544 851/627/546
f 853/298/523 854/299/524 856/589/525 855/590/526
f 855/590/526 856/589/525 858/591/527 857/258/528
f 857/258/528 858/591/527 860/592/529 859/593/530
f 859/593/530 860/592/529 862/594/531 861/595/532
f 861/595/532 862/594/531 864/596/533 863/597/534
f 863/597/534 864/596/533 866/598/535 865/599/536
f 865/599/536 866/598/535 868/600/537 867/601/538
f 867/601/538 868/600/537 870/602/539 869/603/540
f 869/603/540 870/602/539 872/604/541 871/605/542
f 871/605/542 872/604/541 874/606/543 873/607/544
f 856/608/525 854/325/524 876/609/545 874/610/543 872/364/541 870/611/539 868/612/537 866/332/535 864/613/533 862/614/531 860/367/529 858/615/527
f 873/607/544 874/606/543 876/616/545 875/617/546
f 875/617/546 876/616/545 854/618/524 853/619/523
f 853/342/523 855/620/526 857/621/528 859/372/530 861/622/532 863/623/534 865/349/536 867/624/538 869/625/540 871/375/542 873/626/544 875/627/546
f 893/298/553 894/299/554 896/589/555 895/590/556
f 895/590/556 896/589/555 898/591/557 897/258/558
f 897/258/558 898/591/557 900/592/559 899/593/560
f 899/593/560 900/592/559 902/594/561 901/595/562
f 901/595/562 902/594/561 904/596/563 903/597/564
f 903/597/564 904/596/563 906/598/565 905/599/566
f 905/599/566 906/598/565 908/600/567 907/601/568
f 907/601/568 908/600/567 910/602/569 909/603/570
f 909/603/570 910/602/569 912/604/571 911/605/572
f 911/605/572 912/604/571 914/606/573 913/607/574
f 896/608/555 894/325/554 916/609/575 914/610/573 912/364/571 910/611/569 908/612/567 906/332/565 904/613/563 902/614/561 900/367/559 898/615/557
f 913/607/574 914/606/573 916/616/575 915/617/576
f 915/617/576 916/616/575 894/618/554 893/619/553
f 893/342/553 895/620/556 897/621/558 899/372/560 901/622/562 903/623/564 905/349/566 907/624/568 909/625/570 911/375/572 913/626/574 915/627/576
f 917/298/553 918/299/554 920/589/555 919/590/556
f 919/590/556 920/589/555 922/591/557 921/258/558
f 921/258/558 922/591/557 924/592/559 923/593/560
f 923/593/560 924/592/559 926/594/561 925/595/562
f 925/595/562 926/594/561 928/596/563 927/597/564
f 927/597/564 928/596/563 930/598/565 929/599/566
f 929/599/566 930/598/565 932/600/567 931/601/568
f 931/601/568 932/600/567 934/602/569 933/603/570
f 933/603/570 934/602/569 936/604/571 935/605/572
f 935/605/572 936/604/571 938/606/573 937/607/574
f 920/608/555 918/325/554 940/609/575 938/610/573 936/364/571 934/611/569 932/612/567 930/332/565 928/613/563 926/614/561 924/367/559 922/615/557
f 937/607/574 938/606/573 940/616/575 939/617/576
f 939/617/576 940/616/575 918/618/554 917/619/553
f 917/342/553 919/620/556 921/621/558 923/372/560 925/622/562 927/623/564 929/349/566 931/624/568 933/625/570 935/375/572 937/626/574 939/627/576
s 0
usemtl Mat_WorkBoots
f 877/284/547 878/285/547 880/286/547 879/287/547
f 879/287/548 880/286/548 884/288/548 883/289/548
f 883/289/549 884/288/549 882/290/549 881/291/549
f 881/291/550 882/290/550 878/292/550 877/293/550
f 879/294/551 883/289/551 881/291/551 877/295/551
f 884/288/552 880/296/552 878/297/552 882/290/552
f 885/284/547 886/285/547 888/286/547 887/287/547
f 887/287/548 888/286/548 892/288/548 891/289/548
f 891/289/549 892/288/549 890/290/549 889/291/549
f 889/291/550 890/290/550 886/292/550 885/293/550
f 887/294/551 891/289/551 889/291/551 885/295/551
f 892/288/552 888/296/552 886/297/552 890/290/552
f 941/284/577 942/285/577 944/286/577 943/287/577
f 943/287/578 944/286/578 948/288/578 947/289/578
f 947/289/579 948/288/579 946/290/579 945/291/579
f 945/291/580 946/290/580 942/292/580 941/293/580
f 943/294/581 947/289/581 945/291/581 941/295/581
f 948/288/582 944/296/582 942/297/582 946/290/582
f 949/284/577 950/285/577 952/286/577 951/287/577
f 951/287/578 952/286/578 956/288/578 955/289/578
f 955/289/579 956/288/579 954/290/579 953/291/579
f 953/291/580 954/290/580 950/292/580 949/293/580
f 951/294/581 955/289/581 953/291/581 949/295/581
f 956/288/582 952/296/582 950/297/582 954/290/582
