# Blender 4.0.2
# www.blender.org
mtllib zombie_fast.mtl
o FastZombieMesh
v 0.007611 0.452785 -1.261276
v 0.014840 0.443825 -1.280484
v 0.021325 0.430526 -1.297292
v 0.026740 0.413553 -1.310858
v 0.030815 0.393759 -1.320502
v 0.033344 0.372135 -1.325741
v 0.034202 0.349765 -1.326311
v 0.033344 0.327773 -1.322184
v 0.030815 0.307259 -1.313567
v 0.026740 0.289254 -1.300893
v 0.021325 0.274660 -1.284796
v 0.014840 0.264208 -1.266083
v 0.007611 0.258423 -1.245694
v 0.014303 0.453094 -1.257425
v 0.027890 0.444427 -1.272973
v 0.040077 0.431391 -1.286500
v 0.050255 0.414638 -1.297325
v 0.057913 0.395009 -1.304907
v 0.062667 0.373488 -1.308865
v 0.064279 0.351153 -1.309002
v 0.062667 0.329126 -1.305309
v 0.057913 0.308510 -1.297972
v 0.050255 0.290339 -1.287360
v 0.040077 0.275525 -1.274004
v 0.027890 0.264810 -1.258573
v 0.014303 0.258732 -1.241843
v 0.019271 0.453567 -1.251524
v 0.037575 0.445350 -1.261467
v 0.053996 0.432717 -1.269965
v 0.067709 0.416300 -1.276591
v 0.078026 0.396924 -1.281014
v 0.084431 0.375560 -1.283011
v 0.086603 0.353279 -1.282482
v 0.084431 0.331198 -1.279454
v 0.078026 0.310425 -1.274079
v 0.067709 0.292001 -1.266626
v 0.053996 0.276851 -1.257469
v 0.037575 0.265732 -1.247067
v 0.019271 0.259205 -1.235942
v 0.021914 0.454147 -1.244285
v 0.042729 0.446482 -1.247352
v 0.061402 0.434343 -1.249682
v 0.076995 0.418340 -1.251158
v 0.088728 0.399274 -1.251705
v 0.096012 0.378103 -1.251296
v 0.098481 0.355887 -1.249951
v 0.096012 0.333741 -1.247739
v 0.088728 0.312775 -1.244770
v 0.076995 0.294040 -1.241192
v 0.061402 0.278477 -1.237186
v 0.042729 0.266864 -1.232952
v 0.021914 0.259785 -1.228703
v 0.021914 0.454765 -1.236582
v 0.042729 0.447686 -1.232332
v 0.061402 0.436073 -1.228098
v 0.076995 0.420509 -1.224092
v 0.088728 0.401775 -1.220514
v 0.096012 0.380809 -1.217545
v 0.098481 0.358663 -1.215333
v 0.096012 0.336447 -1.213989
v 0.088728 0.315276 -1.213580
v 0.076995 0.296210 -1.214127
v 0.061402 0.280207 -1.215602
v 0.042729 0.268068 -1.217932
v 0.021914 0.260403 -1.220999
v 0.019271 0.455345 -1.229343
v 0.037575 0.448817 -1.218217
v 0.053996 0.437699 -1.207815
v 0.067709 0.422548 -1.198658
v 0.078026 0.404125 -1.191205
v 0.084431 0.383351 -1.185830
v 0.086603 0.361271 -1.182802
v 0.084431 0.338990 -1.182273
v 0.078026 0.317625 -1.184270
v 0.067709 0.298249 -1.188693
v 0.053996 0.281833 -1.195319
v 0.037575 0.269200 -1.203817
v 0.019271 0.260983 -1.213761
v 0.014303 0.455818 -1.223442
v 0.027890 0.449740 -1.206711
v 0.040077 0.439025 -1.191281
v 0.050255 0.424211 -1.177925
v 0.057913 0.406040 -1.167312
v 0.062667 0.385424 -1.159976
v 0.064279 0.363397 -1.156283
v 0.062667 0.341062 -1.156419
v 0.057913 0.319541 -1.160377
v 0.050255 0.299912 -1.167959
v 0.040077 0.283159 -1.178785
v 0.027890 0.270122 -1.192311
v 0.014303 0.261456 -1.207860
v 0.007611 0.456127 -1.219590
v 0.014840 0.450342 -1.199201
v 0.021325 0.439890 -1.180489
v 0.026740 0.425296 -1.164392
v 0.030815 0.407290 -1.151717
v 0.033345 0.386777 -1.143100
v 0.034202 0.364784 -1.138973
v 0.033345 0.342415 -1.139544
v 0.030815 0.320791 -1.144782
v 0.026740 0.300997 -1.154426
v 0.021325 0.284024 -1.167993
v 0.014840 0.270724 -1.184801
v 0.007611 0.261765 -1.204008
v 0.000000 0.456234 -1.218252
v 0.000000 0.450551 -1.196593
v 0.000000 0.440191 -1.176741
v 0.000000 0.425672 -1.159692
v 0.000000 0.407725 -1.146301
v 0.000000 0.387247 -1.137239
v 0.000000 0.365266 -1.132962
v 0.000000 0.342885 -1.133683
v 0.000000 0.321225 -1.139366
v 0.000000 0.301373 -1.149726
v 0.000000 0.284324 -1.164245
v 0.000000 0.270934 -1.182193
v 0.000000 0.261872 -1.202670
v -0.007611 0.456127 -1.219590
v -0.014840 0.450342 -1.199201
v -0.021325 0.439890 -1.180489
v -0.026740 0.425296 -1.164392
v -0.030815 0.407290 -1.151717
v -0.033344 0.386777 -1.143100
v -0.034202 0.364784 -1.138973
v -0.033344 0.342415 -1.139544
v -0.030815 0.320791 -1.144782
v -0.026740 0.300997 -1.154426
v -0.021325 0.284024 -1.167993
v -0.014840 0.270724 -1.184801
v -0.007611 0.261765 -1.204008
v -0.014303 0.455818 -1.223442
v -0.027890 0.449740 -1.206711
v -0.040077 0.439025 -1.191281
v -0.050255 0.424211 -1.177925
v -0.057913 0.406040 -1.167312
v -0.062667 0.385424 -1.159976
v -0.064279 0.363397 -1.156283
v -0.062667 0.341062 -1.156419
v -0.057913 0.319541 -1.160377
v -0.050255 0.299912 -1.167959
v -0.040077 0.283159 -1.178785
v -0.027890 0.270122 -1.192311
v -0.014303 0.261456 -1.207860
v 0.000000 0.257595 -1.224651
v -0.019271 0.455345 -1.229343
v -0.037575 0.448817 -1.218217
v -0.053996 0.437699 -1.207815
v -0.067709 0.422548 -1.198658
v -0.078026 0.404125 -1.191205
v -0.084431 0.383351 -1.185830
v -0.086603 0.361271 -1.182802
v -0.084431 0.338990 -1.182273
v -0.078026 0.317625 -1.184270
v -0.067709 0.298249 -1.188693
v -0.053996 0.281833 -1.195319
v -0.037575 0.269200 -1.203817
v -0.019271 0.260983 -1.213761
v -0.021914 0.454765 -1.236582
v -0.042729 0.447686 -1.232332
v -0.061402 0.436073 -1.228098
v -0.076995 0.420509 -1.224092
v -0.088728 0.401775 -1.220514
v -0.096012 0.380809 -1.217545
v -0.098481 0.358663 -1.215333
v -0.096012 0.336447 -1.213989
v -0.088728 0.315276 -1.213580
v -0.076995 0.296210 -1.214127
v -0.061402 0.280207 -1.215602
v -0.042729 0.268068 -1.217932
v -0.021914 0.260403 -1.220999
v 0.000000 0.456955 -1.240634
v -0.021914 0.454147 -1.244285
v -0.042729 0.446482 -1.247352
v -0.061402 0.434343 -1.249682
v -0.076995 0.418340 -1.251158
v -0.088728 0.399274 -1.251705
v -0.096012 0.378103 -1.251296
v -0.098481 0.355887 -1.249951
v -0.096012 0.333741 -1.247739
v -0.088728 0.312775 -1.244770
v -0.076995 0.294040 -1.241192
v -0.061402 0.278477 -1.237186
v -0.042729 0.266864 -1.232952
v -0.021914 0.259785 -1.228703
v -0.019271 0.453567 -1.251524
v -0.037575 0.445350 -1.261467
v -0.053996 0.432717 -1.269965
v -0.067709 0.416300 -1.276591
v -0.078026 0.396924 -1.281014
v -0.084431 0.375560 -1.283011
v -0.086603 0.353279 -1.282482
v -0.084431 0.331198 -1.279454
v -0.078026 0.310425 -1.274079
v -0.067709 0.292001 -1.266626
v -0.053996 0.276851 -1.257469
v -0.037575 0.265732 -1.247067
v -0.019271 0.259205 -1.235942
v -0.014303 0.453094 -1.257425
v -0.027890 0.444427 -1.272973
v -0.040077 0.431391 -1.286499
v -0.050255 0.414638 -1.297325
v -0.057913 0.395009 -1.304907
v -0.062667 0.373488 -1.308865
v -0.064279 0.351153 -1.309001
v -0.062667 0.329126 -1.305309
v -0.057913 0.308510 -1.297972
v -0.050255 0.290339 -1.287360
v -0.040077 0.275525 -1.274004
v -0.027890 0.264810 -1.258573
v -0.014303 0.258732 -1.241843
v -0.007611 0.452785 -1.261276
v -0.014840 0.443825 -1.280484
v -0.021325 0.430526 -1.297292
v -0.026740 0.413553 -1.310858
v -0.030815 0.393759 -1.320502
v -0.033345 0.372135 -1.325741
v -0.034202 0.349765 -1.326311
v -0.033345 0.327773 -1.322184
v -0.030815 0.307259 -1.313567
v -0.026740 0.289254 -1.300893
v -0.021325 0.274660 -1.284796
v -0.014840 0.264208 -1.266083
v -0.007611 0.258423 -1.245694
v -0.000000 0.452678 -1.262614
v -0.000000 0.443616 -1.283092
v -0.000000 0.430225 -1.301040
v -0.000000 0.413177 -1.315558
v -0.000000 0.393324 -1.325918
v -0.000000 0.371665 -1.331602
v -0.000000 0.349283 -1.332322
v -0.000000 0.327303 -1.328045
v -0.000000 0.306825 -1.318983
v -0.000000 0.288877 -1.305593
v -0.000000 0.274359 -1.288544
v -0.000000 0.263999 -1.268692
v -0.000000 0.258316 -1.247032
v -0.057500 0.415310 -1.228266
v -0.057500 0.450198 -1.231063
v -0.057500 0.413073 -1.256177
v -0.057500 0.447961 -1.258974
v 0.057500 0.415310 -1.228266
v 0.057500 0.450198 -1.231063
v 0.057500 0.413073 -1.256177
v 0.057500 0.447961 -1.258974
v -0.031626 0.450861 -1.239788
v -0.028766 0.447306 -1.243452
v -0.026854 0.442245 -1.245686
v -0.026183 0.436449 -1.246148
v -0.026854 0.430801 -1.244768
v -0.028766 0.426160 -1.241757
v -0.031626 0.423234 -1.237573
v -0.029541 0.451091 -1.236927
v -0.024913 0.447729 -1.238166
v -0.021820 0.442798 -1.238779
v -0.020734 0.437048 -1.238672
v -0.021820 0.431354 -1.237861
v -0.024913 0.426584 -1.236471
v -0.029541 0.423463 -1.234712
v -0.029541 0.451374 -1.233391
v -0.024913 0.448253 -1.231632
v -0.021820 0.443483 -1.230241
v -0.020734 0.437789 -1.229431
v -0.021820 0.432039 -1.229324
v -0.024913 0.427108 -1.229937
v -0.029541 0.423747 -1.231176
v -0.031626 0.451604 -1.230530
v -0.028766 0.448677 -1.226346
v -0.026854 0.444036 -1.223334
v -0.026183 0.438388 -1.221955
v -0.026854 0.432593 -1.222417
v -0.028766 0.427532 -1.224650
v -0.031626 0.423976 -1.228315
v -0.035000 0.451691 -1.229437
v -0.035000 0.448839 -1.224326
v -0.035000 0.444248 -1.220696
v -0.035000 0.438617 -1.219099
v -0.035000 0.432804 -1.219779
v -0.035000 0.427694 -1.222631
v -0.035000 0.424064 -1.227222
v -0.038374 0.451604 -1.230530
v -0.041234 0.448677 -1.226346
v -0.043146 0.444036 -1.223334
v -0.043817 0.438388 -1.221955
v -0.043146 0.432593 -1.222417
v -0.041234 0.427532 -1.224650
v -0.038374 0.423976 -1.228315
v -0.035000 0.452371 -1.235250
v -0.040459 0.451374 -1.233391
v -0.045087 0.448253 -1.231632
v -0.048180 0.443483 -1.230241
v -0.049266 0.437789 -1.229431
v -0.048180 0.432039 -1.229324
v -0.045087 0.427108 -1.229937
v -0.040459 0.423747 -1.231176
v -0.035000 0.422467 -1.232853
v -0.040459 0.451091 -1.236927
v -0.045087 0.447729 -1.238166
v -0.048180 0.442798 -1.238779
v -0.049266 0.437048 -1.238672
v -0.048180 0.431354 -1.237861
v -0.045087 0.426584 -1.236471
v -0.040459 0.423463 -1.234712
v -0.038374 0.450861 -1.239788
v -0.041234 0.447306 -1.243452
v -0.043146 0.442245 -1.245686
v -0.043817 0.436449 -1.246148
v -0.043146 0.430801 -1.244768
v -0.041234 0.426160 -1.241757
v -0.038374 0.423234 -1.237573
v -0.035000 0.450774 -1.240881
v -0.035000 0.447144 -1.245472
v -0.035000 0.442033 -1.248324
v -0.035000 0.436220 -1.249003
v -0.035000 0.430589 -1.247406
v -0.035000 0.425998 -1.243776
v -0.035000 0.423146 -1.238666
v -0.032172 0.456060 -1.238383
v -0.030101 0.452976 -1.240213
v -0.029343 0.448928 -1.240649
v -0.030101 0.445002 -1.239574
v -0.032172 0.442248 -1.237276
v -0.031000 0.456286 -1.235564
v -0.028072 0.453367 -1.235330
v -0.027000 0.449380 -1.235010
v -0.028072 0.445393 -1.234691
v -0.031000 0.442474 -1.234457
v -0.032172 0.456512 -1.232744
v -0.030101 0.453759 -1.230447
v -0.029343 0.449832 -1.229372
v -0.030101 0.445785 -1.229807
v -0.032172 0.442700 -1.231637
v -0.035000 0.456606 -1.231577
v -0.035000 0.453921 -1.228424
v -0.035000 0.450020 -1.227036
v -0.035000 0.445947 -1.227785
v -0.035000 0.442794 -1.230469
v -0.035000 0.457355 -1.235650
v -0.037828 0.456512 -1.232744
v -0.039899 0.453759 -1.230447
v -0.040657 0.449832 -1.229372
v -0.039899 0.445785 -1.229807
v -0.037828 0.442700 -1.231637
v -0.035000 0.441406 -1.234371
v -0.039000 0.456286 -1.235564
v -0.041928 0.453367 -1.235330
v -0.043000 0.449380 -1.235010
v -0.041928 0.445393 -1.234691
v -0.039000 0.442474 -1.234457
v -0.037828 0.456060 -1.238383
v -0.039899 0.452976 -1.240213
v -0.040657 0.448928 -1.240649
v -0.039899 0.445002 -1.239574
v -0.037828 0.442248 -1.237276
v -0.035000 0.455967 -1.239551
v -0.035000 0.452814 -1.242236
v -0.035000 0.448741 -1.242985
v -0.035000 0.444839 -1.241597
v -0.035000 0.442155 -1.238444
v 0.038374 0.450861 -1.239788
v 0.041234 0.447306 -1.243452
v 0.043146 0.442245 -1.245686
v 0.043817 0.436449 -1.246148
v 0.043146 0.430801 -1.244768
v 0.041234 0.426160 -1.241757
v 0.038374 0.423234 -1.237573
v 0.040459 0.451091 -1.236927
v 0.045087 0.447729 -1.238166
v 0.048180 0.442798 -1.238779
v 0.049266 0.437048 -1.238672
v 0.048180 0.431354 -1.237861
v 0.045087 0.426584 -1.236471
v 0.040459 0.423463 -1.234712
v 0.040459 0.451374 -1.233391
v 0.045087 0.448253 -1.231632
v 0.048180 0.443483 -1.230241
v 0.049266 0.437789 -1.229431
v 0.048180 0.432039 -1.229324
v 0.045087 0.427108 -1.229937
v 0.040459 0.423747 -1.231176
v 0.038374 0.451604 -1.230530
v 0.041234 0.448677 -1.226346
v 0.043146 0.444036 -1.223334
v 0.043817 0.438388 -1.221955
v 0.043146 0.432593 -1.222417
v 0.041234 0.427532 -1.224650
v 0.038374 0.423976 -1.228315
v 0.035000 0.451691 -1.229437
v 0.035000 0.448839 -1.224326
v 0.035000 0.444248 -1.220696
v 0.035000 0.438617 -1.219099
v 0.035000 0.432804 -1.219779
v 0.035000 0.427694 -1.222631
v 0.035000 0.424064 -1.227222
v 0.031626 0.451604 -1.230530
v 0.028766 0.448677 -1.226346
v 0.026854 0.444036 -1.223334
v 0.026183 0.438388 -1.221955
v 0.026854 0.432593 -1.222417
v 0.028766 0.427532 -1.224650
v 0.031626 0.423976 -1.228315
v 0.035000 0.452371 -1.235250
v 0.029541 0.451374 -1.233391
v 0.024913 0.448253 -1.231632
v 0.021820 0.443483 -1.230241
v 0.020734 0.437789 -1.229431
v 0.021820 0.432039 -1.229324
v 0.024913 0.427108 -1.229937
v 0.029541 0.423747 -1.231176
v 0.035000 0.422467 -1.232853
v 0.029541 0.451091 -1.236927
v 0.024913 0.447729 -1.238166
v 0.021820 0.442798 -1.238779
v 0.020734 0.437048 -1.238672
v 0.021820 0.431354 -1.237861
v 0.024913 0.426584 -1.236471
v 0.029541 0.423463 -1.234712
v 0.031626 0.450861 -1.239788
v 0.028766 0.447306 -1.243452
v 0.026854 0.442245 -1.245686
v 0.026183 0.436449 -1.246148
v 0.026854 0.430801 -1.244768
v 0.028766 0.426160 -1.241757
v 0.031626 0.423234 -1.237573
v 0.035000 0.450774 -1.240881
v 0.035000 0.447144 -1.245472
v 0.035000 0.442033 -1.248324
v 0.035000 0.436220 -1.249003
v 0.035000 0.430589 -1.247406
v 0.035000 0.425998 -1.243776
v 0.035000 0.423146 -1.238666
v 0.037828 0.456060 -1.238383
v 0.039899 0.452976 -1.240213
v 0.040657 0.448928 -1.240649
v 0.039899 0.445002 -1.239574
v 0.037828 0.442248 -1.237276
v 0.039000 0.456286 -1.235564
v 0.041928 0.453367 -1.235330
v 0.043000 0.449380 -1.235010
v 0.041928 0.445393 -1.234691
v 0.039000 0.442474 -1.234457
v 0.037828 0.456512 -1.232744
v 0.039899 0.453759 -1.230447
v 0.040657 0.449832 -1.229372
v 0.039899 0.445785 -1.229807
v 0.037828 0.442700 -1.231637
v 0.035000 0.456606 -1.231577
v 0.035000 0.453921 -1.228424
v 0.035000 0.450020 -1.227036
v 0.035000 0.445947 -1.227785
v 0.035000 0.442794 -1.230469
v 0.035000 0.457355 -1.235650
v 0.032172 0.456512 -1.232744
v 0.030101 0.453759 -1.230447
v 0.029343 0.449832 -1.229372
v 0.030101 0.445785 -1.229807
v 0.032172 0.442700 -1.231637
v 0.035000 0.441406 -1.234371
v 0.031000 0.456286 -1.235564
v 0.028072 0.453367 -1.235330
v 0.027000 0.449380 -1.235010
v 0.028072 0.445393 -1.234691
v 0.031000 0.442474 -1.234457
v 0.032172 0.456060 -1.238383
v 0.030101 0.452976 -1.240213
v 0.029343 0.448928 -1.240649
v 0.030101 0.445002 -1.239574
v 0.032172 0.442248 -1.237276
v 0.035000 0.455967 -1.239551
v 0.035000 0.452814 -1.242236
v 0.035000 0.448741 -1.242985
v 0.035000 0.444839 -1.241597
v 0.035000 0.442155 -1.238444
v -0.012000 0.442211 -1.186783
v -0.012000 0.470122 -1.189021
v -0.012000 0.439414 -1.221671
v -0.012000 0.467325 -1.223909
v 0.012000 0.442211 -1.186783
v 0.012000 0.470122 -1.189021
v 0.012000 0.439414 -1.221671
v 0.012000 0.467325 -1.223909
v 0.000000 0.441858 -1.302070
v 0.000000 0.399641 -1.351354
v 0.000000 0.369272 -1.363881
v 0.000000 0.336518 -1.366411
v 0.000000 0.255302 -1.316479
v 0.000000 0.242775 -1.286110
v 0.000000 0.449574 -1.270138
v 0.014078 0.442115 -1.298867
v 0.026778 0.425141 -1.323963
v 0.036857 0.400313 -1.342969
v 0.043328 0.370062 -1.354024
v 0.045558 0.337349 -1.356046
v 0.043328 0.305376 -1.348838
v 0.036857 0.277273 -1.333104
v 0.026778 0.255791 -1.310386
v 0.014078 0.243032 -1.282907
v 0.025368 0.442834 -1.289893
v 0.048253 0.426509 -1.306893
v 0.066414 0.402197 -1.319473
v 0.078074 0.372277 -1.326403
v 0.082092 0.339678 -1.327004
v 0.078074 0.307591 -1.321217
v 0.066414 0.279157 -1.309609
v 0.048253 0.257159 -1.293316
v 0.025368 0.243751 -1.273932
v 0.031633 0.443874 -1.276924
v 0.060170 0.428487 -1.282225
v 0.082817 0.404919 -1.285521
v 0.097357 0.375477 -1.286490
v 0.102367 0.343042 -1.285037
v 0.097357 0.310791 -1.281304
v 0.082817 0.281879 -1.275657
v 0.060170 0.259137 -1.268648
v 0.031633 0.244791 -1.260964
v 0.031633 0.445028 -1.262530
v 0.060170 0.430682 -1.254846
v 0.082817 0.407940 -1.247837
v 0.097357 0.379028 -1.242190
v 0.102367 0.346777 -1.238457
v 0.097357 0.314342 -1.237004
v 0.082817 0.284900 -1.237973
v 0.060170 0.261332 -1.241269
v 0.031633 0.245945 -1.246570
v 0.025368 0.446068 -1.249562
v 0.048253 0.432660 -1.230178
v 0.066414 0.410662 -1.213885
v 0.078074 0.382228 -1.202277
v 0.082092 0.350141 -1.196490
v 0.078074 0.317542 -1.197091
v 0.066414 0.287622 -1.204021
v 0.048253 0.263310 -1.216601
v 0.025368 0.246985 -1.233601
v 0.014078 0.446787 -1.240587
v 0.026778 0.434028 -1.213108
v 0.036857 0.412546 -1.190390
v 0.043328 0.384443 -1.174656
v 0.045558 0.352470 -1.167448
v 0.043328 0.319757 -1.169470
v 0.036857 0.289506 -1.180525
v 0.026778 0.264678 -1.199531
v 0.014078 0.247704 -1.224627
v -0.000000 0.447044 -1.237384
v -0.000000 0.434517 -1.207016
v -0.000000 0.413218 -1.182004
v -0.000000 0.385233 -1.164798
v -0.000000 0.353301 -1.157083
v -0.000000 0.320547 -1.159613
v -0.000000 0.290178 -1.172140
v -0.000000 0.265167 -1.193439
v -0.000000 0.247961 -1.221424
v -0.014078 0.446787 -1.240587
v -0.026778 0.434028 -1.213108
v -0.036857 0.412546 -1.190390
v -0.043328 0.384443 -1.174656
v -0.045558 0.352470 -1.167448
v -0.043328 0.319757 -1.169470
v -0.036857 0.289506 -1.180525
v -0.026778 0.264678 -1.199531
v -0.014078 0.247704 -1.224627
v -0.025368 0.446068 -1.249562
v -0.048253 0.432660 -1.230178
v -0.066414 0.410662 -1.213885
v -0.078074 0.382228 -1.202277
v -0.082092 0.350141 -1.196490
v -0.078074 0.317542 -1.197091
v -0.066414 0.287622 -1.204021
v -0.048253 0.263310 -1.216601
v -0.025368 0.246985 -1.233601
v 0.000000 0.240245 -1.253356
v -0.031633 0.445028 -1.262530
v -0.060170 0.430682 -1.254846
v -0.082817 0.407940 -1.247837
v -0.097357 0.379028 -1.242190
v -0.102367 0.346777 -1.238457
v -0.097357 0.314342 -1.237004
v -0.082817 0.284900 -1.237973
v -0.060170 0.261332 -1.241269
v -0.031633 0.245945 -1.246570
v -0.031633 0.443874 -1.276924
v -0.060170 0.428487 -1.282225
v -0.082817 0.404919 -1.285521
v -0.097357 0.375477 -1.286490
v -0.102367 0.343042 -1.285037
v -0.097357 0.310791 -1.281304
v -0.082817 0.281879 -1.275657
v -0.060170 0.259137 -1.268648
v -0.031633 0.244791 -1.260964
v -0.025368 0.442834 -1.289893
v -0.048253 0.426509 -1.306893
v -0.066414 0.402197 -1.319473
v -0.078074 0.372277 -1.326403
v -0.082092 0.339678 -1.327004
v -0.078074 0.307591 -1.321217
v -0.066414 0.279157 -1.309609
v -0.048253 0.257159 -1.293316
v -0.025368 0.243751 -1.273932
v -0.014078 0.442115 -1.298867
v -0.026778 0.425141 -1.323963
v -0.036857 0.400313 -1.342969
v -0.043328 0.370062 -1.354024
v -0.045558 0.337349 -1.356046
v -0.043328 0.305376 -1.348838
v -0.036857 0.277273 -1.333104
v -0.026778 0.255791 -1.310386
v -0.014078 0.243032 -1.282907
v 0.000000 0.424652 -1.330056
v 0.000000 0.304586 -1.358696
v 0.000000 0.276601 -1.341490
v -0.037500 0.391091 -1.092396
v -0.037500 0.465851 -1.098390
v -0.037500 0.386696 -1.147220
v -0.037500 0.461456 -1.153214
v 0.037500 0.391091 -1.092396
v 0.037500 0.465851 -1.098390
v 0.037500 0.386696 -1.147220
v 0.037500 0.461456 -1.153214
v -0.024000 0.441799 -1.148126
v -0.024000 0.456751 -1.149325
v -0.024000 0.440840 -1.160088
v -0.024000 0.455792 -1.161287
v 0.024000 0.441799 -1.148126
v 0.024000 0.456751 -1.149325
v 0.024000 0.440840 -1.160088
v 0.024000 0.455792 -1.161287
v 0.000000 0.300829 -1.133030
v 0.000000 0.435757 -1.095688
v 0.030000 0.298685 -1.125283
v 0.030000 0.433613 -1.087941
v 0.051962 0.292827 -1.104117
v 0.051962 0.427755 -1.066775
v 0.060000 0.284825 -1.075204
v 0.060000 0.419753 -1.037862
v 0.051962 0.276823 -1.046291
v 0.051962 0.411751 -1.008949
v 0.030000 0.270966 -1.025125
v 0.030000 0.405894 -0.987783
v 0.000000 0.268822 -1.017378
v 0.000000 0.403749 -0.980036
v -0.030000 0.270966 -1.025125
v -0.030000 0.405894 -0.987783
v -0.051962 0.276823 -1.046291
v -0.051962 0.411751 -1.008949
v -0.060000 0.284825 -1.075204
v -0.060000 0.419753 -1.037862
v -0.051962 0.292827 -1.104117
v -0.051962 0.427755 -1.066775
v -0.030000 0.298685 -1.125283
v -0.030000 0.433613 -1.087941
v -0.170000 0.167891 -0.765162
v -0.170000 0.360645 -0.711815
v -0.170000 0.247910 -1.054293
v -0.170000 0.440664 -1.000946
v 0.170000 0.167891 -0.765162
v 0.170000 0.360645 -0.711815
v 0.170000 0.247910 -1.054293
v 0.170000 0.440664 -1.000946
v -0.150000 0.118075 -0.683115
v -0.150000 0.271529 -0.589031
v -0.150000 0.212159 -0.836569
v -0.150000 0.365613 -0.742486
v 0.150000 0.118075 -0.683115
v 0.150000 0.271529 -0.589031
v 0.150000 0.212159 -0.836569
v 0.150000 0.365613 -0.742486
v -0.150000 0.039672 -0.555236
v -0.150000 0.193126 -0.461153
v -0.150000 0.112848 -0.674590
v -0.150000 0.266302 -0.580506
v 0.150000 0.039672 -0.555236
v 0.150000 0.193126 -0.461153
v 0.150000 0.112848 -0.674590
v 0.150000 0.266302 -0.580506
v -0.220000 0.388279 -0.940322
v -0.220000 0.386107 -0.957941
v -0.220000 0.368757 -0.988567
v -0.220000 0.354763 -0.999489
v -0.220000 0.338419 -1.006417
v -0.220000 0.320839 -1.008878
v -0.220000 0.303221 -1.006705
v -0.220000 0.272594 -0.989356
v -0.220000 0.261673 -0.975362
v -0.213265 0.387922 -0.939031
v -0.206989 0.385416 -0.955446
v -0.201599 0.378472 -0.970868
v -0.197464 0.367562 -0.984247
v -0.194864 0.353430 -0.994670
v -0.193978 0.337039 -1.001428
v -0.194864 0.319506 -1.004059
v -0.197464 0.302025 -1.002385
v -0.201599 0.285789 -0.996519
v -0.206989 0.271904 -0.986862
v -0.213265 0.261315 -0.974071
v -0.220000 0.385818 -0.922742
v -0.207555 0.386904 -0.935354
v -0.195958 0.383450 -0.948343
v -0.186000 0.375692 -0.960823
v -0.178359 0.364157 -0.971944
v -0.173555 0.349632 -0.980948
v -0.171917 0.333107 -0.987221
v -0.173555 0.315708 -0.990337
v -0.178359 0.298620 -0.990082
v -0.186000 0.283009 -0.986474
v -0.195958 0.269938 -0.979758
v -0.207555 0.260298 -0.970394
v -0.203740 0.385381 -0.929851
v -0.188588 0.380508 -0.937712
v -0.175577 0.371531 -0.945789
v -0.165593 0.359061 -0.953531
v -0.159317 0.343948 -0.960411
v -0.157176 0.327223 -0.965960
v -0.159317 0.310024 -0.969800
v -0.165593 0.293524 -0.971669
v -0.175577 0.278848 -0.971439
v -0.188588 0.266996 -0.969128
v -0.203740 0.258775 -0.964891
v -0.202400 0.383585 -0.923360
v -0.186000 0.377038 -0.925172
v -0.171917 0.366623 -0.928055
v -0.161110 0.353050 -0.931811
v -0.154317 0.337244 -0.936186
v -0.152000 0.320282 -0.940880
v -0.154317 0.303319 -0.945574
v -0.161110 0.287513 -0.949949
v -0.171917 0.273940 -0.953705
v -0.186000 0.263525 -0.956588
v -0.202400 0.256978 -0.958400
v -0.203740 0.381788 -0.916869
v -0.188588 0.373567 -0.912633
v -0.175577 0.361715 -0.910321
v -0.165593 0.347039 -0.910092
v -0.159317 0.330539 -0.911961
v -0.157176 0.313340 -0.915800
v -0.159317 0.296615 -0.921349
v -0.165593 0.281502 -0.928229
v -0.175577 0.269032 -0.935971
v -0.188588 0.260055 -0.944048
v -0.203740 0.255182 -0.951909
v -0.207555 0.380265 -0.911366
v -0.195958 0.370625 -0.902002
v -0.186000 0.357554 -0.895287
v -0.178359 0.341943 -0.891679
v -0.173555 0.324855 -0.891424
v -0.171917 0.307456 -0.894539
v -0.173555 0.290931 -0.900812
v -0.178359 0.276406 -0.909816
v -0.186000 0.264871 -0.920937
v -0.195958 0.257113 -0.933417
v -0.207555 0.253659 -0.946406
v -0.213265 0.379248 -0.907689
v -0.206989 0.368659 -0.894898
v -0.201599 0.354774 -0.885241
v -0.197464 0.338538 -0.879375
v -0.194864 0.321057 -0.877701
v -0.193978 0.303524 -0.880332
v -0.194864 0.287133 -0.887090
v -0.197464 0.273001 -0.897513
v -0.201599 0.262091 -0.910892
v -0.206989 0.255147 -0.926314
v -0.213265 0.252641 -0.942729
v -0.220000 0.378890 -0.906398
v -0.220000 0.367969 -0.892404
v -0.220000 0.353797 -0.881714
v -0.220000 0.337342 -0.875055
v -0.220000 0.319724 -0.872882
v -0.220000 0.302144 -0.875344
v -0.220000 0.285800 -0.882271
v -0.220000 0.271806 -0.893193
v -0.220000 0.261115 -0.907364
v -0.220000 0.254456 -0.923820
v -0.220000 0.252284 -0.941438
v -0.226735 0.379248 -0.907689
v -0.233011 0.368659 -0.894898
v -0.238401 0.354774 -0.885241
v -0.242536 0.338538 -0.879375
v -0.245136 0.321057 -0.877701
v -0.246022 0.303524 -0.880332
v -0.245136 0.287133 -0.887090
v -0.242536 0.273001 -0.897513
v -0.238401 0.262091 -0.910892
v -0.233011 0.255147 -0.926314
v -0.226735 0.252641 -0.942729
v -0.220000 0.254745 -0.959018
v -0.232445 0.380265 -0.911366
v -0.244042 0.370625 -0.902002
v -0.254000 0.357554 -0.895287
v -0.261641 0.341943 -0.891679
v -0.266445 0.324855 -0.891424
v -0.268083 0.307456 -0.894539
v -0.266445 0.290931 -0.900812
v -0.261641 0.276406 -0.909816
v -0.254000 0.264871 -0.920937
v -0.244042 0.257113 -0.933417
v -0.232445 0.253659 -0.946406
v -0.236260 0.381788 -0.916869
v -0.251412 0.373567 -0.912633
v -0.264423 0.361715 -0.910321
v -0.274407 0.347039 -0.910092
v -0.280683 0.330539 -0.911961
v -0.282824 0.313341 -0.915800
v -0.280683 0.296615 -0.921349
v -0.274407 0.281502 -0.928229
v -0.264423 0.269032 -0.935971
v -0.251412 0.260055 -0.944048
v -0.236260 0.255182 -0.951909
v -0.237600 0.383585 -0.923360
v -0.254000 0.377038 -0.925172
v -0.268083 0.366623 -0.928055
v -0.278890 0.353050 -0.931811
v -0.285683 0.337244 -0.936186
v -0.288000 0.320282 -0.940880
v -0.285683 0.303319 -0.945574
v -0.278890 0.287513 -0.949949
v -0.268083 0.273940 -0.953705
v -0.254000 0.263525 -0.956588
v -0.237600 0.256978 -0.958400
v -0.236260 0.385381 -0.929851
v -0.251412 0.380508 -0.937712
v -0.264423 0.371531 -0.945789
v -0.274407 0.359061 -0.953531
v -0.280683 0.343948 -0.960411
v -0.282824 0.327223 -0.965960
v -0.280683 0.310024 -0.969800
v -0.274407 0.293524 -0.971669
v -0.264423 0.278848 -0.971439
v -0.251412 0.266996 -0.969128
v -0.236260 0.258775 -0.964891
v -0.232445 0.386904 -0.935354
v -0.244042 0.383450 -0.948343
v -0.254000 0.375692 -0.960823
v -0.261641 0.364157 -0.971944
v -0.266445 0.349632 -0.980948
v -0.268083 0.333107 -0.987221
v -0.266445 0.315708 -0.990337
v -0.261641 0.298620 -0.990082
v -0.254000 0.283009 -0.986474
v -0.244042 0.269938 -0.979758
v -0.232445 0.260298 -0.970394
v -0.226735 0.387922 -0.939031
v -0.233011 0.385416 -0.955446
v -0.238401 0.378472 -0.970868
v -0.242536 0.367562 -0.984247
v -0.245136 0.353430 -0.994670
v -0.246022 0.337039 -1.001428
v -0.245136 0.319506 -1.004059
v -0.242536 0.302025 -1.002385
v -0.238401 0.285789 -0.996519
v -0.233011 0.271904 -0.986862
v -0.226735 0.261315 -0.974071
v -0.220000 0.379448 -0.974396
v -0.220000 0.286766 -1.000047
v -0.180013 0.207525 -0.898393
v -0.157366 0.402961 -0.799946
v -0.164411 0.218061 -0.922898
v -0.141763 0.413497 -0.824451
v -0.136222 0.220998 -0.935213
v -0.113574 0.416434 -0.836767
v -0.106214 0.215214 -0.930636
v -0.083566 0.410651 -0.832189
v -0.085848 0.202919 -0.910913
v -0.063200 0.398356 -0.812466
v -0.082904 0.188809 -0.883579
v -0.060256 0.384246 -0.785132
v -0.098506 0.178274 -0.859074
v -0.075858 0.373710 -0.760627
v -0.126695 0.175337 -0.846758
v -0.104047 0.370773 -0.748312
v -0.156703 0.181120 -0.851336
v -0.134055 0.376556 -0.752890
v -0.177069 0.193415 -0.871059
v -0.154421 0.388851 -0.772612
v 0.084358 0.192901 -0.840792
v 0.109065 0.406104 -0.733395
v 0.097464 0.201751 -0.861376
v 0.122171 0.414954 -0.753979
v 0.121142 0.204218 -0.871721
v 0.145849 0.417421 -0.764324
v 0.146350 0.199360 -0.867875
v 0.171056 0.412563 -0.760479
v 0.163457 0.189032 -0.851308
v 0.188164 0.402235 -0.743912
v 0.165930 0.177179 -0.828348
v 0.190637 0.390383 -0.720951
v 0.152824 0.168329 -0.807764
v 0.177531 0.381533 -0.700367
v 0.129145 0.165862 -0.797419
v 0.153852 0.379065 -0.690022
v 0.103938 0.170720 -0.801264
v 0.128645 0.383924 -0.693868
v 0.086831 0.181048 -0.817831
v 0.111538 0.394251 -0.710435
v 0.338620 0.251309 -0.715787
v 0.341915 0.279736 -0.701467
v 0.275499 0.263474 -0.725416
v 0.278793 0.291902 -0.711096
v 0.351972 0.277306 -0.770467
v 0.355266 0.305733 -0.756147
v 0.288851 0.289471 -0.780096
v 0.292145 0.317898 -0.765776
v 0.220000 0.388279 -0.940322
v 0.220000 0.386107 -0.957941
v 0.220000 0.368757 -0.988567
v 0.220000 0.354763 -0.999489
v 0.220000 0.338419 -1.006417
v 0.220000 0.320839 -1.008878
v 0.220000 0.303221 -1.006705
v 0.220000 0.272594 -0.989356
v 0.220000 0.261673 -0.975362
v 0.226735 0.387922 -0.939031
v 0.233011 0.385416 -0.955446
v 0.238401 0.378472 -0.970868
v 0.242536 0.367562 -0.984247
v 0.245136 0.353430 -0.994670
v 0.246022 0.337039 -1.001428
v 0.245136 0.319506 -1.004059
v 0.242536 0.302025 -1.002385
v 0.238401 0.285789 -0.996519
v 0.233011 0.271904 -0.986862
v 0.226735 0.261315 -0.974071
v 0.220000 0.385818 -0.922742
v 0.232445 0.386904 -0.935354
v 0.244042 0.383450 -0.948343
v 0.254000 0.375692 -0.960823
v 0.261641 0.364157 -0.971944
v 0.266445 0.349632 -0.980948
v 0.268083 0.333107 -0.987221
v 0.266445 0.315708 -0.990337
v 0.261641 0.298620 -0.990082
v 0.254000 0.283009 -0.986474
v 0.244042 0.269938 -0.979758
v 0.232445 0.260298 -0.970394
v 0.236260 0.385381 -0.929851
v 0.251412 0.380508 -0.937712
v 0.264423 0.371531 -0.945789
v 0.274407 0.359061 -0.953531
v 0.280683 0.343948 -0.960411
v 0.282824 0.327223 -0.965960
v 0.280683 0.310024 -0.969800
v 0.274407 0.293524 -0.971669
v 0.264423 0.278848 -0.971439
v 0.251412 0.266996 -0.969128
v 0.236260 0.258775 -0.964891
v 0.237600 0.383585 -0.923360
v 0.254000 0.377038 -0.925172
v 0.268083 0.366623 -0.928055
v 0.278890 0.353050 -0.931811
v 0.285683 0.337244 -0.936186
v 0.288000 0.320282 -0.940880
v 0.285683 0.303319 -0.945574
v 0.278890 0.287513 -0.949949
v 0.268083 0.273940 -0.953705
v 0.254000 0.263525 -0.956588
v 0.237600 0.256978 -0.958400
v 0.236260 0.381788 -0.916869
v 0.251412 0.373567 -0.912633
v 0.264423 0.361715 -0.910321
v 0.274407 0.347039 -0.910092
v 0.280683 0.330539 -0.911961
v 0.282824 0.313340 -0.915800
v 0.280683 0.296615 -0.921349
v 0.274407 0.281502 -0.928229
v 0.264423 0.269032 -0.935971
v 0.251412 0.260055 -0.944048
v 0.236260 0.255182 -0.951909
v 0.232445 0.380265 -0.911366
v 0.244042 0.370625 -0.902002
v 0.254000 0.357554 -0.895287
v 0.261641 0.341943 -0.891679
v 0.266445 0.324855 -0.891424
v 0.268083 0.307456 -0.894539
v 0.266445 0.290931 -0.900812
v 0.261641 0.276406 -0.909816
v 0.254000 0.264871 -0.920937
v 0.244042 0.257113 -0.933417
v 0.232445 0.253659 -0.946406
v 0.226735 0.379248 -0.907689
v 0.233011 0.368659 -0.894898
v 0.238401 0.354774 -0.885241
v 0.242536 0.338538 -0.879375
v 0.245136 0.321057 -0.877701
v 0.246022 0.303524 -0.880332
v 0.245136 0.287133 -0.887090
v 0.242536 0.273001 -0.897513
v 0.238401 0.262091 -0.910892
v 0.233011 0.255147 -0.926314
v 0.226735 0.252641 -0.942729
v 0.220000 0.378890 -0.906398
v 0.220000 0.367969 -0.892404
v 0.220000 0.353797 -0.881714
v 0.220000 0.337342 -0.875055
v 0.220000 0.319724 -0.872882
v 0.220000 0.302144 -0.875344
v 0.220000 0.285800 -0.882271
v 0.220000 0.271806 -0.893193
v 0.220000 0.261115 -0.907364
v 0.220000 0.254456 -0.923820
v 0.220000 0.252284 -0.941438
v 0.213265 0.379248 -0.907689
v 0.206989 0.368659 -0.894898
v 0.201599 0.354774 -0.885241
v 0.197464 0.338538 -0.879375
v 0.194864 0.321057 -0.877701
v 0.193978 0.303524 -0.880332
v 0.194864 0.287133 -0.887090
v 0.197464 0.273001 -0.897513
v 0.201599 0.262091 -0.910892
v 0.206989 0.255147 -0.926314
v 0.213265 0.252641 -0.942729
v 0.220000 0.254745 -0.959018
v 0.207555 0.380265 -0.911366
v 0.195958 0.370625 -0.902002
v 0.186000 0.357554 -0.895287
v 0.178359 0.341943 -0.891679
v 0.173555 0.324855 -0.891424
v 0.171917 0.307456 -0.894539
v 0.173555 0.290931 -0.900812
v 0.178359 0.276406 -0.909816
v 0.186000 0.264871 -0.920937
v 0.195958 0.257113 -0.933417
v 0.207555 0.253659 -0.946406
v 0.203740 0.381788 -0.916869
v 0.188588 0.373567 -0.912633
v 0.175577 0.361715 -0.910321
v 0.165593 0.347039 -0.910092
v 0.159317 0.330539 -0.911961
v 0.157176 0.313341 -0.915800
v 0.159317 0.296615 -0.921349
v 0.165593 0.281502 -0.928229
v 0.175577 0.269032 -0.935971
v 0.188588 0.260055 -0.944048
v 0.203740 0.255182 -0.951909
v 0.202400 0.383585 -0.923360
v 0.186000 0.377038 -0.925172
v 0.171917 0.366623 -0.928055
v 0.161110 0.353050 -0.931811
v 0.154317 0.337244 -0.936186
v 0.152000 0.320282 -0.940880
v 0.154317 0.303319 -0.945574
v 0.161110 0.287513 -0.949949
v 0.171917 0.273940 -0.953705
v 0.186000 0.263525 -0.956588
v 0.202400 0.256978 -0.958400
v 0.203740 0.385381 -0.929851
v 0.188588 0.380508 -0.937712
v 0.175577 0.371531 -0.945789
v 0.165593 0.359061 -0.953531
v 0.159317 0.343948 -0.960411
v 0.157176 0.327223 -0.965960
v 0.159317 0.310024 -0.969800
v 0.165593 0.293524 -0.971669
v 0.175577 0.278848 -0.971439
v 0.188588 0.266996 -0.969128
v 0.203740 0.258775 -0.964891
v 0.207555 0.386904 -0.935354
v 0.195958 0.383450 -0.948343
v 0.186000 0.375692 -0.960823
v 0.178359 0.364157 -0.971944
v 0.173555 0.349632 -0.980948
v 0.171917 0.333107 -0.987221
v 0.173555 0.315708 -0.990337
v 0.178359 0.298620 -0.990082
v 0.186000 0.283009 -0.986474
v 0.195958 0.269938 -0.979758
v 0.207555 0.260298 -0.970394
v 0.213265 0.387922 -0.939031
v 0.206989 0.385416 -0.955446
v 0.201599 0.378472 -0.970868
v 0.197464 0.367562 -0.984247
v 0.194864 0.353430 -0.994670
v 0.193978 0.337039 -1.001428
v 0.194864 0.319506 -1.004059
v 0.197464 0.302025 -1.002385
v 0.201599 0.285789 -0.996519
v 0.206989 0.271904 -0.986862
v 0.213265 0.261315 -0.974071
v 0.220000 0.379448 -0.974396
v 0.220000 0.286766 -1.000047
v 0.180013 0.207525 -0.898393
v 0.157366 0.402961 -0.799946
v 0.177069 0.193415 -0.871059
v 0.154421 0.388851 -0.772612
v 0.156703 0.181120 -0.851336
v 0.134055 0.376556 -0.752890
v 0.126695 0.175337 -0.846758
v 0.104047 0.370773 -0.748312
v 0.098506 0.178274 -0.859074
v 0.075858 0.373710 -0.760627
v 0.082904 0.188809 -0.883579
v 0.060256 0.384246 -0.785132
v 0.085848 0.202919 -0.910913
v 0.063200 0.398356 -0.812466
v 0.106214 0.215214 -0.930636
v 0.083566 0.410651 -0.832189
v 0.136222 0.220998 -0.935213
v 0.113574 0.416434 -0.836767
v 0.164411 0.218061 -0.922898
v 0.141763 0.413497 -0.824451
v -0.084358 0.192901 -0.840792
v -0.109065 0.406104 -0.733395
v -0.086831 0.181048 -0.817831
v -0.111538 0.394251 -0.710435
v -0.103938 0.170720 -0.801264
v -0.128645 0.383924 -0.693868
v -0.129145 0.165862 -0.797419
v -0.153852 0.379065 -0.690022
v -0.152824 0.168329 -0.807764
v -0.177531 0.381533 -0.700367
v -0.165930 0.177179 -0.828348
v -0.190637 0.390383 -0.720951
v -0.163457 0.189032 -0.851308
v -0.188164 0.402235 -0.743912
v -0.146350 0.199360 -0.867875
v -0.171056 0.412563 -0.760479
v -0.121142 0.204218 -0.871721
v -0.145849 0.417421 -0.764324
v -0.097464 0.201751 -0.861376
v -0.122171 0.414954 -0.753979
v -0.351972 0.277306 -0.770467
v -0.355266 0.305733 -0.756147
v -0.288851 0.289471 -0.780096
v -0.292145 0.317898 -0.765776
v -0.338620 0.251309 -0.715787
v -0.341915 0.279736 -0.701467
v -0.275499 0.263474 -0.725416
v -0.278793 0.291902 -0.711096
v -0.102072 -0.067858 -0.566653
v -0.105030 0.197618 -0.354253
v -0.060481 -0.077457 -0.554076
v -0.063439 0.188019 -0.341676
v -0.036130 -0.100559 -0.524863
v -0.039088 0.164917 -0.312462
v -0.038320 -0.128339 -0.490170
v -0.041278 0.137137 -0.277770
v -0.066214 -0.150188 -0.463251
v -0.069172 0.115288 -0.250851
v -0.109159 -0.157758 -0.454387
v -0.112117 0.107718 -0.241987
v -0.150750 -0.148159 -0.466963
v -0.153708 0.117317 -0.254563
v -0.175101 -0.125058 -0.496177
v -0.178059 0.140418 -0.283777
v -0.172911 -0.097277 -0.530869
v -0.175869 0.168199 -0.318469
v -0.145016 -0.075428 -0.557789
v -0.147974 0.190047 -0.345389
v -0.125535 -0.350672 -0.186873
v -0.126649 -0.063612 -0.004677
v -0.092039 -0.357419 -0.176038
v -0.093152 -0.070359 0.006158
v -0.072441 -0.373448 -0.150662
v -0.073555 -0.086389 0.031534
v -0.074229 -0.392639 -0.120439
v -0.075343 -0.105579 0.061758
v -0.096719 -0.407659 -0.096911
v -0.097833 -0.120599 0.085285
v -0.131320 -0.412772 -0.089067
v -0.132434 -0.125712 0.093130
v -0.164817 -0.406025 -0.099902
v -0.165930 -0.118965 0.082295
v -0.184414 -0.389995 -0.125277
v -0.185528 -0.102935 0.056919
v -0.182626 -0.370805 -0.155501
v -0.183740 -0.083745 0.026695
v -0.160136 -0.355785 -0.179029
v -0.161250 -0.068725 0.003168
v -0.189304 -0.432461 0.137543
v -0.189991 -0.255159 0.250076
v -0.186062 -0.397663 0.082737
v -0.186750 -0.220362 0.195270
v -0.094422 -0.434737 0.141709
v -0.095110 -0.257436 0.254243
v -0.091181 -0.399940 0.086904
v -0.091868 -0.222638 0.199437
v -0.184932 -0.272165 0.239578
v -0.185096 -0.229950 0.266371
v -0.182688 -0.248074 0.201635
v -0.182852 -0.205860 0.228429
v -0.100038 -0.274202 0.243306
v -0.100202 -0.231987 0.270099
v -0.097794 -0.250111 0.205364
v -0.097958 -0.207897 0.232157
v 0.104232 -0.074683 -0.521178
v 0.102958 0.235055 -0.380961
v 0.147185 -0.079330 -0.510522
v 0.145911 0.230408 -0.370305
v 0.175102 -0.093525 -0.478911
v 0.173828 0.216212 -0.338694
v 0.177320 -0.111846 -0.438420
v 0.176046 0.197891 -0.298203
v 0.152991 -0.127295 -0.404515
v 0.151717 0.182443 -0.264298
v 0.111409 -0.133971 -0.390146
v 0.110135 0.175767 -0.249929
v 0.068456 -0.129324 -0.400802
v 0.067182 0.180414 -0.260585
v 0.040539 -0.115128 -0.432413
v 0.039265 0.194610 -0.292196
v 0.038321 -0.096807 -0.472905
v 0.037047 0.212931 -0.332687
v 0.062650 -0.081358 -0.506810
v 0.061376 0.228379 -0.366593
v 0.130495 -0.193843 0.011750
v 0.120000 0.141379 -0.044074
v 0.164979 -0.191194 0.021171
v 0.154485 0.144027 -0.034654
v 0.187163 -0.185895 0.048825
v 0.176668 0.149327 -0.007000
v 0.188572 -0.179968 0.084150
v 0.178077 0.155254 0.028325
v 0.168668 -0.175678 0.113652
v 0.158174 0.159544 0.057827
v 0.135055 -0.174663 0.126063
v 0.124560 0.160558 0.070238
v 0.100570 -0.177312 0.116642
v 0.090076 0.157910 0.060818
v 0.078387 -0.182611 0.088988
v 0.067892 0.152610 0.033164
v 0.076978 -0.188538 0.053664
v 0.066483 0.146683 -0.002161
v 0.096881 -0.192828 0.024161
v 0.086387 0.142393 -0.031663
v 0.092412 -0.038465 0.312432
v 0.085930 0.168584 0.277952
v 0.089857 -0.049212 0.248377
v 0.083375 0.157836 0.213897
v 0.187293 -0.036188 0.308265
v 0.180811 0.170860 0.273785
v 0.184738 -0.046936 0.244210
v 0.178256 0.160113 0.209731
v 0.091541 0.148984 0.281016
v 0.089998 0.198282 0.272807
v 0.089772 0.141544 0.236671
v 0.088229 0.190841 0.228461
v 0.176435 0.151021 0.277288
v 0.174891 0.200319 0.269078
v 0.174666 0.143581 0.232943
v 0.173122 0.192878 0.224733
vn -0.0000 -0.4999 -0.8661
vn -0.0000 -0.2971 -0.9548
vn 0.3336 -0.2924 -0.8962
vn 0.3089 -0.4956 -0.8118
vn -0.0000 0.8578 -0.5141
vn -0.0000 0.9503 -0.3112
vn 0.0801 0.9515 -0.2971
vn 0.1518 0.8599 -0.4874
vn -0.0000 -0.6784 -0.7347
vn 0.2690 -0.6746 -0.6874
vn -0.0000 0.7229 -0.6909
vn 0.2158 0.7259 -0.6530
vn -0.0000 -0.8238 -0.5669
vn 0.2158 -0.8207 -0.5290
vn -0.0000 0.5527 -0.8334
vn 0.2690 0.5565 -0.7861
vn -0.0000 -0.9287 -0.3708
vn 0.1518 -0.9266 -0.3442
vn -0.0000 0.3556 -0.9347
vn 0.3089 0.3599 -0.8804
vn -0.0000 -0.9878 -0.1558
vn 0.0801 -0.9867 -0.1418
vn -0.0000 0.1412 -0.9900
vn 0.3336 0.1459 -0.9313
vn -0.0000 -0.9968 0.0799
vn -0.0000 -0.0799 -0.9968
vn 0.3420 -0.0751 -0.9367
vn -0.0000 0.9968 -0.0799
vn 0.5806 -0.4830 -0.6554
vn 0.5056 -0.6637 -0.5513
vn 0.2853 0.8661 -0.4105
vn 0.4056 0.7347 -0.5438
vn 0.4056 -0.8120 -0.4198
vn 0.5056 0.5674 -0.6500
vn 0.2853 -0.9204 -0.2673
vn 0.5806 0.3724 -0.7240
vn 0.1506 -0.9834 -0.1012
vn 0.6271 0.1595 -0.7625
vn 0.6428 -0.0612 -0.7636
vn 0.6271 -0.2789 -0.7273
vn 0.1506 0.9547 -0.2566
vn 0.3844 0.8755 -0.2928
vn 0.5464 0.7481 -0.3765
vn 0.6812 -0.6470 -0.3427
vn 0.5464 -0.7985 -0.2525
vn 0.6812 0.5841 -0.4414
vn 0.3844 -0.9110 -0.1496
vn 0.7822 0.3916 -0.4845
vn 0.2029 -0.9784 -0.0391
vn 0.8448 0.1802 -0.5038
vn 0.8660 -0.0400 -0.4984
vn 0.8448 -0.2582 -0.4686
vn 0.2029 0.9597 -0.1945
vn 0.7822 -0.4638 -0.4159
vn 0.7746 -0.6265 -0.0868
vn 0.6214 -0.7821 -0.0472
vn 0.6214 0.7646 -0.1712
vn 0.7746 0.6046 -0.1855
vn 0.4371 -0.8994 -0.0052
vn 0.8895 0.4152 -0.1906
vn 0.2307 -0.9723 0.0371
vn 0.9607 0.2056 -0.1864
vn 0.9848 -0.0139 -0.1731
vn 0.9607 -0.2327 -0.1513
vn 0.2307 0.9658 -0.1182
vn 0.8895 -0.4403 -0.1221
vn 0.4371 0.8871 -0.1484
vn 0.6214 0.7821 0.0472
vn 0.7746 0.6265 0.0868
vn 0.6214 -0.7646 0.1712
vn 0.4371 -0.8871 0.1484
vn 0.8895 0.4403 0.1221
vn 0.2307 -0.9658 0.1182
vn 0.9607 0.2327 0.1513
vn 0.9848 0.0139 0.1731
vn 0.9607 -0.2056 0.1864
vn 0.2307 0.9723 -0.0371
vn 0.8895 -0.4152 0.1906
vn 0.4371 0.8994 0.0052
vn 0.7746 -0.6046 0.1855
vn 0.5464 -0.7481 0.3765
vn 0.3844 -0.8755 0.2928
vn 0.6812 0.6470 0.3427
vn 0.7822 0.4638 0.4159
vn 0.2029 -0.9597 0.1945
vn 0.8448 0.2582 0.4686
vn 0.8660 0.0400 0.4984
vn 0.8448 -0.1802 0.5038
vn 0.2029 0.9784 0.0391
vn 0.7822 -0.3916 0.4845
vn 0.3844 0.9110 0.1496
vn 0.6812 -0.5841 0.4414
vn 0.5464 0.7985 0.2525
vn 0.2853 -0.8661 0.4105
vn 0.1506 -0.9547 0.2566
vn 0.5806 0.4830 0.6554
vn 0.6271 0.2789 0.7273
vn 0.6428 0.0612 0.7636
vn 0.6271 -0.1595 0.7625
vn 0.1506 0.9834 0.1012
vn 0.5806 -0.3724 0.7240
vn 0.2853 0.9204 0.2673
vn 0.5056 -0.5674 0.6500
vn 0.4056 0.8120 0.4198
vn 0.4056 -0.7347 0.5438
vn 0.5056 0.6637 0.5513
vn 0.3089 0.4956 0.8118
vn 0.3336 0.2924 0.8962
vn 0.0801 -0.9515 0.2971
vn 0.3420 0.0751 0.9367
vn 0.3336 -0.1459 0.9313
vn 0.0801 0.9867 0.1418
vn 0.3089 -0.3599 0.8804
vn 0.1518 0.9266 0.3442
vn 0.2690 -0.5565 0.7861
vn 0.2158 0.8207 0.5290
vn 0.2158 -0.7259 0.6530
vn 0.2690 0.6746 0.6874
vn 0.1518 -0.8599 0.4874
vn -0.0000 -0.9503 0.3112
vn -0.0000 0.2971 0.9548
vn -0.0000 0.0799 0.9968
vn -0.0000 -0.1412 0.9900
vn -0.0000 0.9878 0.1558
vn -0.0000 -0.3556 0.9347
vn -0.0000 0.9287 0.3708
vn -0.0000 -0.5527 0.8334
vn -0.0000 0.8238 0.5669
vn -0.0000 -0.7229 0.6909
vn -0.0000 0.6784 0.7347
vn -0.0000 -0.8578 0.5141
vn -0.0000 0.4999 0.8661
vn -0.3336 0.2924 0.8962
vn -0.3420 0.0751 0.9367
vn -0.3336 -0.1459 0.9313
vn -0.0801 0.9867 0.1418
vn -0.3089 -0.3599 0.8804
vn -0.1518 0.9266 0.3442
vn -0.2690 -0.5565 0.7861
vn -0.2158 0.8207 0.5290
vn -0.2158 -0.7259 0.6530
vn -0.2690 0.6746 0.6874
vn -0.1518 -0.8599 0.4874
vn -0.3089 0.4956 0.8118
vn -0.0801 -0.9515 0.2971
vn -0.6428 0.0612 0.7636
vn -0.6271 -0.1595 0.7625
vn -0.1506 0.9834 0.1012
vn -0.5806 -0.3724 0.7240
vn -0.2853 0.9204 0.2673
vn -0.5056 -0.5674 0.6500
vn -0.4056 0.8120 0.4198
vn -0.4056 -0.7347 0.5438
vn -0.5056 0.6637 0.5513
vn -0.2853 -0.8661 0.4105
vn -0.5806 0.4830 0.6554
vn -0.1506 -0.9547 0.2566
vn -0.6271 0.2789 0.7273
vn -0.2029 0.9784 0.0391
vn -0.8448 -0.1802 0.5038
vn -0.7822 -0.3916 0.4845
vn -0.3844 0.9110 0.1496
vn -0.6812 -0.5841 0.4414
vn -0.5464 0.7985 0.2525
vn -0.5464 -0.7481 0.3765
vn -0.6812 0.6470 0.3427
vn -0.3844 -0.8755 0.2928
vn -0.7822 0.4638 0.4159
vn -0.2029 -0.9597 0.1945
vn -0.8448 0.2582 0.4686
vn -0.8660 0.0400 0.4984
vn -0.9607 -0.2056 0.1864
vn -0.8895 -0.4152 0.1906
vn -0.2307 0.9723 -0.0371
vn -0.4371 0.8994 0.0052
vn -0.7746 -0.6046 0.1855
vn -0.6214 0.7821 0.0472
vn -0.6214 -0.7646 0.1712
vn -0.7746 0.6265 0.0868
vn -0.4371 -0.8871 0.1484
vn -0.8895 0.4403 0.1221
vn -0.2307 -0.9658 0.1182
vn -0.9607 0.2327 0.1513
vn -0.9848 0.0139 0.1731
vn -0.2307 0.9658 -0.1182
vn -0.4371 0.8871 -0.1484
vn -0.8895 -0.4403 -0.1221
vn -0.7746 -0.6265 -0.0868
vn -0.6214 0.7646 -0.1712
vn -0.6214 -0.7821 -0.0472
vn -0.7746 0.6046 -0.1855
vn -0.4371 -0.8994 -0.0052
vn -0.8895 0.4152 -0.1906
vn -0.2307 -0.9723 0.0371
vn -0.9607 0.2056 -0.1864
vn -0.9848 -0.0139 -0.1731
vn -0.9607 -0.2327 -0.1513
vn -0.7822 -0.4638 -0.4159
vn -0.6812 -0.6470 -0.3427
vn -0.3844 0.8755 -0.2928
vn -0.5464 0.7481 -0.3765
vn -0.5464 -0.7985 -0.2525
vn -0.6812 0.5841 -0.4414
vn -0.3844 -0.9110 -0.1496
vn -0.7822 0.3916 -0.4845
vn -0.2029 -0.9784 -0.0391
vn -0.8448 0.1802 -0.5038
vn -0.8660 -0.0400 -0.4984
vn -0.8448 -0.2582 -0.4686
vn -0.2029 0.9597 -0.1945
vn -0.5056 -0.6637 -0.5513
vn -0.4056 -0.8120 -0.4198
vn -0.4056 0.7347 -0.5438
vn -0.5056 0.5674 -0.6500
vn -0.2853 -0.9204 -0.2673
vn -0.5806 0.3724 -0.7240
vn -0.1506 -0.9834 -0.1012
vn -0.6271 0.1595 -0.7625
vn -0.6428 -0.0612 -0.7636
vn -0.6271 -0.2789 -0.7273
vn -0.1506 0.9547 -0.2566
vn -0.5806 -0.4830 -0.6554
vn -0.2853 0.8661 -0.4105
vn -0.2158 0.7259 -0.6530
vn -0.2690 0.5565 -0.7861
vn -0.2158 -0.8207 -0.5290
vn -0.1518 -0.9266 -0.3442
vn -0.3089 0.3599 -0.8804
vn -0.0801 -0.9867 -0.1418
vn -0.3337 0.1459 -0.9313
vn -0.3420 -0.0751 -0.9367
vn -0.3337 -0.2924 -0.8962
vn -0.0801 0.9515 -0.2971
vn -0.3089 -0.4956 -0.8118
vn -0.1518 0.8599 -0.4874
vn -0.2690 -0.6746 -0.6874
vn -1.0000 -0.0000 -0.0000
vn 1.0000 -0.0000 -0.0000
vn -0.0000 -0.4428 -0.8966
vn 0.5878 -0.0647 -0.8064
vn 0.5461 -0.4286 -0.7197
vn -0.0000 0.2943 -0.9557
vn -0.0000 0.6281 -0.7781
vn 0.4264 0.6392 -0.6400
vn 0.5461 0.3085 -0.7788
vn -0.0000 0.8738 -0.4863
vn 0.2439 0.8801 -0.4073
vn -0.0000 -0.9401 -0.3409
vn 0.2439 -0.9338 -0.2619
vn -0.0000 -0.7441 -0.6681
vn 0.4264 -0.7330 -0.5300
vn 0.3946 -0.9172 -0.0551
vn 0.8837 -0.3915 -0.2567
vn 0.6899 -0.7040 -0.1685
vn 0.8837 0.3456 -0.3158
vn 0.9511 -0.0247 -0.3080
vn 0.3946 0.8967 -0.2005
vn 0.6899 0.6682 -0.2785
vn 0.3946 0.9172 0.0551
vn 0.6899 0.7040 0.1684
vn 0.6899 -0.6682 0.2785
vn 0.3946 -0.8967 0.2005
vn 0.9511 0.0247 0.3080
vn 0.8837 -0.3456 0.3158
vn 0.8837 0.3915 0.2567
vn 0.4264 -0.6392 0.6400
vn 0.2439 -0.8801 0.4073
vn 0.5878 0.0647 0.8064
vn 0.5461 -0.3085 0.7788
vn 0.4264 0.7330 0.5300
vn 0.5461 0.4286 0.7197
vn 0.2439 0.9338 0.2619
vn -0.0000 0.9401 0.3409
vn -0.0000 -0.8738 0.4863
vn -0.0000 -0.2943 0.9557
vn -0.0000 -0.6281 0.7781
vn -0.0000 0.4428 0.8966
vn -0.0000 0.7441 0.6681
vn -0.5461 -0.3085 0.7788
vn -0.4264 -0.6392 0.6400
vn -0.5461 0.4286 0.7197
vn -0.5878 0.0647 0.8064
vn -0.2439 0.9338 0.2619
vn -0.4264 0.7330 0.5300
vn -0.2439 -0.8801 0.4073
vn -0.6899 -0.6682 0.2785
vn -0.3946 -0.8967 0.2005
vn -0.9511 0.0247 0.3080
vn -0.8837 -0.3456 0.3158
vn -0.6899 0.7040 0.1684
vn -0.8837 0.3915 0.2567
vn -0.3946 0.9172 0.0551
vn -0.9511 -0.0247 -0.3080
vn -0.8837 -0.3915 -0.2567
vn -0.6899 0.6682 -0.2785
vn -0.8837 0.3456 -0.3158
vn -0.3946 0.8967 -0.2005
vn -0.3946 -0.9172 -0.0551
vn -0.6899 -0.7040 -0.1685
vn -0.2439 -0.9338 -0.2619
vn -0.5461 -0.4286 -0.7197
vn -0.4264 -0.7330 -0.5300
vn -0.5461 0.3085 -0.7788
vn -0.5878 -0.0646 -0.8064
vn -0.2439 0.8801 -0.4073
vn -0.4264 0.6392 -0.6400
vn -0.0000 -0.8792 -0.4764
vn -0.0000 -0.5432 -0.8396
vn 0.6225 -0.5226 -0.5826
vn 0.3855 -0.8665 -0.3173
vn -0.0000 0.4025 -0.9154
vn 0.6225 0.4231 -0.6584
vn 0.7071 -0.0565 -0.7048
vn -0.0000 0.7921 -0.6104
vn 0.3855 0.8048 -0.4513
vn 0.8803 0.4729 -0.0379
vn 0.5452 0.8356 -0.0670
vn 0.5452 -0.8356 0.0670
vn 0.8803 -0.4729 0.0379
vn 0.3855 0.8665 0.3173
vn 0.3855 -0.8048 0.4513
vn 0.7071 0.0565 0.7048
vn 0.6225 -0.4231 0.6584
vn 0.6225 0.5226 0.5826
vn -0.0000 -0.7921 0.6104
vn -0.0000 -0.4025 0.9154
vn -0.0000 0.8792 0.4764
vn -0.0000 0.5432 0.8396
vn -0.3855 -0.8048 0.4513
vn -0.7071 0.0565 0.7048
vn -0.6225 -0.4231 0.6584
vn -0.3855 0.8665 0.3173
vn -0.6225 0.5226 0.5826
vn -0.5452 -0.8356 0.0670
vn -0.8803 -0.4729 0.0379
vn -0.5452 0.8356 -0.0670
vn -0.8803 0.4729 -0.0379
vn -0.7071 -0.0565 -0.7048
vn -0.6225 -0.5226 -0.5826
vn -0.3855 0.8048 -0.4513
vn -0.6225 0.4231 -0.6584
vn -0.3855 -0.8665 -0.3173
vn -0.5878 0.0646 0.8064
vn -0.0000 -0.9676 -0.2524
vn -0.0000 -0.8441 -0.5363
vn 0.2612 -0.8393 -0.4768
vn 0.1427 -0.9650 -0.2199
vn -0.0000 -0.3779 -0.9259
vn 0.4339 -0.0720 -0.8981
vn 0.4135 -0.3703 -0.8318
vn -0.0000 0.5104 -0.8600
vn -0.0000 0.7478 -0.6639
vn 0.2612 0.7526 -0.6045
vn 0.3542 0.5168 -0.7794
vn -0.0000 -0.6408 -0.7677
vn 0.3542 -0.6344 -0.6871
vn -0.0000 0.2256 -0.9742
vn 0.4135 0.2331 -0.8801
vn -0.0000 0.9150 -0.4033
vn 0.1427 0.9176 -0.3709
vn 0.7818 -0.0498 -0.6215
vn 0.7452 -0.3492 -0.5682
vn 0.4707 0.7659 -0.4380
vn 0.6383 0.5349 -0.5536
vn 0.2572 -0.9577 -0.1290
vn 0.6383 -0.6163 -0.4613
vn 0.7452 0.2542 -0.6165
vn 0.2572 0.9249 -0.2799
vn 0.4707 -0.8259 -0.3103
vn 0.3207 0.9355 -0.1484
vn 0.5869 0.7852 -0.1973
vn 0.5869 -0.8066 -0.0697
vn 0.3207 -0.9472 0.0025
vn 0.9749 -0.0178 -0.2218
vn 0.9292 -0.3187 -0.1872
vn 0.7960 0.5611 -0.2272
vn 0.7960 -0.5901 -0.1349
vn 0.9292 0.2848 -0.2356
vn 0.7960 -0.5611 0.2272
vn 0.5869 -0.7852 0.1973
vn 0.9292 0.3187 0.1872
vn 0.9749 0.0178 0.2218
vn 0.3207 0.9472 -0.0025
vn 0.5869 0.8066 0.0697
vn 0.3207 -0.9355 0.1484
vn 0.9292 -0.2848 0.2356
vn 0.7960 0.5901 0.1349
vn 0.6383 0.6163 0.4613
vn 0.7452 0.3492 0.5682
vn 0.2572 0.9577 0.1290
vn 0.6383 -0.5349 0.5536
vn 0.4707 -0.7659 0.4379
vn 0.7818 0.0498 0.6215
vn 0.4707 0.8259 0.3103
vn 0.2572 -0.9249 0.2799
vn 0.7452 -0.2542 0.6165
vn 0.4135 -0.2331 0.8801
vn 0.3542 -0.5168 0.7794
vn 0.3542 0.6344 0.6871
vn 0.4135 0.3703 0.8318
vn 0.1427 0.9650 0.2199
vn 0.2612 -0.7526 0.6045
vn 0.4339 0.0720 0.8981
vn 0.2612 0.8393 0.4768
vn 0.1427 -0.9176 0.3709
vn -0.0000 0.8441 0.5363
vn -0.0000 0.6408 0.7677
vn -0.0000 -0.9150 0.4033
vn -0.0000 -0.2256 0.9742
vn -0.0000 -0.5104 0.8600
vn -0.0000 0.3779 0.9259
vn -0.0000 0.9676 0.2524
vn -0.0000 -0.7478 0.6639
vn -0.2612 -0.7526 0.6045
vn -0.1427 -0.9176 0.3709
vn -0.4339 0.0720 0.8981
vn -0.4135 -0.2331 0.8801
vn -0.2612 0.8393 0.4768
vn -0.3542 0.6344 0.6871
vn -0.3542 -0.5168 0.7794
vn -0.4135 0.3703 0.8318
vn -0.1427 0.9650 0.2199
vn -0.7452 0.3492 0.5682
vn -0.7818 0.0498 0.6215
vn -0.2572 0.9577 0.1290
vn -0.4707 0.8259 0.3103
vn -0.4707 -0.7659 0.4379
vn -0.2572 -0.9249 0.2799
vn -0.7452 -0.2542 0.6165
vn -0.6383 0.6163 0.4613
vn -0.6383 -0.5349 0.5536
vn -0.3207 0.9472 -0.0025
vn -0.7960 -0.5611 0.2272
vn -0.5869 -0.7852 0.1973
vn -0.9292 0.3187 0.1872
vn -0.9749 0.0178 0.2218
vn -0.5869 0.8066 0.0697
vn -0.3207 -0.9355 0.1484
vn -0.9292 -0.2848 0.2356
vn -0.7960 0.5901 0.1349
vn -0.7960 0.5611 -0.2272
vn -0.9292 0.2848 -0.2356
vn -0.3207 0.9355 -0.1484
vn -0.7960 -0.5901 -0.1349
vn -0.5869 -0.8066 -0.0697
vn -0.9749 -0.0178 -0.2218
vn -0.5869 0.7852 -0.1973
vn -0.3207 -0.9472 0.0025
vn -0.9292 -0.3187 -0.1872
vn -0.2572 -0.9577 -0.1290
vn -0.7452 -0.3492 -0.5682
vn -0.6383 -0.6163 -0.4613
vn -0.6383 0.5349 -0.5536
vn -0.7452 0.2542 -0.6165
vn -0.2572 0.9249 -0.2799
vn -0.4707 -0.8259 -0.3103
vn -0.7818 -0.0498 -0.6215
vn -0.4707 0.7659 -0.4379
vn -0.4339 -0.0720 -0.8981
vn -0.4135 -0.3703 -0.8318
vn -0.2612 0.7526 -0.6045
vn -0.3542 0.5168 -0.7794
vn -0.1427 -0.9650 -0.2199
vn -0.3542 -0.6344 -0.6871
vn -0.4135 0.2331 -0.8801
vn -0.1427 0.9176 -0.3709
vn -0.2612 -0.8393 -0.4768
vn -0.0000 -0.4276 -0.9040
vn -0.0000 0.8315 -0.5555
vn 0.3786 0.8045 -0.4577
vn 0.3786 -0.4547 -0.8062
vn 0.6557 0.7305 -0.1906
vn 0.6557 -0.5286 -0.5391
vn 0.7572 0.6296 0.1742
vn 0.7572 -0.6296 -0.1742
vn 0.6557 0.5286 0.5391
vn 0.6557 -0.7305 0.1906
vn 0.3786 0.4547 0.8062
vn 0.3786 -0.8045 0.4577
vn -0.0000 0.4276 0.9040
vn -0.0000 -0.8315 0.5555
vn -0.3786 0.4547 0.8062
vn -0.3786 -0.8045 0.4577
vn -0.6557 0.5286 0.5391
vn -0.6557 -0.7305 0.1906
vn -0.7572 0.6296 0.1742
vn -0.7572 -0.6296 -0.1742
vn -0.6557 0.7305 -0.1906
vn -0.6557 -0.5286 -0.5391
vn -0.3786 0.8045 -0.4577
vn -0.3786 -0.4547 -0.8062
vn -0.0000 0.2667 -0.9638
vn -0.0000 -0.2667 0.9638
vn -0.0000 -0.9638 -0.2667
vn -0.0000 0.9638 0.2667
vn -0.0000 0.5227 -0.8525
vn -0.0000 -0.5227 0.8525
vn -0.0000 -0.8525 -0.5227
vn -0.0000 0.8525 0.5227
vn -0.0000 0.5035 -0.8640
vn 0.3700 0.4839 -0.7930
vn 0.3827 0.2464 -0.8904
vn -0.0000 0.8645 -0.5027
vn -0.0000 0.9644 -0.2644
vn 0.1959 0.9540 -0.2268
vn 0.2736 0.8500 -0.4502
vn -0.0000 -0.6913 -0.7226
vn -0.0000 -0.4830 -0.8756
vn 0.2736 -0.4975 -0.8232
vn 0.1959 -0.7017 -0.6850
vn -0.0000 0.0123 -0.9999
vn 0.3700 -0.0073 -0.9290
vn -0.0000 0.7073 -0.7069
vn 0.3329 0.6896 -0.6431
vn -0.0000 -0.8539 -0.5205
vn 0.1048 -0.8594 -0.5004
vn -0.0000 1.0000 -0.0075
vn 0.1048 0.9944 0.0126
vn -0.0000 -0.2432 -0.9700
vn 0.3329 -0.2608 -0.9062
vn 0.3621 -0.7313 -0.5781
vn 0.1937 -0.8753 -0.4432
vn 0.1937 0.9786 0.0699
vn 0.6838 -0.0632 -0.7270
vn 0.6152 -0.3111 -0.7244
vn 0.6152 0.6393 -0.4614
vn 0.6838 0.4280 -0.5910
vn 0.3621 0.9244 -0.1198
vn 0.5056 -0.5389 -0.6738
vn 0.7071 0.1886 -0.6815
vn 0.5056 0.8086 -0.3008
vn 0.4730 0.8801 0.0403
vn 0.6606 0.7467 -0.0773
vn 0.6606 -0.6008 -0.4502
vn 0.4730 -0.7756 -0.4180
vn 0.9239 0.1021 -0.3688
vn 0.8934 -0.1469 -0.4246
vn 0.8038 0.5640 -0.1893
vn 0.2531 -0.8990 -0.3576
vn 0.2531 0.9549 0.1555
vn 0.8038 -0.3864 -0.4524
vn 0.8934 0.3443 -0.2887
vn 0.2739 -0.9269 -0.2565
vn 0.2739 0.9269 0.2565
vn 0.5120 0.8279 0.2291
vn 0.8700 -0.4752 -0.1315
vn 0.7151 -0.6737 -0.1865
vn 0.9670 0.2456 0.0680
vn 0.7151 0.6737 0.1865
vn 0.5120 -0.8279 -0.2291
vn 0.9670 -0.2456 -0.0680
vn 0.8700 0.4752 0.1315
vn 0.6606 0.6008 0.4502
vn 0.8038 0.3864 0.4524
vn 0.4730 -0.8801 -0.0403
vn 0.2531 -0.9549 -0.1555
vn 0.2531 0.8990 0.3576
vn 0.8934 -0.3443 0.2887
vn 0.8038 -0.5640 0.1893
vn 0.8934 0.1469 0.4246
vn 0.4730 0.7756 0.4180
vn 0.6606 -0.7467 0.0773
vn 0.9239 -0.1021 0.3688
vn 0.3621 0.7313 0.5781
vn 0.5056 0.5389 0.6738
vn 0.5056 -0.8086 0.3008
vn 0.3621 -0.9244 0.1198
vn 0.7071 -0.1886 0.6815
vn 0.6838 -0.4280 0.5910
vn 0.6152 0.3111 0.7244
vn 0.1937 -0.9786 -0.0699
vn 0.1937 0.8753 0.4432
vn 0.6152 -0.6393 0.4614
vn 0.6838 0.0632 0.7270
vn 0.3329 0.2608 0.9062
vn 0.3700 0.0073 0.9290
vn 0.1048 -0.9944 -0.0126
vn 0.1048 0.8594 0.5004
vn 0.1959 0.7017 0.6850
vn 0.3329 -0.6896 0.6431
vn 0.2736 -0.8500 0.4502
vn 0.3827 -0.2464 0.8904
vn 0.2736 0.4975 0.8232
vn 0.1959 -0.9540 0.2268
vn 0.3700 -0.4839 0.7930
vn -0.0000 0.4830 0.8756
vn -0.0000 0.2432 0.9700
vn -0.0000 -0.9644 0.2644
vn -0.0000 -1.0000 0.0075
vn -0.0000 0.8539 0.5205
vn -0.0000 -0.5035 0.8640
vn -0.0000 -0.7073 0.7069
vn -0.0000 -0.0123 0.9999
vn -0.0000 0.6913 0.7226
vn -0.0000 -0.8645 0.5027
vn -0.3700 0.0073 0.9290
vn -0.3827 -0.2464 0.8904
vn -0.1959 0.7017 0.6850
vn -0.2736 0.4975 0.8232
vn -0.2736 -0.8500 0.4502
vn -0.1959 -0.9540 0.2268
vn -0.3700 -0.4839 0.7930
vn -0.3329 0.2608 0.9062
vn -0.1048 -0.9944 -0.0126
vn -0.1048 0.8594 0.5004
vn -0.3329 -0.6896 0.6431
vn -0.6152 0.3111 0.7244
vn -0.6838 0.0632 0.7270
vn -0.1937 -0.9786 -0.0699
vn -0.1937 0.8753 0.4432
vn -0.3621 0.7313 0.5781
vn -0.6152 -0.6393 0.4614
vn -0.5056 -0.8086 0.3008
vn -0.7071 -0.1886 0.6815
vn -0.5056 0.5389 0.6738
vn -0.3621 -0.9244 0.1198
vn -0.6838 -0.4280 0.5910
vn -0.9239 -0.1021 0.3688
vn -0.8934 -0.3443 0.2887
vn -0.6606 0.6008 0.4502
vn -0.8038 0.3864 0.4524
vn -0.4730 -0.8801 -0.0403
vn -0.2531 -0.9549 -0.1555
vn -0.2531 0.8990 0.3576
vn -0.8038 -0.5640 0.1893
vn -0.8934 0.1469 0.4246
vn -0.4730 0.7756 0.4180
vn -0.6606 -0.7467 0.0773
vn -0.9670 0.2456 0.0680
vn -0.5120 0.8279 0.2291
vn -0.7151 0.6737 0.1865
vn -0.7151 -0.6737 -0.1865
vn -0.5120 -0.8279 -0.2291
vn -0.9670 -0.2456 -0.0680
vn -0.8700 0.4752 0.1315
vn -0.2739 -0.9269 -0.2565
vn -0.2739 0.9269 0.2565
vn -0.8700 -0.4752 -0.1315
vn -0.8934 -0.1469 -0.4246
vn -0.8038 -0.3864 -0.4524
vn -0.8038 0.5640 -0.1893
vn -0.8934 0.3443 -0.2887
vn -0.2531 -0.8990 -0.3576
vn -0.2531 0.9549 0.1555
vn -0.4730 0.8801 0.0403
vn -0.6606 -0.6008 -0.4502
vn -0.9239 0.1021 -0.3688
vn -0.6606 0.7467 -0.0773
vn -0.4730 -0.7756 -0.4180
vn -0.7071 0.1886 -0.6815
vn -0.6838 -0.0632 -0.7270
vn -0.5056 0.8086 -0.3008
vn -0.6152 0.6393 -0.4614
vn -0.3621 -0.7313 -0.5781
vn -0.1937 -0.8753 -0.4432
vn -0.1937 0.9786 0.0699
vn -0.6152 -0.3111 -0.7244
vn -0.6838 0.4280 -0.5910
vn -0.3621 0.9244 -0.1198
vn -0.5056 -0.5389 -0.6738
vn -0.3329 -0.2608 -0.9062
vn -0.2736 -0.4975 -0.8232
vn -0.3700 0.4839 -0.7930
vn -0.3827 0.2464 -0.8904
vn -0.1959 0.9540 -0.2268
vn -0.2736 0.8500 -0.4502
vn -0.1959 -0.7017 -0.6850
vn -0.3700 -0.0073 -0.9290
vn -0.3329 0.6896 -0.6431
vn -0.1048 -0.8594 -0.5004
vn -0.1048 0.9944 0.0126
vn -0.8094 -0.4286 -0.4014
vn -0.6769 0.7151 0.1747
vn -0.4381 0.8763 -0.2004
vn -0.5706 -0.2674 -0.7765
vn -0.0066 0.9213 -0.3889
vn -0.1392 -0.2224 -0.9650
vn 0.4526 0.8328 -0.3188
vn 0.3201 -0.3109 -0.8949
vn 0.7644 0.6446 -0.0169
vn 0.6318 -0.4991 -0.5930
vn 0.8094 0.4286 0.4014
vn 0.6769 -0.7151 -0.1747
vn 0.5706 0.2674 0.7765
vn 0.4381 -0.8763 0.2004
vn 0.1392 0.2224 0.9650
vn 0.0066 -0.9213 0.3889
vn -0.3201 0.3109 0.8949
vn -0.4526 -0.8328 0.3188
vn -0.6318 0.4991 0.5930
vn -0.7644 -0.6446 0.0169
vn -0.2154 -0.4193 0.8819
vn -0.9711 0.1872 -0.1481
vn 0.2154 0.4193 -0.8819
vn 0.9711 -0.1872 0.1481
vn -0.1029 -0.8883 -0.4475
vn 0.1029 0.8883 0.4475
vn 0.8094 -0.4286 -0.4014
vn 0.6769 0.7151 0.1747
vn 0.6318 0.4991 0.5930
vn 0.7644 -0.6446 0.0169
vn 0.3201 0.3109 0.8949
vn 0.4526 -0.8328 0.3188
vn -0.1392 0.2224 0.9650
vn -0.0066 -0.9213 0.3889
vn -0.5706 0.2674 0.7765
vn -0.4381 -0.8763 0.2004
vn -0.8094 0.4286 0.4014
vn -0.6769 -0.7151 -0.1747
vn -0.7644 0.6446 -0.0169
vn -0.6318 -0.4991 -0.5930
vn -0.4526 0.8328 -0.3188
vn -0.3201 -0.3109 -0.8949
vn 0.0066 0.9213 -0.3889
vn 0.1392 -0.2224 -0.9650
vn 0.4381 0.8763 -0.2004
vn 0.5706 -0.2674 -0.7765
vn -0.2154 0.4193 -0.8819
vn 0.9711 0.1872 -0.1481
vn 0.2154 -0.4193 0.8819
vn -0.9711 -0.1872 0.1481
vn 0.1029 -0.8883 -0.4475
vn -0.1029 0.8883 0.4475
vn 0.0433 -0.0249 -0.9988
vn 0.0321 0.9804 -0.1945
vn 0.4741 0.8784 -0.0608
vn 0.4853 -0.1269 -0.8651
vn 0.7329 0.6328 0.2497
vn 0.7441 -0.3724 -0.5546
vn 0.7097 0.3375 0.6184
vn 0.7209 -0.6677 -0.1858
vn 0.4132 0.1053 0.9045
vn 0.4244 -0.8999 0.1003
vn -0.0433 0.0249 0.9988
vn -0.0321 -0.9804 0.1945
vn -0.4853 0.1269 0.8651
vn -0.4741 -0.8784 0.0608
vn -0.7441 0.3724 0.5546
vn -0.7329 -0.6328 -0.2497
vn -0.7209 0.6677 0.1858
vn -0.7097 -0.3375 -0.6184
vn -0.4244 0.8999 -0.1003
vn -0.4132 -0.1053 -0.9045
vn 0.0403 -0.1338 -0.9902
vn 0.0361 0.9532 -0.3003
vn 0.4780 0.8641 -0.1573
vn 0.4822 -0.2228 -0.8472
vn 0.7366 0.6526 0.1775
vn 0.7408 -0.4343 -0.5124
vn 0.7130 0.3994 0.5763
vn 0.7172 -0.6875 -0.1136
vn 0.4163 0.2013 0.8867
vn 0.4205 -0.8857 0.1968
vn -0.0403 0.1338 0.9902
vn -0.0361 -0.9532 0.3003
vn -0.4822 0.2228 0.8472
vn -0.4780 -0.8641 0.1573
vn -0.7408 0.4343 0.5124
vn -0.7366 -0.6526 -0.1775
vn -0.7172 0.6875 0.1136
vn -0.7130 -0.3994 -0.5763
vn -0.4205 0.8857 -0.1968
vn -0.4163 -0.2013 -0.8867
vn -0.9988 0.0240 -0.0439
vn 0.0499 0.5353 -0.8432
vn 0.9988 -0.0240 0.0439
vn -0.0499 -0.5353 0.8432
vn 0.0033 -0.8443 -0.5359
vn -0.0033 0.8443 0.5359
vn -0.0357 -0.2713 -0.9618
vn -0.0406 0.9015 -0.4309
vn 0.4160 0.8521 -0.3176
vn 0.4208 -0.3207 -0.8486
vn 0.7127 0.7012 0.0184
vn 0.7175 -0.4716 -0.5126
vn 0.7363 0.5065 0.4487
vn 0.7411 -0.6663 -0.0822
vn 0.4777 0.3423 0.8091
vn 0.4825 -0.8305 0.2782
vn 0.0357 0.2713 0.9618
vn 0.0406 -0.9015 0.4309
vn -0.4208 0.3207 0.8486
vn -0.4160 -0.8521 0.3176
vn -0.7175 0.4716 0.5126
vn -0.7127 -0.7012 -0.0184
vn -0.7411 0.6663 0.0822
vn -0.7363 -0.5065 -0.4487
vn -0.4825 0.8305 -0.2782
vn -0.4777 -0.3423 -0.8091
vn -0.0102 -0.7612 -0.6484
vn -0.0500 0.5081 -0.8598
vn 0.4050 0.5431 -0.7355
vn 0.4448 -0.7263 -0.5241
vn 0.6977 0.6130 -0.3707
vn 0.7375 -0.6563 -0.1593
vn 0.7163 0.6912 0.0954
vn 0.7561 -0.5781 0.3068
vn 0.4537 0.7478 0.4847
vn 0.4935 -0.5215 0.6961
vn 0.0102 0.7612 0.6484
vn 0.0500 -0.5081 0.8598
vn -0.4448 0.7263 0.5241
vn -0.4050 -0.5431 0.7355
vn -0.7375 0.6563 0.1593
vn -0.6977 -0.6130 0.3707
vn -0.7561 0.5781 -0.3068
vn -0.7163 -0.6912 -0.0954
vn -0.4935 0.5215 -0.6961
vn -0.4537 -0.7478 -0.4847
vn -0.9988 -0.0240 0.0439
vn -0.0393 -0.1653 -0.9855
vn 0.9988 0.0240 -0.0439
vn 0.0393 0.1653 0.9855
vn 0.0309 -0.9859 0.1642
vn -0.0309 0.9859 -0.1642
vt 0.722222 0.357143
vt 0.722222 0.428571
vt 0.666667 0.428571
vt 0.666667 0.357143
vt 0.722222 0.857143
vt 0.722222 0.928571
vt 0.666667 0.928571
vt 0.666667 0.857143
vt 0.722222 0.285714
vt 0.666667 0.285714
vt 0.722222 0.785714
vt 0.666667 0.785714
vt 0.722222 0.214286
vt 0.666667 0.214286
vt 0.722222 0.714286
vt 0.666667 0.714286
vt 0.722222 0.142857
vt 0.666667 0.142857
vt 0.722222 0.642857
vt 0.666667 0.642857
vt 0.722222 0.071429
vt 0.666667 0.071429
vt 0.722222 0.571429
vt 0.666667 0.571429
vt 0.694444 0.000000
vt 0.722222 0.500000
vt 0.666667 0.500000
vt 0.694444 1.000000
vt 0.611111 0.357143
vt 0.611111 0.285714
vt 0.611111 0.857143
vt 0.611111 0.785714
vt 0.611111 0.214286
vt 0.611111 0.714286
vt 0.611111 0.142857
vt 0.611111 0.642857
vt 0.611111 0.071429
vt 0.611111 0.571429
vt 0.638889 0.000000
vt 0.611111 0.500000
vt 0.611111 0.428571
vt 0.638889 1.000000
vt 0.611111 0.928571
vt 0.555555 0.857143
vt 0.555556 0.785714
vt 0.555555 0.285714
vt 0.555556 0.214286
vt 0.555555 0.714286
vt 0.555555 0.142857
vt 0.555555 0.642857
vt 0.555556 0.071429
vt 0.555555 0.571429
vt 0.583333 0.000000
vt 0.555555 0.500000
vt 0.555555 0.428571
vt 0.583333 1.000000
vt 0.555556 0.928571
vt 0.555555 0.357143
vt 0.500000 0.285714
vt 0.500000 0.214286
vt 0.500000 0.785714
vt 0.500000 0.714286
vt 0.500000 0.142857
vt 0.500000 0.642857
vt 0.500000 0.071429
vt 0.500000 0.571429
vt 0.527778 0.000000
vt 0.500000 0.500000
vt 0.500000 0.428571
vt 0.527778 1.000000
vt 0.500000 0.928571
vt 0.500000 0.357143
vt 0.500000 0.857143
vt 0.444444 0.785714
vt 0.444444 0.714286
vt 0.444444 0.214286
vt 0.444444 0.142857
vt 0.444444 0.642857
vt 0.444444 0.071429
vt 0.444444 0.571429
vt 0.472222 0.000000
vt 0.444444 0.500000
vt 0.444444 0.428571
vt 0.472222 1.000000
vt 0.444444 0.928571
vt 0.444444 0.357143
vt 0.444444 0.857143
vt 0.444444 0.285714
vt 0.388889 0.214286
vt 0.388889 0.142857
vt 0.388889 0.714286
vt 0.388889 0.642857
vt 0.388889 0.071429
vt 0.388889 0.571429
vt 0.416667 0.000000
vt 0.388889 0.500000
vt 0.388889 0.428571
vt 0.416667 1.000000
vt 0.388889 0.928571
vt 0.388889 0.357143
vt 0.388889 0.857143
vt 0.388889 0.285714
vt 0.388889 0.785714
vt 0.333333 0.142857
vt 0.333333 0.071429
vt 0.333333 0.642857
vt 0.333333 0.571429
vt 0.361111 0.000000
vt 0.333333 0.500000
vt 0.333333 0.428571
vt 0.361111 1.000000
vt 0.333333 0.928571
vt 0.333333 0.357143
vt 0.333333 0.857143
vt 0.333333 0.285714
vt 0.333333 0.785714
vt 0.333333 0.214286
vt 0.333333 0.714286
vt 0.277778 0.642857
vt 0.277778 0.571429
vt 0.305556 0.000000
vt 0.277778 0.071429
vt 0.277778 0.500000
vt 0.277778 0.428571
vt 0.305556 1.000000
vt 0.277778 0.928571
vt 0.277778 0.357143
vt 0.277778 0.857143
vt 0.277778 0.285714
vt 0.277778 0.785714
vt 0.277778 0.214286
vt 0.277778 0.714286
vt 0.277778 0.142857
vt 0.250000 0.000000
vt 0.222222 0.071429
vt 0.222222 0.571429
vt 0.222222 0.500000
vt 0.222222 0.428571
vt 0.250000 1.000000
vt 0.222222 0.928571
vt 0.222222 0.357143
vt 0.222222 0.857143
vt 0.222222 0.285714
vt 0.222222 0.785714
vt 0.222222 0.214286
vt 0.222222 0.714286
vt 0.222222 0.142857
vt 0.222222 0.642857
vt 0.166667 0.571429
vt 0.166667 0.500000
vt 0.166667 0.428571
vt 0.194444 1.000000
vt 0.166667 0.928571
vt 0.166667 0.357143
vt 0.166667 0.857143
vt 0.166667 0.285714
vt 0.166667 0.785714
vt 0.166667 0.214286
vt 0.166667 0.714286
vt 0.166667 0.142857
vt 0.166667 0.642857
vt 0.166667 0.071429
vt 0.194444 0.000000
vt 0.111111 0.500000
vt 0.111111 0.428571
vt 0.138889 1.000000
vt 0.111111 0.928571
vt 0.111111 0.357143
vt 0.111111 0.857143
vt 0.111111 0.285714
vt 0.111111 0.785714
vt 0.111111 0.214286
vt 0.111111 0.714286
vt 0.111111 0.142857
vt 0.111111 0.642857
vt 0.111111 0.071429
vt 0.111111 0.571429
vt 0.138889 0.000000
vt 0.083333 1.000000
vt 0.055556 0.928571
vt 0.055556 0.428571
vt 0.055556 0.357143
vt 0.055556 0.857143
vt 0.055556 0.285714
vt 0.055556 0.785714
vt 0.055556 0.214286
vt 0.055556 0.714286
vt 0.055556 0.142857
vt 0.055556 0.642857
vt 0.055556 0.071429
vt 0.055556 0.571429
vt 0.083333 0.000000
vt 0.055556 0.500000
vt 0.000000 0.428571
vt 0.000000 0.357143
vt 0.000000 0.928571
vt 0.000000 0.857143
vt 0.000000 0.285714
vt 0.000000 0.785714
vt 0.000000 0.214286
vt 0.000000 0.714286
vt 0.000000 0.142857
vt 0.000000 0.642857
vt 0.000000 0.071429
vt 0.000000 0.571429
vt 0.027778 0.000000
vt 0.000000 0.500000
vt 0.027778 1.000000
vt 1.000000 0.857143
vt 1.000000 0.928571
vt 0.944444 0.928571
vt 0.944444 0.857143
vt 1.000000 0.285714
vt 1.000000 0.357143
vt 0.944444 0.357143
vt 0.944444 0.285714
vt 1.000000 0.785714
vt 0.944444 0.785714
vt 1.000000 0.214286
vt 0.944444 0.214286
vt 1.000000 0.714286
vt 0.944444 0.714286
vt 1.000000 0.142857
vt 0.944444 0.142857
vt 1.000000 0.642857
vt 0.944444 0.642857
vt 1.000000 0.071429
vt 0.944444 0.071429
vt 1.000000 0.571429
vt 0.944444 0.571429
vt 0.972222 0.000000
vt 1.000000 0.500000
vt 0.944444 0.500000
vt 1.000000 0.428571
vt 0.944444 0.428571
vt 0.972222 1.000000
vt 0.888889 0.357143
vt 0.888889 0.285714
vt 0.888889 0.857143
vt 0.888889 0.785714
vt 0.888889 0.214286
vt 0.888889 0.714286
vt 0.888889 0.142857
vt 0.888889 0.642857
vt 0.888889 0.071429
vt 0.888889 0.571429
vt 0.916667 0.000000
vt 0.888889 0.500000
vt 0.888889 0.428571
vt 0.916667 1.000000
vt 0.888889 0.928571
vt 0.833333 0.285714
vt 0.833333 0.214286
vt 0.833333 0.785714
vt 0.833333 0.714286
vt 0.833333 0.142857
vt 0.833333 0.642857
vt 0.833333 0.071429
vt 0.833333 0.571429
vt 0.861111 0.000000
vt 0.833333 0.500000
vt 0.833333 0.428571
vt 0.861111 1.000000
vt 0.833333 0.928571
vt 0.833333 0.357143
vt 0.833333 0.857143
vt 0.777778 0.785714
vt 0.777778 0.714286
vt 0.777778 0.214286
vt 0.777778 0.142857
vt 0.777778 0.642857
vt 0.777778 0.071429
vt 0.777778 0.571429
vt 0.805556 0.000000
vt 0.777778 0.500000
vt 0.777778 0.428571
vt 0.805556 1.000000
vt 0.777778 0.928571
vt 0.777778 0.357143
vt 0.777778 0.857143
vt 0.777778 0.285714
vt 0.750000 0.000000
vt 0.750000 1.000000
vt 0.375000 0.000000
vt 0.625000 0.000000
vt 0.625000 0.250000
vt 0.375000 0.250000
vt 0.625000 0.500000
vt 0.375000 0.500000
vt 0.625000 0.750000
vt 0.375000 0.750000
vt 0.625000 1.000000
vt 0.375000 1.000000
vt 0.125000 0.500000
vt 0.125000 0.750000
vt 0.875000 0.500000
vt 0.875000 0.750000
vt 0.700000 0.375000
vt 0.700000 0.500000
vt 0.600000 0.500000
vt 0.600000 0.375000
vt 0.700000 0.625000
vt 0.700000 0.750000
vt 0.600000 0.750000
vt 0.600000 0.625000
vt 0.700000 0.875000
vt 0.650000 1.000000
vt 0.600000 0.875000
vt 0.650000 0.000000
vt 0.700000 0.125000
vt 0.600000 0.125000
vt 0.700000 0.250000
vt 0.600000 0.250000
vt 0.550000 0.000000
vt 0.500000 0.125000
vt 0.500000 0.375000
vt 0.500000 0.250000
vt 0.500000 0.625000
vt 0.500000 0.500000
vt 0.500000 0.875000
vt 0.500000 0.750000
vt 0.550000 1.000000
vt 0.400000 0.875000
vt 0.400000 0.750000
vt 0.400000 0.250000
vt 0.400000 0.125000
vt 0.400000 0.500000
vt 0.400000 0.375000
vt 0.400000 0.625000
vt 0.450000 1.000000
vt 0.450000 0.000000
vt 0.300000 0.250000
vt 0.300000 0.125000
vt 0.300000 0.500000
vt 0.300000 0.375000
vt 0.300000 0.750000
vt 0.300000 0.625000
vt 0.350000 1.000000
vt 0.300000 0.875000
vt 0.350000 0.000000
vt 0.250000 1.000000
vt 0.200000 0.875000
vt 0.250000 0.000000
vt 0.200000 0.125000
vt 0.200000 0.375000
vt 0.200000 0.250000
vt 0.200000 0.625000
vt 0.200000 0.500000
vt 0.200000 0.750000
vt 0.100000 0.375000
vt 0.100000 0.250000
vt 0.100000 0.625000
vt 0.100000 0.500000
vt 0.100000 0.875000
vt 0.100000 0.750000
vt 0.100000 0.125000
vt 0.150000 1.000000
vt 0.150000 0.000000
vt 0.000000 0.250000
vt 0.000000 0.125000
vt 0.000000 0.500000
vt 0.000000 0.375000
vt 0.000000 0.750000
vt 0.000000 0.625000
vt 0.050000 1.000000
vt 0.000000 0.875000
vt 0.050000 0.000000
vt 1.000000 0.375000
vt 1.000000 0.500000
vt 0.900000 0.500000
vt 0.900000 0.375000
vt 1.000000 0.625000
vt 1.000000 0.750000
vt 0.900000 0.750000
vt 0.900000 0.625000
vt 1.000000 0.875000
vt 0.950000 1.000000
vt 0.900000 0.875000
vt 0.950000 0.000000
vt 1.000000 0.125000
vt 0.900000 0.125000
vt 1.000000 0.250000
vt 0.900000 0.250000
vt 0.850000 0.000000
vt 0.800000 0.125000
vt 0.800000 0.375000
vt 0.800000 0.250000
vt 0.800000 0.625000
vt 0.800000 0.500000
vt 0.800000 0.875000
vt 0.800000 0.750000
vt 0.850000 1.000000
vt 0.750000 0.166667
vt 0.750000 0.333333
vt 0.625000 0.333333
vt 0.625000 0.166667
vt 0.750000 0.500000
vt 0.750000 0.666667
vt 0.625000 0.666667
vt 0.750000 0.833333
vt 0.687500 1.000000
vt 0.625000 0.833333
vt 0.687500 0.000000
vt 0.500000 0.666667
vt 0.562500 1.000000
vt 0.500000 0.833333
vt 0.562500 0.000000
vt 0.500000 0.166667
vt 0.500000 0.333333
vt 0.437500 1.000000
vt 0.375000 0.833333
vt 0.437500 0.000000
vt 0.375000 0.166667
vt 0.375000 0.333333
vt 0.375000 0.666667
vt 0.312500 0.000000
vt 0.250000 0.166667
vt 0.250000 0.500000
vt 0.250000 0.333333
vt 0.250000 0.833333
vt 0.250000 0.666667
vt 0.312500 1.000000
vt 0.187500 0.000000
vt 0.125000 0.166667
vt 0.125000 0.333333
vt 0.125000 0.833333
vt 0.125000 0.666667
vt 0.187500 1.000000
vt 0.062500 0.000000
vt 0.000000 0.166667
vt 0.000000 0.333333
vt 0.000000 0.833333
vt 0.000000 0.666667
vt 0.062500 1.000000
vt 1.000000 0.333333
vt 1.000000 0.500000
vt 0.875000 0.333333
vt 1.000000 0.666667
vt 1.000000 0.833333
vt 0.875000 0.833333
vt 0.875000 0.666667
vt 1.000000 0.166667
vt 0.875000 0.166667
vt 0.937500 1.000000
vt 0.937500 0.000000
vt 0.812500 1.000000
vt 0.812500 0.000000
vt 0.714286 0.100000
vt 0.714286 0.200000
vt 0.642857 0.200000
vt 0.642857 0.100000
vt 0.714286 0.400000
vt 0.714286 0.500000
vt 0.642857 0.500000
vt 0.642857 0.400000
vt 0.714286 0.700000
vt 0.714286 0.800000
vt 0.642857 0.800000
vt 0.642857 0.700000
vt 0.678571 0.000000
vt 0.714286 0.300000
vt 0.642857 0.300000
vt 0.714286 0.600000
vt 0.642857 0.600000
vt 0.714286 0.900000
vt 0.678571 1.000000
vt 0.642857 0.900000
vt 0.571429 0.500000
vt 0.571429 0.400000
vt 0.571429 0.800000
vt 0.571429 0.700000
vt 0.607143 0.000000
vt 0.571429 0.100000
vt 0.571429 0.300000
vt 0.571429 0.600000
vt 0.607143 1.000000
vt 0.571429 0.900000
vt 0.571429 0.200000
vt 0.500000 0.900000
vt 0.500000 0.800000
vt 0.500000 0.200000
vt 0.500000 0.100000
vt 0.500000 0.400000
vt 0.500000 0.700000
vt 0.535714 0.000000
vt 0.500000 0.300000
vt 0.500000 0.600000
vt 0.535714 1.000000
vt 0.428571 0.300000
vt 0.428571 0.200000
vt 0.428571 0.600000
vt 0.428571 0.500000
vt 0.428571 0.900000
vt 0.428571 0.800000
vt 0.428571 0.100000
vt 0.428571 0.400000
vt 0.428571 0.700000
vt 0.464286 0.000000
vt 0.464286 1.000000
vt 0.357143 0.700000
vt 0.357143 0.600000
vt 0.392857 1.000000
vt 0.357143 0.900000
vt 0.357143 0.300000
vt 0.357143 0.200000
vt 0.357143 0.500000
vt 0.357143 0.800000
vt 0.357143 0.100000
vt 0.357143 0.400000
vt 0.392857 0.000000
vt 0.285714 0.400000
vt 0.285714 0.300000
vt 0.285714 0.700000
vt 0.285714 0.600000
vt 0.321429 1.000000
vt 0.285714 0.900000
vt 0.285714 0.200000
vt 0.285714 0.500000
vt 0.285714 0.800000
vt 0.285714 0.100000
vt 0.321429 0.000000
vt 0.214286 0.800000
vt 0.214286 0.700000
vt 0.214286 0.100000
vt 0.214286 0.400000
vt 0.214286 0.300000
vt 0.214286 0.600000
vt 0.214286 0.900000
vt 0.214286 0.200000
vt 0.214286 0.500000
vt 0.142857 0.200000
vt 0.142857 0.100000
vt 0.142857 0.500000
vt 0.142857 0.400000
vt 0.142857 0.800000
vt 0.142857 0.700000
vt 0.178571 0.000000
vt 0.142857 0.300000
vt 0.142857 0.600000
vt 0.178571 1.000000
vt 0.142857 0.900000
vt 0.071429 0.600000
vt 0.071429 0.500000
vt 0.071429 0.900000
vt 0.071429 0.800000
vt 0.071429 0.200000
vt 0.071429 0.100000
vt 0.071429 0.400000
vt 0.071429 0.700000
vt 0.107143 0.000000
vt 0.071429 0.300000
vt 0.107143 1.000000
vt 0.035714 1.000000
vt 0.000000 0.900000
vt 0.000000 0.300000
vt 0.000000 0.200000
vt 0.000000 0.600000
vt 0.000000 0.800000
vt 0.000000 0.100000
vt 0.000000 0.400000
vt 0.000000 0.700000
vt 0.035714 0.000000
vt 1.000000 0.600000
vt 1.000000 0.700000
vt 0.928571 0.700000
vt 0.928571 0.600000
vt 1.000000 0.900000
vt 0.964286 1.000000
vt 0.928571 0.900000
vt 1.000000 0.200000
vt 1.000000 0.300000
vt 0.928571 0.300000
vt 0.928571 0.200000
vt 0.928571 0.500000
vt 1.000000 0.800000
vt 0.928571 0.800000
vt 1.000000 0.100000
vt 0.928571 0.100000
vt 1.000000 0.400000
vt 0.928571 0.400000
vt 0.964286 0.000000
vt 0.892857 0.000000
vt 0.857143 0.100000
vt 0.857143 0.400000
vt 0.857143 0.300000
vt 0.857143 0.700000
vt 0.857143 0.600000
vt 0.892857 1.000000
vt 0.857143 0.900000
vt 0.857143 0.200000
vt 0.857143 0.500000
vt 0.857143 0.800000
vt 0.785714 0.500000
vt 0.785714 0.400000
vt 0.785714 0.800000
vt 0.785714 0.700000
vt 0.821429 0.000000
vt 0.785714 0.100000
vt 0.785714 0.300000
vt 0.785714 0.600000
vt 0.821429 1.000000
vt 0.785714 0.900000
vt 0.785714 0.200000
vt 1.000000 1.000000
vt 0.916667 1.000000
vt 0.916667 0.500000
vt 0.833333 1.000000
vt 0.750000 1.000000
vt 0.750000 0.500000
vt 0.666667 1.000000
vt 0.666667 0.500000
vt 0.583333 1.000000
vt 0.583333 0.500000
vt 0.500000 1.000000
vt 0.500000 0.500000
vt 0.416667 1.000000
vt 0.416667 0.500000
vt 0.333333 1.000000
vt 0.333333 0.500000
vt 0.250000 1.000000
vt 0.250000 0.500000
vt 0.166667 1.000000
vt 0.166667 0.500000
vt 0.370000 0.457846
vt 0.250000 0.490000
vt 0.130000 0.457846
vt 0.042154 0.370000
vt 0.010000 0.250000
vt 0.042154 0.130000
vt 0.130000 0.042154
vt 0.250000 0.010000
vt 0.370000 0.042154
vt 0.457846 0.130000
vt 0.490000 0.250000
vt 0.457846 0.370000
vt 0.083333 1.000000
vt 0.083333 0.500000
vt 0.000000 1.000000
vt 0.000000 0.500000
vt 0.750000 0.490000
vt 0.870000 0.457846
vt 0.957846 0.370000
vt 0.990000 0.250000
vt 0.957846 0.130000
vt 0.870000 0.042154
vt 0.750000 0.010000
vt 0.630000 0.042154
vt 0.542154 0.130000
vt 0.510000 0.250000
vt 0.542154 0.370000
vt 0.630000 0.457846
vt 0.750000 0.583333
vt 0.687500 0.583333
vt 0.687500 0.500000
vt 0.750000 0.750000
vt 0.687500 0.833333
vt 0.687500 0.750000
vt 0.750000 0.250000
vt 0.687500 0.250000
vt 0.687500 0.166667
vt 0.750000 0.416667
vt 0.687500 0.416667
vt 0.687500 0.666667
vt 0.750000 0.083333
vt 0.687500 0.083333
vt 0.750000 0.916667
vt 0.718750 1.000000
vt 0.687500 0.916667
vt 0.687500 0.333333
vt 0.718750 0.000000
vt 0.625000 0.083333
vt 0.656250 1.000000
vt 0.625000 0.916667
vt 0.625000 0.416667
vt 0.625000 0.666667
vt 0.625000 0.583333
vt 0.656250 0.000000
vt 0.562500 0.833333
vt 0.562500 0.750000
vt 0.562500 0.250000
vt 0.562500 0.166667
vt 0.562500 0.500000
vt 0.562500 0.416667
vt 0.562500 0.666667
vt 0.562500 0.083333
vt 0.593750 1.000000
vt 0.562500 0.916667
vt 0.562500 0.333333
vt 0.562500 0.583333
vt 0.593750 0.000000
vt 0.531250 0.000000
vt 0.500000 0.083333
vt 0.500000 0.916667
vt 0.500000 0.833333
vt 0.500000 0.250000
vt 0.500000 0.583333
vt 0.500000 0.750000
vt 0.500000 0.166667
vt 0.500000 0.416667
vt 0.500000 0.666667
vt 0.531250 1.000000
vt 0.437500 0.750000
vt 0.437500 0.666667
vt 0.437500 0.166667
vt 0.437500 0.083333
vt 0.468750 1.000000
vt 0.437500 0.916667
vt 0.437500 0.416667
vt 0.437500 0.333333
vt 0.437500 0.583333
vt 0.468750 0.000000
vt 0.437500 0.833333
vt 0.437500 0.250000
vt 0.437500 0.500000
vt 0.375000 0.833333
vt 0.375000 0.750000
vt 0.375000 0.250000
vt 0.375000 0.166667
vt 0.375000 0.500000
vt 0.375000 0.416667
vt 0.375000 0.666667
vt 0.375000 0.083333
vt 0.406250 1.000000
vt 0.375000 0.916667
vt 0.375000 0.583333
vt 0.406250 0.000000
vt 0.312500 0.666667
vt 0.312500 0.583333
vt 0.343750 0.000000
vt 0.312500 0.083333
vt 0.312500 0.916667
vt 0.312500 0.833333
vt 0.312500 0.333333
vt 0.312500 0.250000
vt 0.312500 0.500000
vt 0.312500 0.750000
vt 0.312500 0.166667
vt 0.312500 0.416667
vt 0.343750 1.000000
vt 0.250000 0.750000
vt 0.250000 0.666667
vt 0.250000 0.166667
vt 0.250000 0.083333
vt 0.281250 1.000000
vt 0.250000 0.916667
vt 0.250000 0.416667
vt 0.250000 0.333333
vt 0.250000 0.583333
vt 0.281250 0.000000
vt 0.250000 0.833333
vt 0.250000 0.250000
vt 0.250000 0.500000
vt 0.187500 0.583333
vt 0.187500 0.500000
vt 0.187500 0.833333
vt 0.187500 0.750000
vt 0.187500 0.250000
vt 0.187500 0.166667
vt 0.187500 0.416667
vt 0.187500 0.666667
vt 0.187500 0.083333
vt 0.218750 1.000000
vt 0.187500 0.916667
vt 0.187500 0.333333
vt 0.218750 0.000000
vt 0.125000 0.666667
vt 0.125000 0.583333
vt 0.156250 0.000000
vt 0.125000 0.083333
vt 0.125000 0.916667
vt 0.125000 0.833333
vt 0.125000 0.333333
vt 0.125000 0.250000
vt 0.125000 0.500000
vt 0.125000 0.750000
vt 0.125000 0.166667
vt 0.125000 0.416667
vt 0.156250 1.000000
vt 0.062500 0.500000
vt 0.062500 0.416667
vt 0.062500 0.750000
vt 0.062500 0.666667
vt 0.062500 0.166667
vt 0.062500 0.083333
vt 0.093750 1.000000
vt 0.062500 0.916667
vt 0.062500 0.333333
vt 0.062500 0.583333
vt 0.093750 0.000000
vt 0.062500 0.833333
vt 0.062500 0.250000
vt 0.000000 0.583333
vt 0.000000 0.833333
vt 0.000000 0.750000
vt 0.000000 0.416667
vt 0.000000 0.666667
vt 0.000000 0.083333
vt 0.031250 1.000000
vt 0.000000 0.916667
vt 0.031250 0.000000
vt 1.000000 0.416667
vt 0.937500 0.416667
vt 0.937500 0.333333
vt 1.000000 0.583333
vt 1.000000 0.666667
vt 0.937500 0.666667
vt 0.937500 0.583333
vt 0.968750 0.000000
vt 1.000000 0.083333
vt 0.937500 0.083333
vt 1.000000 0.833333
vt 1.000000 0.916667
vt 0.937500 0.916667
vt 0.937500 0.833333
vt 1.000000 0.250000
vt 0.937500 0.250000
vt 0.937500 0.500000
vt 1.000000 0.750000
vt 0.937500 0.750000
vt 0.937500 0.166667
vt 0.968750 1.000000
vt 0.875000 0.500000
vt 0.875000 0.416667
vt 0.875000 0.750000
vt 0.875000 0.666667
vt 0.875000 0.166667
vt 0.875000 0.083333
vt 0.906250 1.000000
vt 0.875000 0.916667
vt 0.875000 0.333333
vt 0.875000 0.583333
vt 0.906250 0.000000
vt 0.875000 0.833333
vt 0.875000 0.250000
vt 0.812500 0.333333
vt 0.812500 0.250000
vt 0.812500 0.583333
vt 0.812500 0.500000
vt 0.812500 0.833333
vt 0.812500 0.750000
vt 0.812500 0.166667
vt 0.812500 0.416667
vt 0.812500 0.666667
vt 0.812500 0.083333
vt 0.843750 1.000000
vt 0.812500 0.916667
vt 0.843750 0.000000
vt 0.781250 1.000000
vt 0.781250 0.000000
vt 0.900000 1.000000
vt 0.900000 0.500000
vt 0.800000 1.000000
vt 0.800000 0.500000
vt 0.700000 1.000000
vt 0.700000 0.500000
vt 0.600000 1.000000
vt 0.600000 0.500000
vt 0.500000 1.000000
vt 0.500000 0.500000
vt 0.400000 1.000000
vt 0.400000 0.500000
vt 0.300000 1.000000
vt 0.300000 0.500000
vt 0.200000 1.000000
vt 0.200000 0.500000
vt 0.391068 0.444164
vt 0.108932 0.444164
vt 0.021746 0.324164
vt 0.021746 0.175836
vt 0.108932 0.055836
vt 0.391068 0.055836
vt 0.478254 0.175836
vt 0.478254 0.324164
vt 0.100000 1.000000
vt 0.100000 0.500000
vt -0.000000 1.000000
vt -0.000000 0.500000
vt 0.891068 0.444164
vt 0.978254 0.324164
vt 0.978254 0.175836
vt 0.891068 0.055836
vt 0.608932 0.055836
vt 0.521746 0.175836
vt 0.521746 0.324164
vt 0.608932 0.444164
vt 0.391068 0.444164
vt 0.108932 0.444164
vt 0.021746 0.324164
vt 0.021746 0.175836
vt 0.108932 0.055836
vt 0.250000 0.010000
vt 0.391068 0.055836
vt 0.478254 0.175836
vt 0.478254 0.324164
vt 0.891068 0.444164
vt 0.978254 0.324164
vt 0.978254 0.175836
vt 0.891068 0.055836
vt 0.750000 0.010000
vt 0.608932 0.055836
vt 0.521746 0.175836
vt 0.521746 0.324164
vt 0.608932 0.444164
vt 0.108932 0.444164
vt 0.021746 0.175836
vt 0.108932 0.055836
vt 0.478254 0.175836
vt 0.978254 0.175836
vt 0.521746 0.175836
vt 0.250000 0.490000
vt 0.108932 0.444164
vt 0.108932 0.055836
vt 0.250000 0.010000
vt 0.750000 0.490000
vt 0.750000 0.010000
s 1
usemtl Mat_HumanSkinFast
f 232/1/1 231/2/2 8/3/3 9/4/4
f 225/5/5 224/6/6 1/7/7 2/8/8
f 233/9/9 232/1/1 9/4/4 10/10/10
f 226/11/11 225/5/5 2/8/8 3/12/12
f 234/13/13 233/9/9 10/10/10 11/14/14
f 227/15/15 226/11/11 3/12/12 4/16/16
f 235/17/17 234/13/13 11/14/14 12/18/18
f 228/19/19 227/15/15 4/16/16 5/20/20
f 236/21/21 235/17/17 12/18/18 13/22/22
f 229/23/23 228/19/19 5/20/20 6/24/24
f 144/25/25 236/21/21 13/22/22
f 230/26/26 229/23/23 6/24/24 7/27/27
f 231/2/2 230/26/26 7/27/27 8/3/3
f 224/6/6 171/28/28 1/7/7
f 10/10/10 9/4/4 22/29/29 23/30/30
f 3/12/12 2/8/8 15/31/31 16/32/32
f 11/14/14 10/10/10 23/30/30 24/33/33
f 4/16/16 3/12/12 16/32/32 17/34/34
f 12/18/18 11/14/14 24/33/33 25/35/35
f 5/20/20 4/16/16 17/34/34 18/36/36
f 13/22/22 12/18/18 25/35/35 26/37/37
f 6/24/24 5/20/20 18/36/36 19/38/38
f 144/39/25 13/22/22 26/37/37
f 7/27/27 6/24/24 19/38/38 20/40/39
f 8/3/3 7/27/27 20/40/39 21/41/40
f 1/7/7 171/42/28 14/43/41
f 9/4/4 8/3/3 21/41/40 22/29/29
f 2/8/8 1/7/7 14/43/41 15/31/31
f 16/32/32 15/31/31 28/44/42 29/45/43
f 24/33/33 23/30/30 36/46/44 37/47/45
f 17/34/34 16/32/32 29/45/43 30/48/46
f 25/35/35 24/33/33 37/47/45 38/49/47
f 18/36/36 17/34/34 30/48/46 31/50/48
f 26/37/37 25/35/35 38/49/47 39/51/49
f 19/38/38 18/36/36 31/50/48 32/52/50
f 144/53/25 26/37/37 39/51/49
f 20/40/39 19/38/38 32/52/50 33/54/51
f 21/41/40 20/40/39 33/54/51 34/55/52
f 14/43/41 171/56/28 27/57/53
f 22/29/29 21/41/40 34/55/52 35/58/54
f 15/31/31 14/43/41 27/57/53 28/44/42
f 23/30/30 22/29/29 35/58/54 36/46/44
f 37/47/45 36/46/44 49/59/55 50/60/56
f 30/48/46 29/45/43 42/61/57 43/62/58
f 38/49/47 37/47/45 50/60/56 51/63/59
f 31/50/48 30/48/46 43/62/58 44/64/60
f 39/51/49 38/49/47 51/63/59 52/65/61
f 32/52/50 31/50/48 44/64/60 45/66/62
f 144/67/25 39/51/49 52/65/61
f 33/54/51 32/52/50 45/66/62 46/68/63
f 34/55/52 33/54/51 46/68/63 47/69/64
f 27/57/53 171/70/28 40/71/65
f 35/58/54 34/55/52 47/69/64 48/72/66
f 28/44/42 27/57/53 40/71/65 41/73/67
f 36/46/44 35/58/54 48/72/66 49/59/55
f 29/45/43 28/44/42 41/73/67 42/61/57
f 43/62/58 42/61/57 55/74/68 56/75/69
f 51/63/59 50/60/56 63/76/70 64/77/71
f 44/64/60 43/62/58 56/75/69 57/78/72
f 52/65/61 51/63/59 64/77/71 65/79/73
f 45/66/62 44/64/60 57/78/72 58/80/74
f 144/81/25 52/65/61 65/79/73
f 46/68/63 45/66/62 58/80/74 59/82/75
f 47/69/64 46/68/63 59/82/75 60/83/76
f 40/71/65 171/84/28 53/85/77
f 48/72/66 47/69/64 60/83/76 61/86/78
f 41/73/67 40/71/65 53/85/77 54/87/79
f 49/59/55 48/72/66 61/86/78 62/88/80
f 42/61/57 41/73/67 54/87/79 55/74/68
f 50/60/56 49/59/55 62/88/80 63/76/70
f 64/77/71 63/76/70 76/89/81 77/90/82
f 57/78/72 56/75/69 69/91/83 70/92/84
f 65/79/73 64/77/71 77/90/82 78/93/85
f 58/80/74 57/78/72 70/92/84 71/94/86
f 144/95/25 65/79/73 78/93/85
f 59/82/75 58/80/74 71/94/86 72/96/87
f 60/83/76 59/82/75 72/96/87 73/97/88
f 53/85/77 171/98/28 66/99/89
f 61/86/78 60/83/76 73/97/88 74/100/90
f 54/87/79 53/85/77 66/99/89 67/101/91
f 62/88/80 61/86/78 74/100/90 75/102/92
f 55/74/68 54/87/79 67/101/91 68/103/93
f 63/76/70 62/88/80 75/102/92 76/89/81
f 56/75/69 55/74/68 68/103/93 69/91/83
f 78/93/85 77/90/82 90/104/94 91/105/95
f 71/94/86 70/92/84 83/106/96 84/107/97
f 144/108/25 78/93/85 91/105/95
f 72/96/87 71/94/86 84/107/97 85/109/98
f 73/97/88 72/96/87 85/109/98 86/110/99
f 66/99/89 171/111/28 79/112/100
f 74/100/90 73/97/88 86/110/99 87/113/101
f 67/101/91 66/99/89 79/112/100 80/114/102
f 75/102/92 74/100/90 87/113/101 88/115/103
f 68/103/93 67/101/91 80/114/102 81/116/104
f 76/89/81 75/102/92 88/115/103 89/117/105
f 69/91/83 68/103/93 81/116/104 82/118/106
f 77/90/82 76/89/81 89/117/105 90/104/94
f 70/92/84 69/91/83 82/118/106 83/106/96
f 84/107/97 83/106/96 96/119/107 97/120/108
f 144/121/25 91/105/95 104/122/109
f 85/109/98 84/107/97 97/120/108 98/123/110
f 86/110/99 85/109/98 98/123/110 99/124/111
f 79/112/100 171/125/28 92/126/112
f 87/113/101 86/110/99 99/124/111 100/127/113
f 80/114/102 79/112/100 92/126/112 93/128/114
f 88/115/103 87/113/101 100/127/113 101/129/115
f 81/116/104 80/114/102 93/128/114 94/130/116
f 89/117/105 88/115/103 101/129/115 102/131/117
f 82/118/106 81/116/104 94/130/116 95/132/118
f 90/104/94 89/117/105 102/131/117 103/133/119
f 83/106/96 82/118/106 95/132/118 96/119/107
f 91/105/95 90/104/94 103/133/119 104/122/109
f 144/134/25 104/122/109 117/135/120
f 98/123/110 97/120/108 110/136/121 111/137/122
f 99/124/111 98/123/110 111/137/122 112/138/123
f 92/126/112 171/139/28 105/140/124
f 100/127/113 99/124/111 112/138/123 113/141/125
f 93/128/114 92/126/112 105/140/124 106/142/126
f 101/129/115 100/127/113 113/141/125 114/143/127
f 94/130/116 93/128/114 106/142/126 107/144/128
f 102/131/117 101/129/115 114/143/127 115/145/129
f 95/132/118 94/130/116 107/144/128 108/146/130
f 103/133/119 102/131/117 115/145/129 116/147/131
f 96/119/107 95/132/118 108/146/130 109/148/132
f 104/122/109 103/133/119 116/147/131 117/135/120
f 97/120/108 96/119/107 109/148/132 110/136/121
f 111/137/122 110/136/121 123/149/133 124/150/134
f 112/138/123 111/137/122 124/150/134 125/151/135
f 105/140/124 171/152/28 118/153/136
f 113/141/125 112/138/123 125/151/135 126/154/137
f 106/142/126 105/140/124 118/153/136 119/155/138
f 114/143/127 113/141/125 126/154/137 127/156/139
f 107/144/128 106/142/126 119/155/138 120/157/140
f 115/145/129 114/143/127 127/156/139 128/158/141
f 108/146/130 107/144/128 120/157/140 121/159/142
f 116/147/131 115/145/129 128/158/141 129/160/143
f 109/148/132 108/146/130 121/159/142 122/161/144
f 117/135/120 116/147/131 129/160/143 130/162/145
f 110/136/121 109/148/132 122/161/144 123/149/133
f 144/163/25 117/135/120 130/162/145
f 125/151/135 124/150/134 137/164/146 138/165/147
f 118/153/136 171/166/28 131/167/148
f 126/154/137 125/151/135 138/165/147 139/168/149
f 119/155/138 118/153/136 131/167/148 132/169/150
f 127/156/139 126/154/137 139/168/149 140/170/151
f 120/157/140 119/155/138 132/169/150 133/171/152
f 128/158/141 127/156/139 140/170/151 141/172/153
f 121/159/142 120/157/140 133/171/152 134/173/154
f 129/160/143 128/158/141 141/172/153 142/174/155
f 122/161/144 121/159/142 134/173/154 135/175/156
f 130/162/145 129/160/143 142/174/155 143/176/157
f 123/149/133 122/161/144 135/175/156 136/177/158
f 144/178/25 130/162/145 143/176/157
f 124/150/134 123/149/133 136/177/158 137/164/146
f 131/167/148 171/179/28 145/180/159
f 139/168/149 138/165/147 152/181/160 153/182/161
f 132/169/150 131/167/148 145/180/159 146/183/162
f 140/170/151 139/168/149 153/182/161 154/184/163
f 133/171/152 132/169/150 146/183/162 147/185/164
f 141/172/153 140/170/151 154/184/163 155/186/165
f 134/173/154 133/171/152 147/185/164 148/187/166
f 142/174/155 141/172/153 155/186/165 156/188/167
f 135/175/156 134/173/154 148/187/166 149/189/168
f 143/176/157 142/174/155 156/188/167 157/190/169
f 136/177/158 135/175/156 149/189/168 150/191/170
f 144/192/25 143/176/157 157/190/169
f 137/164/146 136/177/158 150/191/170 151/193/171
f 138/165/147 137/164/146 151/193/171 152/181/160
f 153/182/161 152/181/160 165/194/172 166/195/173
f 146/183/162 145/180/159 158/196/174 159/197/175
f 154/184/163 153/182/161 166/195/173 167/198/176
f 147/185/164 146/183/162 159/197/175 160/199/177
f 155/186/165 154/184/163 167/198/176 168/200/178
f 148/187/166 147/185/164 160/199/177 161/201/179
f 156/188/167 155/186/165 168/200/178 169/202/180
f 149/189/168 148/187/166 161/201/179 162/203/181
f 157/190/169 156/188/167 169/202/180 170/204/182
f 150/191/170 149/189/168 162/203/181 163/205/183
f 144/206/25 157/190/169 170/204/182
f 151/193/171 150/191/170 163/205/183 164/207/184
f 152/181/160 151/193/171 164/207/184 165/194/172
f 145/180/159 171/208/28 158/196/174
f 159/209/175 158/210/174 172/211/185 173/212/186
f 167/213/176 166/214/173 180/215/187 181/216/188
f 160/217/177 159/209/175 173/212/186 174/218/189
f 168/219/178 167/213/176 181/216/188 182/220/190
f 161/221/179 160/217/177 174/218/189 175/222/191
f 169/223/180 168/219/178 182/220/190 183/224/192
f 162/225/181 161/221/179 175/222/191 176/226/193
f 170/227/182 169/223/180 183/224/192 184/228/194
f 163/229/183 162/225/181 176/226/193 177/230/195
f 144/231/25 170/227/182 184/228/194
f 164/232/184 163/229/183 177/230/195 178/233/196
f 165/234/172 164/232/184 178/233/196 179/235/197
f 158/210/174 171/236/28 172/211/185
f 166/214/173 165/234/172 179/235/197 180/215/187
f 181/216/188 180/215/187 193/237/198 194/238/199
f 174/218/189 173/212/186 186/239/200 187/240/201
f 182/220/190 181/216/188 194/238/199 195/241/202
f 175/222/191 174/218/189 187/240/201 188/242/203
f 183/224/192 182/220/190 195/241/202 196/243/204
f 176/226/193 175/222/191 188/242/203 189/244/205
f 184/228/194 183/224/192 196/243/204 197/245/206
f 177/230/195 176/226/193 189/244/205 190/246/207
f 144/247/25 184/228/194 197/245/206
f 178/233/196 177/230/195 190/246/207 191/248/208
f 179/235/197 178/233/196 191/248/208 192/249/209
f 172/211/185 171/250/28 185/251/210
f 180/215/187 179/235/197 192/249/209 193/237/198
f 173/212/186 172/211/185 185/251/210 186/239/200
f 195/241/202 194/238/199 207/252/211 208/253/212
f 188/242/203 187/240/201 200/254/213 201/255/214
f 196/243/204 195/241/202 208/253/212 209/256/215
f 189/244/205 188/242/203 201/255/214 202/257/216
f 197/245/206 196/243/204 209/256/215 210/258/217
f 190/246/207 189/244/205 202/257/216 203/259/218
f 144/260/25 197/245/206 210/258/217
f 191/248/208 190/246/207 203/259/218 204/261/219
f 192/249/209 191/248/208 204/261/219 205/262/220
f 185/251/210 171/263/28 198/264/221
f 193/237/198 192/249/209 205/262/220 206/265/222
f 186/239/200 185/251/210 198/264/221 199/266/223
f 194/238/199 193/237/198 206/265/222 207/252/211
f 187/240/201 186/239/200 199/266/223 200/254/213
f 201/255/214 200/254/213 213/267/224 214/268/225
f 209/256/215 208/253/212 221/269/226 222/270/227
f 202/257/216 201/255/214 214/268/225 215/271/228
f 210/258/217 209/256/215 222/270/227 223/272/229
f 203/259/218 202/257/216 215/271/228 216/273/230
f 144/274/25 210/258/217 223/272/229
f 204/261/219 203/259/218 216/273/230 217/275/231
f 205/262/220 204/261/219 217/275/231 218/276/232
f 198/264/221 171/277/28 211/278/233
f 206/265/222 205/262/220 218/276/232 219/279/234
f 199/266/223 198/264/221 211/278/233 212/280/235
f 207/252/211 206/265/222 219/279/234 220/281/236
f 200/254/213 199/266/223 212/280/235 213/267/224
f 208/253/212 207/252/211 220/281/236 221/269/226
f 222/270/227 221/269/226 234/13/13 235/17/17
f 215/271/228 214/268/225 227/15/15 228/19/19
f 223/272/229 222/270/227 235/17/17 236/21/21
f 216/273/230 215/271/228 228/19/19 229/23/23
f 144/282/25 223/272/229 236/21/21
f 217/275/231 216/273/230 229/23/23 230/26/26
f 218/276/232 217/275/231 230/26/26 231/2/2
f 211/278/233 171/283/28 224/6/6
f 219/279/234 218/276/232 231/2/2 232/1/1
f 212/280/235 211/278/233 224/6/6 225/5/5
f 220/281/236 219/279/234 232/1/1 233/9/9
f 213/267/224 212/280/235 225/5/5 226/11/11
f 221/269/226 220/281/236 233/9/9 234/13/13
f 214/268/225 213/267/224 226/11/11 227/15/15
s 0
f 237/284/237 238/285/237 240/286/237 239/287/237
f 239/287/26 240/286/26 244/288/26 243/289/26
f 243/289/238 244/288/238 242/290/238 241/291/238
f 241/291/122 242/290/122 238/292/122 237/293/122
f 239/294/25 243/289/25 241/291/25 237/295/25
f 244/288/28 240/296/28 238/297/28 242/290/28
f 473/284/237 474/285/237 476/286/237 475/287/237
f 475/287/26 476/286/26 480/288/26 479/289/26
f 479/289/238 480/288/238 478/290/238 477/291/238
f 477/291/122 478/290/122 474/292/122 473/293/122
f 475/294/25 479/289/25 477/291/25 473/295/25
f 480/288/28 476/296/28 474/297/28 478/290/28
f 609/284/237 610/285/237 612/286/237 611/287/237
f 611/287/26 612/286/26 616/288/26 615/289/26
f 615/289/238 616/288/238 614/290/238 613/291/238
f 613/291/122 614/290/122 610/292/122 609/293/122
f 611/294/25 615/289/25 613/291/25 609/295/25
f 616/288/28 612/296/28 610/297/28 614/290/28
s 1
f 625/436/468 626/604/469 628/605/470 627/606/471
f 627/606/471 628/605/470 630/607/472 629/261/473
f 629/261/473 630/607/472 632/608/474 631/609/475
f 631/609/475 632/608/474 634/610/476 633/611/477
f 633/611/477 634/610/476 636/612/478 635/613/479
f 635/613/479 636/612/478 638/614/480 637/615/481
f 637/615/481 638/614/480 640/616/482 639/617/483
f 639/617/483 640/616/482 642/618/484 641/619/485
f 641/619/485 642/618/484 644/620/486 643/621/487
f 643/621/487 644/620/486 646/622/488 645/623/489
f 628/624/470 626/625/469 648/626/490 646/627/488 644/628/486 642/629/484 640/630/482 638/631/480 636/632/478 634/633/476 632/634/474 630/635/472
f 645/623/489 646/622/488 648/636/490 647/637/491
f 647/637/491 648/636/490 626/638/469 625/639/468
f 625/640/468 627/641/471 629/642/473 631/643/475 633/644/477 635/645/479 637/646/481 639/647/483 641/648/485 643/649/487 645/650/489 647/651/491
f 871/436/672 872/604/673 874/850/674 873/851/675
f 873/851/675 874/850/674 876/852/676 875/853/677
f 875/853/677 876/852/676 878/854/678 877/855/679
f 877/855/679 878/854/678 880/856/680 879/857/681
f 879/857/681 880/856/680 882/858/682 881/859/683
f 881/859/683 882/858/682 884/860/684 883/861/685
f 883/861/685 884/860/684 886/862/686 885/863/687
f 885/863/687 886/862/686 888/864/688 887/865/689
f 874/886/674 872/625/673 890/887/690 888/888/688 886/889/686 884/890/684 882/891/682 880/892/680 878/893/678 876/894/676
f 887/865/689 888/864/688 890/874/690 889/875/691
f 889/875/691 890/874/690 872/876/673 871/877/672
f 871/640/672 873/895/675 875/896/677 877/897/679 879/898/681 881/899/683 883/900/685 885/901/687 887/902/689 889/903/691
s 0
f 891/284/692 892/285/692 894/286/692 893/287/692
f 893/287/693 894/286/693 898/288/693 897/289/693
f 897/289/694 898/288/694 896/290/694 895/291/694
f 895/291/695 896/290/695 892/292/695 891/293/695
f 893/294/696 897/289/696 895/291/696 891/295/696
f 898/288/697 894/296/697 892/297/697 896/290/697
s 1
f 1097/436/698 1098/604/699 1100/850/700 1099/851/701
f 1099/851/701 1100/850/700 1102/852/702 1101/853/703
f 1101/853/703 1102/852/702 1104/854/704 1103/855/705
f 1103/855/705 1104/854/704 1106/856/706 1105/857/707
f 1105/857/707 1106/856/706 1108/858/708 1107/859/709
f 1107/859/709 1108/858/708 1110/860/710 1109/861/711
f 1109/861/711 1110/860/710 1112/862/712 1111/863/713
f 1111/863/713 1112/862/712 1114/864/714 1113/865/715
f 1100/886/700 1098/625/699 1116/887/716 1114/888/714 1112/889/712 1110/890/710 1108/891/708 1106/892/706 1104/893/704 1102/894/702
f 1113/865/715 1114/864/714 1116/874/716 1115/875/717
f 1115/875/717 1116/874/716 1098/876/699 1097/877/698
f 1097/640/698 1099/895/701 1101/896/703 1103/897/705 1105/898/707 1107/899/709 1109/900/711 1111/901/713 1113/902/715 1115/903/717
s 0
f 1117/284/718 1118/285/718 1120/286/718 1119/287/718
f 1119/287/719 1120/286/719 1124/288/719 1123/289/719
f 1123/289/720 1124/288/720 1122/290/720 1121/291/720
f 1121/291/721 1122/290/721 1118/292/721 1117/293/721
f 1119/294/722 1123/289/722 1121/291/722 1117/295/722
f 1124/288/723 1120/296/723 1118/297/723 1122/290/723
s 1
f 1145/436/744 1146/604/745 1148/850/746 1147/851/747
f 1147/851/747 1148/850/746 1150/852/748 1149/853/749
f 1149/853/749 1150/852/748 1152/854/750 1151/855/751
f 1151/855/751 1152/854/750 1154/856/752 1153/857/753
f 1153/857/753 1154/856/752 1156/858/754 1155/859/755
f 1155/859/755 1156/858/754 1158/860/756 1157/861/757
f 1157/861/757 1158/860/756 1160/862/758 1159/863/759
f 1159/863/759 1160/862/758 1162/864/760 1161/865/761
f 1148/886/746 1146/910/745 1164/911/762 1162/868/760 1160/869/758 1158/912/756 1156/913/754 1154/892/752 1152/872/750 1150/873/748
f 1161/865/761 1162/864/760 1164/874/762 1163/875/763
f 1163/875/763 1164/874/762 1146/876/745 1145/877/744
f 1145/914/744 1147/895/747 1149/879/749 1151/880/751 1153/898/753 1155/915/755 1157/900/757 1159/883/759 1161/884/761 1163/903/763
f 1201/436/790 1202/604/791 1204/850/792 1203/851/793
f 1203/851/793 1204/850/792 1206/852/794 1205/853/795
f 1205/853/795 1206/852/794 1208/854/796 1207/855/797
f 1207/855/797 1208/854/796 1210/856/798 1209/857/799
f 1209/857/799 1210/856/798 1212/858/800 1211/859/801
f 1211/859/801 1212/858/800 1214/860/802 1213/861/803
f 1213/861/803 1214/860/802 1216/862/804 1215/863/805
f 1215/863/805 1216/862/804 1218/864/806 1217/865/807
f 1204/886/792 1202/910/791 1220/911/808 1218/868/806 1216/869/804 1214/912/802 1212/913/800 1210/892/798 1208/872/796 1206/873/794
f 1217/865/807 1218/864/806 1220/874/808 1219/875/809
f 1219/875/809 1220/874/808 1202/876/791 1201/877/790
f 1201/914/790 1203/895/793 1205/879/795 1207/880/797 1209/898/799 1211/915/801 1213/900/803 1215/883/805 1217/884/807 1219/903/809
usemtl Mat_ScleraFast
f 314/298/239 313/299/26 248/300/240 249/301/241
f 312/302/242 311/303/243 246/304/244 247/305/245
f 310/306/246 287/307/28 245/308/247
f 295/309/25 316/310/248 251/311/249
f 315/312/250 314/298/239 249/301/241 250/313/251
f 313/299/26 312/302/242 247/305/245 248/300/240
f 311/303/243 310/306/246 245/308/247 246/304/244
f 316/310/248 315/312/250 250/313/251 251/311/249
f 295/314/25 251/311/249 258/315/252
f 250/313/251 249/301/241 256/316/253 257/317/254
f 248/300/240 247/305/245 254/318/255 255/319/256
f 246/304/244 245/308/247 252/320/257 253/321/258
f 251/311/249 250/313/251 257/317/254 258/315/252
f 249/301/241 248/300/240 255/319/256 256/316/253
f 247/305/245 246/304/244 253/321/258 254/318/255
f 245/308/247 287/322/28 252/320/257
f 253/321/258 252/320/257 259/323/259 260/324/260
f 258/315/252 257/317/254 264/325/261 265/326/262
f 256/316/253 255/319/256 262/327/263 263/328/264
f 254/318/255 253/321/258 260/324/260 261/329/265
f 252/320/257 287/330/28 259/323/259
f 295/331/25 258/315/252 265/326/262
f 257/317/254 256/316/253 263/328/264 264/325/261
f 255/319/256 254/318/255 261/329/265 262/327/263
f 265/326/262 264/325/261 271/332/266 272/333/267
f 263/328/264 262/327/263 269/334/268 270/335/269
f 261/329/265 260/324/260 267/336/270 268/337/271
f 259/323/259 287/338/28 266/339/272
f 295/340/25 265/326/262 272/333/267
f 264/325/261 263/328/264 270/335/269 271/332/266
f 262/327/263 261/329/265 268/337/271 269/334/268
f 260/324/260 259/323/259 266/339/272 267/336/270
f 266/339/272 287/341/28 273/342/273
f 295/343/25 272/333/267 279/344/274
f 271/332/266 270/335/269 277/345/275 278/346/276
f 269/334/268 268/337/271 275/347/277 276/348/122
f 267/336/270 266/339/272 273/342/273 274/349/278
f 272/333/267 271/332/266 278/346/276 279/344/274
f 270/335/269 269/334/268 276/348/122 277/345/275
f 268/337/271 267/336/270 274/349/278 275/347/277
f 278/346/276 277/345/275 284/350/279 285/351/280
f 276/348/122 275/347/277 282/352/281 283/353/282
f 274/349/278 273/342/273 280/354/283 281/355/284
f 279/344/274 278/346/276 285/351/280 286/356/285
f 277/345/275 276/348/122 283/353/282 284/350/279
f 275/347/277 274/349/278 281/355/284 282/352/281
f 273/342/273 287/357/28 280/354/283
f 295/358/25 279/344/274 286/356/285
f 286/356/285 285/351/280 293/359/286 294/360/287
f 284/350/279 283/353/282 291/361/288 292/362/289
f 282/352/281 281/355/284 289/363/290 290/364/291
f 280/354/283 287/365/28 288/366/292
f 295/367/25 286/356/285 294/360/287
f 285/351/280 284/350/279 292/362/289 293/359/286
f 283/353/282 282/352/281 290/364/291 291/361/288
f 281/355/284 280/354/283 288/366/292 289/363/290
f 292/368/289 291/369/288 299/370/293 300/371/294
f 290/372/291 289/373/290 297/374/295 298/375/296
f 288/376/292 287/377/28 296/378/297
f 295/379/25 294/380/287 302/381/298
f 293/382/286 292/368/289 300/371/294 301/383/299
f 291/369/288 290/372/291 298/375/296 299/370/293
f 289/373/290 288/376/292 296/378/297 297/374/295
f 294/380/287 293/382/286 301/383/299 302/381/298
f 295/384/25 302/381/298 309/385/300
f 301/383/299 300/371/294 307/386/301 308/387/302
f 299/370/293 298/375/296 305/388/303 306/389/304
f 297/374/295 296/378/297 303/390/305 304/391/306
f 302/381/298 301/383/299 308/387/302 309/385/300
f 300/371/294 299/370/293 306/389/304 307/386/301
f 298/375/296 297/374/295 304/391/306 305/388/303
f 296/378/297 287/392/28 303/390/305
f 306/389/304 305/388/303 312/302/242 313/299/26
f 304/391/306 303/390/305 310/306/246 311/303/243
f 309/385/300 308/387/302 315/312/250 316/310/248
f 307/386/301 306/389/304 313/299/26 314/298/239
f 305/388/303 304/391/306 311/303/243 312/302/242
f 303/390/305 287/283/28 310/306/246
f 295/282/25 309/385/300 316/310/248
f 308/387/302 307/386/301 314/298/239 315/312/250
f 430/310/248 429/312/250 364/313/251 365/311/249
f 428/298/239 427/299/26 362/300/240 363/301/241
f 426/302/242 425/303/243 360/304/244 361/305/245
f 424/306/246 401/307/28 359/308/247
f 409/309/25 430/310/248 365/311/249
f 429/312/250 428/298/239 363/301/241 364/313/251
f 427/299/26 426/302/242 361/305/245 362/300/240
f 425/303/243 424/306/246 359/308/247 360/304/244
f 359/308/247 401/322/28 366/320/257
f 409/314/25 365/311/249 372/315/252
f 364/313/251 363/301/241 370/316/253 371/317/254
f 362/300/240 361/305/245 368/318/255 369/319/256
f 360/304/244 359/308/247 366/320/257 367/321/258
f 365/311/249 364/313/251 371/317/254 372/315/252
f 363/301/241 362/300/240 369/319/256 370/316/253
f 361/305/245 360/304/244 367/321/258 368/318/255
f 371/317/254 370/316/253 377/328/264 378/325/261
f 369/319/256 368/318/255 375/329/265 376/327/263
f 367/321/258 366/320/257 373/323/259 374/324/260
f 372/315/252 371/317/254 378/325/261 379/326/262
f 370/316/253 369/319/256 376/327/263 377/328/264
f 368/318/255 367/321/258 374/324/260 375/329/265
f 366/320/257 401/330/28 373/323/259
f 409/331/25 372/315/252 379/326/262
f 379/326/262 378/325/261 385/332/266 386/333/267
f 377/328/264 376/327/263 383/334/268 384/335/269
f 375/329/265 374/324/260 381/336/270 382/337/271
f 373/323/259 401/338/28 380/339/272
f 409/340/25 379/326/262 386/333/267
f 378/325/261 377/328/264 384/335/269 385/332/266
f 376/327/263 375/329/265 382/337/271 383/334/268
f 374/324/260 373/323/259 380/339/272 381/336/270
f 384/335/269 383/334/268 390/348/122 391/345/275
f 382/337/271 381/336/270 388/349/278 389/347/277
f 380/339/272 401/341/28 387/342/273
f 409/343/25 386/333/267 393/344/274
f 385/332/266 384/335/269 391/345/275 392/346/276
f 383/334/268 382/337/271 389/347/277 390/348/122
f 381/336/270 380/339/272 387/342/273 388/349/278
f 386/333/267 385/332/266 392/346/276 393/344/274
f 409/358/25 393/344/274 400/356/285
f 392/346/276 391/345/275 398/350/279 399/351/280
f 390/348/122 389/347/277 396/352/281 397/353/343
f 388/349/278 387/342/273 394/354/283 395/355/284
f 393/344/274 392/346/276 399/351/280 400/356/285
f 391/345/275 390/348/122 397/353/343 398/350/279
f 389/347/277 388/349/278 395/355/284 396/352/281
f 387/342/273 401/357/28 394/354/283
f 397/353/343 396/352/281 404/364/291 405/361/288
f 395/355/284 394/354/283 402/366/292 403/363/290
f 400/356/285 399/351/280 407/359/286 408/360/287
f 398/350/279 397/353/343 405/361/288 406/362/289
f 396/352/281 395/355/284 403/363/290 404/364/291
f 394/354/283 401/365/28 402/366/292
f 409/367/25 400/356/285 408/360/287
f 399/351/280 398/350/279 406/362/289 407/359/286
f 408/380/287 407/382/286 415/383/299 416/381/298
f 406/368/289 405/369/288 413/370/293 414/371/294
f 404/372/291 403/373/290 411/374/295 412/375/296
f 402/376/292 401/377/28 410/378/297
f 409/379/25 408/380/287 416/381/298
f 407/382/286 406/368/289 414/371/294 415/383/299
f 405/369/288 404/372/291 412/375/296 413/370/293
f 403/373/290 402/376/292 410/378/297 411/374/295
f 412/375/296 411/374/295 418/391/306 419/388/303
f 410/378/297 401/392/28 417/390/305
f 409/384/25 416/381/298 423/385/300
f 415/383/299 414/371/294 421/386/301 422/387/302
f 413/370/293 412/375/296 419/388/303 420/389/304
f 411/374/295 410/378/297 417/390/305 418/391/306
f 416/381/298 415/383/299 422/387/302 423/385/300
f 414/371/294 413/370/293 420/389/304 421/386/301
f 409/282/25 423/385/300 430/310/248
f 422/387/302 421/386/301 428/298/239 429/312/250
f 420/389/304 419/388/303 426/302/242 427/299/26
f 418/391/306 417/390/305 424/306/246 425/303/243
f 423/385/300 422/387/302 429/312/250 430/310/248
f 421/386/301 420/389/304 427/299/26 428/298/239
f 419/388/303 418/391/306 425/303/243 426/302/242
f 417/390/305 401/283/28 424/306/246
usemtl Mat_EyesFast
f 358/393/307 357/394/308 320/395/309 321/396/310
f 356/397/26 355/398/311 318/399/312 319/288/313
f 354/400/314 337/401/28 317/402/315
f 343/403/25 358/393/307 321/396/310
f 357/394/308 356/397/26 319/288/313 320/395/309
f 355/398/311 354/400/314 317/402/315 318/399/312
f 319/288/313 318/399/312 323/404/316 324/319/238
f 317/402/315 337/405/28 322/406/317
f 343/407/25 321/396/310 326/408/318
f 320/395/309 319/288/313 324/319/238 325/409/319
f 318/399/312 317/402/315 322/406/317 323/404/316
f 321/396/310 320/395/309 325/409/319 326/408/318
f 322/406/317 337/410/28 327/411/320
f 343/412/25 326/408/318 331/413/321
f 325/409/319 324/319/238 329/289/322 330/414/323
f 323/404/316 322/406/317 327/411/320 328/415/324
f 326/408/318 325/409/319 330/414/323 331/413/321
f 324/319/238 323/404/316 328/415/324 329/289/322
f 343/416/25 331/413/321 336/417/325
f 330/414/323 329/289/322 334/418/122 335/419/326
f 328/415/324 327/411/320 332/420/327 333/421/328
f 331/413/321 330/414/323 335/419/326 336/417/325
f 329/289/322 328/415/324 333/421/328 334/418/122
f 327/411/320 337/422/28 332/420/327
f 343/423/25 336/417/325 342/424/329
f 335/419/326 334/418/122 340/294/330 341/425/331
f 333/421/328 332/420/327 338/426/332 339/427/333
f 336/417/325 335/419/326 341/425/331 342/424/329
f 334/418/122 333/421/328 339/427/333 340/294/330
f 332/420/327 337/428/28 338/426/332
f 343/429/25 342/424/329 348/430/334
f 341/425/331 340/294/330 346/361/237 347/431/335
f 339/427/333 338/426/332 344/432/336 345/433/337
f 342/424/329 341/425/331 347/431/335 348/430/334
f 340/294/330 339/427/333 345/433/337 346/361/237
f 338/426/332 337/434/28 344/432/336
f 347/435/335 346/436/237 351/296/338 352/437/339
f 345/438/337 344/439/336 349/440/340 350/441/341
f 348/442/334 347/435/335 352/437/339 353/443/342
f 346/436/237 345/438/337 350/441/341 351/296/338
f 344/439/336 337/444/28 349/440/340
f 343/445/25 348/442/334 353/443/342
f 350/441/341 349/440/340 354/400/314 355/398/311
f 353/443/342 352/437/339 357/394/308 358/393/307
f 351/296/338 350/441/341 355/398/311 356/397/26
f 349/440/340 337/446/28 354/400/314
f 343/447/25 353/443/342 358/393/307
f 352/437/339 351/296/338 356/397/26 357/394/308
f 457/403/25 472/393/307 435/396/310
f 471/394/308 470/397/26 433/288/313 434/395/309
f 469/398/311 468/400/314 431/402/315 432/399/312
f 472/393/307 471/394/308 434/395/309 435/396/310
f 470/397/26 469/398/311 432/399/312 433/288/313
f 468/400/314 451/401/28 431/402/315
f 435/396/310 434/395/309 439/409/319 440/408/318
f 433/288/313 432/399/312 437/404/316 438/319/238
f 431/402/315 451/405/28 436/406/317
f 457/407/25 435/396/310 440/408/318
f 434/395/309 433/288/313 438/319/238 439/409/319
f 432/399/312 431/402/315 436/406/317 437/404/316
f 440/408/318 439/409/319 444/414/323 445/413/321
f 438/319/238 437/404/316 442/415/324 443/289/322
f 436/406/317 451/410/28 441/411/320
f 457/412/25 440/408/318 445/413/321
f 439/409/319 438/319/238 443/289/322 444/414/323
f 437/404/316 436/406/317 441/411/320 442/415/324
f 445/413/321 444/414/323 449/419/326 450/417/325
f 443/289/322 442/415/324 447/421/328 448/418/122
f 441/411/320 451/422/28 446/420/327
f 457/416/25 445/413/321 450/417/325
f 444/414/323 443/289/322 448/418/122 449/419/326
f 442/415/324 441/411/320 446/420/327 447/421/328
f 450/417/325 449/419/326 455/425/331 456/424/329
f 448/418/122 447/421/328 453/427/333 454/294/330
f 446/420/327 451/428/28 452/426/332
f 457/423/25 450/417/325 456/424/329
f 449/419/326 448/418/122 454/294/330 455/425/331
f 447/421/328 446/420/327 452/426/332 453/427/333
f 454/294/330 453/427/333 459/433/337 460/361/237
f 452/426/332 451/434/28 458/432/336
f 457/429/25 456/424/329 462/430/334
f 455/425/331 454/294/330 460/361/237 461/431/335
f 453/427/333 452/426/332 458/432/336 459/433/337
f 456/424/329 455/425/331 461/431/335 462/430/334
f 458/439/336 451/444/28 463/440/340
f 457/445/25 462/442/334 467/443/342
f 461/435/335 460/436/237 465/296/338 466/437/339
f 459/438/337 458/439/336 463/440/340 464/441/341
f 462/442/334 461/435/335 466/437/339 467/443/342
f 460/436/237 459/438/337 464/441/341 465/296/338
f 457/447/25 467/443/342 472/393/307
f 466/437/339 465/296/338 470/397/26 471/394/308
f 464/441/341 463/440/340 468/400/314 469/398/311
f 467/443/342 466/437/339 471/394/308 472/393/307
f 465/296/338 464/441/341 469/398/311 470/397/26
f 463/440/340 451/446/28 468/400/314
usemtl Mat_HumanHairFast
f 486/448/344 485/449/345 495/450/346 496/451/347
f 607/452/348 484/453/26 492/454/349 493/455/350
f 482/456/351 606/457/352 489/458/353 490/459/354
f 569/460/25 486/448/344 496/451/347
f 608/461/355 607/452/348 493/455/350 494/462/356
f 483/463/357 482/456/351 490/459/354 491/464/358
f 481/465/359 487/466/28 488/467/360
f 485/449/345 608/461/355 494/462/356 495/450/346
f 484/453/26 483/463/357 491/464/358 492/454/349
f 606/457/352 481/465/359 488/467/360 489/458/353
f 493/455/350 492/454/349 501/468/361 502/469/362
f 490/459/354 489/458/353 498/470/363 499/471/364
f 569/472/25 496/451/347 505/473/365
f 494/462/356 493/455/350 502/469/362 503/474/366
f 491/464/358 490/459/354 499/471/364 500/475/367
f 488/467/360 487/476/28 497/477/368
f 495/450/346 494/462/356 503/474/366 504/478/369
f 492/454/349 491/464/358 500/475/367 501/468/361
f 489/458/353 488/467/360 497/477/368 498/470/363
f 496/451/347 495/450/346 504/478/369 505/473/365
f 498/470/363 497/477/368 506/479/370 507/480/371
f 505/473/365 504/478/369 513/481/372 514/482/373
f 502/469/362 501/468/361 510/319/374 511/483/375
f 499/471/364 498/470/363 507/480/371 508/484/376
f 569/485/25 505/473/365 514/482/373
f 503/474/366 502/469/362 511/483/375 512/486/377
f 500/475/367 499/471/364 508/484/376 509/487/378
f 497/477/368 487/488/28 506/479/370
f 504/478/369 503/474/366 512/486/377 513/481/372
f 501/468/361 500/475/367 509/487/378 510/319/374
f 513/481/372 512/486/377 521/489/379 522/490/380
f 510/319/374 509/487/378 518/491/381 519/492/382
f 507/480/371 506/479/370 515/493/383 516/494/384
f 514/482/373 513/481/372 522/490/380 523/495/385
f 511/483/375 510/319/374 519/492/382 520/496/386
f 508/484/376 507/480/371 516/494/384 517/497/387
f 569/498/25 514/482/373 523/495/385
f 512/486/377 511/483/375 520/496/386 521/489/379
f 509/487/378 508/484/376 517/497/387 518/491/381
f 506/479/370 487/499/28 515/493/383
f 518/491/381 517/497/387 526/500/388 527/501/389
f 515/493/383 487/502/28 524/503/390
f 522/490/380 521/489/379 530/504/391 531/505/392
f 519/492/382 518/491/381 527/501/389 528/506/393
f 516/494/384 515/493/383 524/503/390 525/507/394
f 523/495/385 522/490/380 531/505/392 532/508/395
f 520/496/386 519/492/382 528/506/393 529/509/396
f 517/497/387 516/494/384 525/507/394 526/500/388
f 569/510/25 523/495/385 532/508/395
f 521/489/379 520/496/386 529/509/396 530/504/391
f 530/504/391 529/509/396 538/511/397 539/512/398
f 527/501/389 526/500/388 535/513/399 536/514/400
f 524/503/390 487/515/28 533/516/401
f 531/505/392 530/504/391 539/512/398 540/517/402
f 528/506/393 527/501/389 536/514/400 537/518/403
f 525/507/394 524/503/390 533/516/401 534/519/404
f 532/508/395 531/505/392 540/517/402 541/520/405
f 529/509/396 528/506/393 537/518/403 538/511/397
f 526/500/388 525/507/394 534/519/404 535/513/399
f 569/521/25 532/508/395 541/520/405
f 535/513/399 534/519/404 543/522/406 544/523/407
f 569/343/25 541/520/405 550/524/408
f 539/512/398 538/511/397 547/525/409 548/526/410
f 536/514/400 535/513/399 544/523/407 545/527/411
f 533/516/401 487/341/28 542/528/412
f 540/517/402 539/512/398 548/526/410 549/529/413
f 537/518/403 536/514/400 545/527/411 546/530/122
f 534/519/404 533/516/401 542/528/412 543/522/406
f 541/520/405 540/517/402 549/529/413 550/524/408
f 538/511/397 537/518/403 546/530/122 547/525/409
f 550/524/408 549/529/413 558/531/414 559/532/415
f 547/525/409 546/530/122 555/533/416 556/534/417
f 544/523/407 543/522/406 552/535/418 553/536/419
f 569/537/25 550/524/408 559/532/415
f 548/526/410 547/525/409 556/534/417 557/538/420
f 545/527/411 544/523/407 553/536/419 554/539/421
f 542/528/412 487/540/28 551/541/422
f 549/529/413 548/526/410 557/538/420 558/531/414
f 546/530/122 545/527/411 554/539/421 555/533/416
f 543/522/406 542/528/412 551/541/422 552/535/418
f 555/533/416 554/539/421 563/542/423 564/543/424
f 552/535/418 551/541/422 560/544/425 561/545/426
f 559/532/415 558/531/414 567/546/427 568/547/428
f 556/534/417 555/533/416 564/543/424 565/548/429
f 553/536/419 552/535/418 561/545/426 562/549/430
f 569/550/25 559/532/415 568/547/428
f 557/538/420 556/534/417 565/548/429 566/551/431
f 554/539/421 553/536/419 562/549/430 563/542/423
f 551/541/422 487/552/28 560/544/425
f 558/531/414 557/538/420 566/551/431 567/546/427
f 560/544/425 487/553/28 570/554/432
f 567/546/427 566/551/431 576/555/433 577/556/434
f 564/543/424 563/542/423 573/557/435 574/361/436
f 561/545/426 560/544/425 570/554/432 571/558/437
f 568/547/428 567/546/427 577/556/434 578/559/438
f 565/548/429 564/543/424 574/361/436 575/560/439
f 562/549/430 561/545/426 571/558/437 572/561/440
f 569/562/25 568/547/428 578/559/438
f 566/551/431 565/548/429 575/560/439 576/555/433
f 563/542/423 562/549/430 572/561/440 573/557/435
f 573/563/435 572/564/440 581/565/441 582/566/442
f 570/567/432 487/568/28 579/569/443
f 577/570/434 576/571/433 585/572/444 586/573/445
f 574/436/436 573/563/435 582/566/442 583/574/446
f 571/575/437 570/567/432 579/569/443 580/576/447
f 578/577/438 577/570/434 586/573/445 587/578/448
f 575/579/439 574/436/436 583/574/446 584/580/449
f 572/564/440 571/575/437 580/576/447 581/565/441
f 569/581/25 578/577/438 587/578/448
f 576/571/433 575/579/439 584/580/449 585/572/444
f 569/582/25 587/578/448 596/583/450
f 585/572/444 584/580/449 593/584/451 594/585/452
f 582/566/442 581/565/441 590/586/453 591/587/454
f 579/569/443 487/588/28 588/589/455
f 586/573/445 585/572/444 594/585/452 595/590/456
f 583/574/446 582/566/442 591/587/454 592/591/457
f 580/576/447 579/569/443 588/589/455 589/592/458
f 587/578/448 586/573/445 595/590/456 596/583/450
f 584/580/449 583/574/446 592/591/457 593/584/451
f 581/565/441 580/576/447 589/592/458 590/586/453
f 593/584/451 592/591/457 601/593/459 602/594/460
f 590/586/453 589/592/458 598/595/461 599/596/462
f 569/597/25 596/583/450 605/598/463
f 594/585/452 593/584/451 602/594/460 603/599/464
f 591/587/454 590/586/453 599/596/462 600/600/465
f 588/589/455 487/601/28 597/602/466
f 595/590/456 594/585/452 603/599/464 604/603/467
f 592/591/457 591/587/454 600/600/465 601/593/459
f 589/592/458 588/589/455 597/602/466 598/595/461
f 596/583/450 595/590/456 604/603/467 605/598/463
f 598/595/461 597/602/466 481/465/359 606/457/352
f 605/598/463 604/603/467 485/449/345 486/448/344
f 602/594/460 601/593/459 484/453/26 607/452/348
f 599/596/462 598/595/461 606/457/352 482/456/351
f 569/282/25 605/598/463 486/448/344
f 603/599/464 602/594/460 607/452/348 608/461/355
f 600/600/465 599/596/462 482/456/351 483/463/357
f 597/602/466 487/283/28 481/465/359
f 604/603/467 603/599/464 608/461/355 485/449/345
f 601/593/459 600/600/465 483/463/357 484/453/26
s 0
usemtl Mat_BloodFast
f 617/284/237 618/285/237 620/286/237 619/287/237
f 619/287/26 620/286/26 624/288/26 623/289/26
f 623/289/238 624/288/238 622/290/238 621/291/238
f 621/291/122 622/290/122 618/292/122 617/293/122
f 619/294/25 623/289/25 621/291/25 617/295/25
f 624/288/28 620/296/28 618/297/28 622/290/28
usemtl Mat_RunnerJacket
f 649/284/237 650/285/237 652/286/237 651/287/237
f 651/287/492 652/286/492 656/288/492 655/289/492
f 655/289/238 656/288/238 654/290/238 653/291/238
f 653/291/493 654/290/493 650/292/493 649/293/493
f 651/294/494 655/289/494 653/291/494 649/295/494
f 656/288/495 652/296/495 650/297/495 654/290/495
f 657/284/237 658/285/237 660/286/237 659/287/237
f 659/287/496 660/286/496 664/288/496 663/289/496
f 663/289/238 664/288/238 662/290/238 661/291/238
f 661/291/497 662/290/497 658/292/497 657/293/497
f 659/294/498 663/289/498 661/291/498 657/295/498
f 664/288/499 660/296/499 658/297/499 662/290/499
s 1
f 677/397/492 676/652/500 686/653/501 687/654/502
f 849/655/503 674/400/504 683/656/505 684/657/506
f 680/393/507 850/658/508 690/659/509 691/660/510
f 678/661/511 677/397/492 687/654/502 688/662/512
f 675/398/513 849/655/503 684/657/506 685/663/514
f 681/664/515 680/393/507 691/660/510 692/665/516
f 673/666/517 693/667/495 682/668/518
f 679/394/519 678/661/511 688/662/512 689/669/520
f 676/652/500 675/398/513 685/663/514 686/653/501
f 782/670/494 681/664/515 692/665/516
f 674/400/504 673/666/517 682/668/518 683/656/505
f 850/658/508 679/394/519 689/669/520 690/659/509
f 692/665/516 691/660/510 703/396/521 704/671/522
f 682/668/518 693/672/495 694/673/523
f 689/669/520 688/662/512 700/674/524 701/395/525
f 686/653/501 685/663/514 697/675/526 698/676/527
f 782/677/494 692/665/516 704/671/522
f 683/656/505 682/668/518 694/673/523 695/402/528
f 690/659/509 689/669/520 701/395/525 702/286/529
f 687/654/502 686/653/501 698/676/527 699/288/530
f 684/657/506 683/656/505 695/402/528 696/290/531
f 691/660/510 690/659/509 702/286/529 703/396/521
f 688/662/512 687/654/502 699/288/530 700/674/524
f 685/663/514 684/657/506 696/290/531 697/675/526
f 696/290/531 695/402/528 706/678/532 707/679/533
f 703/396/521 702/286/529 713/680/534 714/681/535
f 700/674/524 699/288/530 710/682/536 711/683/537
f 697/675/526 696/290/531 707/679/533 708/684/538
f 704/671/522 703/396/521 714/681/535 715/685/539
f 694/673/523 693/686/495 705/687/540
f 701/395/525 700/674/524 711/683/537 712/688/541
f 698/676/527 697/675/526 708/684/538 709/689/542
f 782/690/494 704/671/522 715/685/539
f 695/402/528 694/673/523 705/687/540 706/678/532
f 702/286/529 701/395/525 712/688/541 713/680/534
f 699/288/530 698/676/527 709/689/542 710/682/536
f 782/691/494 715/685/539 726/692/543
f 706/678/532 705/687/540 716/693/544 717/694/545
f 713/680/534 712/688/541 723/409/546 724/695/547
f 710/682/536 709/689/542 720/696/548 721/68/238
f 707/679/533 706/678/532 717/694/545 718/697/549
f 714/681/535 713/680/534 724/695/547 725/698/550
f 711/683/537 710/682/536 721/68/238 722/699/551
f 708/684/538 707/679/533 718/697/549 719/700/552
f 715/685/539 714/681/535 725/698/550 726/692/543
f 705/687/540 693/701/495 716/693/544
f 712/688/541 711/683/537 722/699/551 723/409/546
f 709/689/542 708/684/538 719/700/552 720/696/548
f 719/700/552 718/697/549 729/702/553 730/703/554
f 726/692/543 725/698/550 736/704/555 737/705/556
f 716/693/544 693/706/495 727/707/557
f 723/409/546 722/699/551 733/708/558 734/709/559
f 720/696/548 719/700/552 730/703/554 731/710/560
f 782/711/494 726/692/543 737/705/556
f 717/694/545 716/693/544 727/707/557 728/712/561
f 724/695/547 723/409/546 734/709/559 735/713/562
f 721/68/238 720/696/548 731/710/560 732/714/563
f 718/697/549 717/694/545 728/712/561 729/702/553
f 725/698/550 724/695/547 735/713/562 736/704/555
f 722/699/551 721/68/238 732/714/563 733/708/558
f 729/702/553 728/712/561 739/715/564 740/716/565
f 736/704/555 735/713/562 746/717/566 747/718/567
f 733/708/558 732/714/563 743/719/568 744/720/569
f 730/703/554 729/702/553 740/716/565 741/721/570
f 737/705/556 736/704/555 747/718/567 748/722/571
f 727/707/557 693/723/495 738/724/572
f 734/709/559 733/708/558 744/720/569 745/414/573
f 731/710/560 730/703/554 741/721/570 742/725/574
f 782/726/494 737/705/556 748/722/571
f 728/712/561 727/707/557 738/724/572 739/715/564
f 735/713/562 734/709/559 745/414/573 746/717/566
f 732/714/563 731/710/560 742/725/574 743/719/568
f 742/725/574 741/721/570 752/727/575 753/728/576
f 782/729/494 748/722/571 759/730/577
f 739/715/564 738/724/572 749/731/578 750/732/579
f 746/717/566 745/414/573 756/733/580 757/734/581
f 743/719/568 742/725/574 753/728/576 754/735/582
f 740/716/565 739/715/564 750/732/579 751/736/583
f 747/718/567 746/717/566 757/734/581 758/737/584
f 744/720/569 743/719/568 754/735/582 755/738/585
f 741/721/570 740/716/565 751/736/583 752/727/575
f 748/722/571 747/718/567 758/737/584 759/730/577
f 738/724/572 693/739/495 749/731/578
f 745/414/573 744/720/569 755/738/585 756/733/580
f 752/727/575 751/736/583 762/740/586 763/741/587
f 759/730/577 758/737/584 769/742/588 770/743/589
f 749/731/578 693/744/495 760/745/590
f 756/733/580 755/738/585 766/746/591 767/747/592
f 753/728/576 752/727/575 763/741/587 764/748/593
f 782/749/494 759/730/577 770/743/589
f 750/732/579 749/731/578 760/745/590 761/750/594
f 757/734/581 756/733/580 767/747/592 768/751/595
f 754/735/582 753/728/576 764/748/593 765/752/493
f 751/736/583 750/732/579 761/750/594 762/740/586
f 758/737/584 757/734/581 768/751/595 769/742/588
f 755/738/585 754/735/582 765/752/493 766/746/591
f 765/752/493 764/748/593 775/753/596 776/754/597
f 762/740/586 761/750/594 772/755/598 773/756/599
f 769/742/588 768/751/595 779/757/600 780/758/601
f 766/746/591 765/752/493 776/754/597 777/759/602
f 763/741/587 762/740/586 773/756/599 774/760/603
f 770/743/589 769/742/588 780/758/601 781/761/604
f 760/745/590 693/762/495 771/763/605
f 767/747/592 766/746/591 777/759/602 778/764/606
f 764/748/593 763/741/587 774/760/603 775/753/596
f 782/765/494 770/743/589 781/761/604
f 761/750/594 760/745/590 771/763/605 772/755/598
f 768/751/595 767/747/592 778/764/606 779/757/600
f 775/753/596 774/760/603 786/766/607 787/767/608
f 782/768/494 781/761/604 793/769/609
f 772/755/598 771/763/605 783/770/610 784/771/611
f 779/757/600 778/764/606 790/772/612 791/773/613
f 776/754/597 775/753/596 787/767/608 788/774/614
f 773/756/599 772/755/598 784/771/611 785/775/615
f 780/758/601 779/757/600 791/773/613 792/776/616
f 777/759/602 776/754/597 788/774/614 789/777/617
f 774/760/603 773/756/599 785/775/615 786/766/607
f 781/761/604 780/758/601 792/776/616 793/769/609
f 771/763/605 693/778/495 783/770/610
f 778/764/606 777/759/602 789/777/617 790/772/612
f 789/777/617 788/774/614 799/779/618 800/780/619
f 786/766/607 785/775/615 796/781/620 797/782/621
f 793/769/609 792/776/616 803/783/622 804/784/623
f 783/770/610 693/785/495 794/786/624
f 790/772/612 789/777/617 800/780/619 801/787/625
f 787/767/608 786/766/607 797/782/621 798/788/626
f 782/789/494 793/769/609 804/784/623
f 784/771/611 783/770/610 794/786/624 795/790/627
f 791/773/613 790/772/612 801/787/625 802/791/628
f 788/774/614 787/767/608 798/788/626 799/779/618
f 785/775/615 784/771/611 795/790/627 796/781/620
f 792/776/616 791/773/613 802/791/628 803/783/622
f 799/779/618 798/788/626 809/792/629 810/361/237
f 796/781/620 795/790/627 806/793/630 807/794/631
f 803/783/622 802/791/628 813/359/632 814/430/633
f 800/780/619 799/779/618 810/361/237 811/795/634
f 797/782/621 796/781/620 807/794/631 808/796/635
f 804/784/623 803/783/622 814/430/633 815/797/636
f 794/786/624 693/798/495 805/799/637
f 801/787/625 800/780/619 811/795/634 812/431/638
f 798/788/626 797/782/621 808/796/635 809/792/629
f 782/800/494 804/784/623 815/797/636
f 795/790/627 794/786/624 805/799/637 806/793/630
f 802/791/628 801/787/625 812/431/638 813/359/632
f 812/435/638 811/801/634 822/802/639 823/803/640
f 809/804/629 808/805/635 819/806/641 820/807/642
f 782/808/494 815/809/636 826/810/643
f 806/811/630 805/812/637 816/813/644 817/814/645
f 813/815/632 812/435/638 823/803/640 824/816/646
f 810/436/237 809/804/629 820/807/642 821/817/647
f 807/818/631 806/811/630 817/814/645 818/819/648
f 814/442/633 813/815/632 824/816/646 825/820/649
f 811/801/634 810/436/237 821/817/647 822/802/639
f 808/805/635 807/818/631 818/819/648 819/806/641
f 815/809/636 814/442/633 825/820/649 826/810/643
f 805/812/637 693/821/495 816/813/644
f 822/802/639 821/817/647 832/822/650 833/823/651
f 819/806/641 818/819/648 829/824/652 830/825/653
f 826/810/643 825/820/649 836/826/654 837/827/655
f 816/813/644 693/828/495 827/829/656
f 823/803/640 822/802/639 833/823/651 834/830/657
f 820/807/642 819/806/641 830/825/653 831/831/658
f 782/832/494 826/810/643 837/827/655
f 817/814/645 816/813/644 827/829/656 828/833/659
f 824/816/646 823/803/640 834/830/657 835/834/660
f 821/817/647 820/807/642 831/831/658 832/822/650
f 818/819/648 817/814/645 828/833/659 829/824/652
f 825/820/649 824/816/646 835/834/660 836/826/654
f 835/834/660 834/830/657 845/835/661 846/836/662
f 832/822/650 831/831/658 842/837/663 843/838/664
f 829/824/652 828/833/659 839/839/665 840/840/666
f 836/826/654 835/834/660 846/836/662 847/841/667
f 833/823/651 832/822/650 843/838/664 844/842/668
f 830/825/653 829/824/652 840/840/666 841/843/669
f 837/827/655 836/826/654 847/841/667 848/844/670
f 827/829/656 693/845/495 838/846/671
f 834/830/657 833/823/651 844/842/668 845/835/661
f 831/831/658 830/825/653 841/843/669 842/837/663
f 782/847/494 837/827/655 848/844/670
f 828/833/659 827/829/656 838/846/671 839/839/665
f 838/846/671 693/848/495 673/666/517
f 845/835/661 844/842/668 678/661/511 679/394/519
f 842/837/663 841/843/669 675/398/513 676/652/500
f 782/849/494 848/844/670 681/664/515
f 839/839/665 838/846/671 673/666/517 674/400/504
f 846/836/662 845/835/661 679/394/519 850/658/508
f 843/838/664 842/837/663 676/652/500 677/397/492
f 840/840/666 839/839/665 674/400/504 849/655/503
f 847/841/667 846/836/662 850/658/508 680/393/507
f 844/842/668 843/838/664 677/397/492 678/661/511
f 841/843/669 840/840/666 849/655/503 675/398/513
f 848/844/670 847/841/667 680/393/507 681/664/515
f 851/436/672 852/604/673 854/850/674 853/851/675
f 853/851/675 854/850/674 856/852/676 855/853/677
f 855/853/677 856/852/676 858/854/678 857/855/679
f 857/855/679 858/854/678 860/856/680 859/857/681
f 859/857/681 860/856/680 862/858/682 861/859/683
f 861/859/683 862/858/682 864/860/684 863/861/685
f 863/861/685 864/860/684 866/862/686 865/863/687
f 865/863/687 866/862/686 868/864/688 867/865/689
f 854/866/674 852/625/673 870/867/690 868/868/688 866/869/686 864/870/684 862/631/682 860/871/680 858/872/678 856/873/676
f 867/865/689 868/864/688 870/874/690 869/875/691
f 869/875/691 870/874/690 852/876/673 851/877/672
f 851/640/672 853/878/675 855/879/677 857/880/679 859/881/681 861/646/683 863/882/685 865/883/687 867/884/689 869/885/691
f 899/666/517 919/667/495 908/668/518
f 905/394/519 904/661/511 914/662/512 915/669/520
f 902/652/500 901/398/513 911/663/514 912/653/501
f 1008/670/494 907/664/515 918/665/516
f 900/400/504 899/666/517 908/668/518 909/656/505
f 1076/658/508 905/394/519 915/669/520 916/659/509
f 903/397/492 902/652/500 912/653/501 913/654/502
f 1075/655/503 900/400/504 909/656/505 910/657/506
f 906/393/507 1076/658/508 916/659/509 917/660/510
f 904/661/511 903/397/492 913/654/502 914/662/512
f 901/398/513 1075/655/503 910/657/506 911/663/514
f 907/664/515 906/393/507 917/660/510 918/665/516
f 913/654/502 912/653/501 924/676/527 925/288/530
f 910/657/506 909/656/505 921/402/528 922/290/531
f 917/660/510 916/659/509 928/286/529 929/396/521
f 914/662/512 913/654/502 925/288/530 926/674/524
f 911/663/514 910/657/506 922/290/531 923/675/526
f 918/665/516 917/660/510 929/396/521 930/671/522
f 908/668/518 919/672/495 920/673/523
f 915/669/520 914/662/512 926/674/524 927/395/525
f 912/653/501 911/663/514 923/675/526 924/676/527
f 1008/677/494 918/665/516 930/671/522
f 909/656/505 908/668/518 920/673/523 921/402/528
f 916/659/509 915/669/520 927/395/525 928/286/529
f 924/676/527 923/675/526 934/684/538 935/689/542
f 1008/690/494 930/671/522 941/685/539
f 921/402/528 920/673/523 931/687/540 932/678/532
f 928/286/529 927/395/525 938/688/541 939/680/534
f 925/288/530 924/676/527 935/689/542 936/682/536
f 922/290/531 921/402/528 932/678/532 933/679/533
f 929/396/521 928/286/529 939/680/534 940/681/535
f 926/674/524 925/288/530 936/682/536 937/683/537
f 923/675/526 922/290/531 933/679/533 934/684/538
f 930/671/522 929/396/521 940/681/535 941/685/539
f 920/673/523 919/686/495 931/687/540
f 927/395/525 926/674/524 937/683/537 938/688/541
f 937/683/537 936/682/536 947/68/238 948/699/551
f 934/684/538 933/679/533 944/697/549 945/700/552
f 941/685/539 940/681/535 951/698/550 952/692/543
f 931/687/540 919/701/495 942/693/544
f 938/688/541 937/683/537 948/699/551 949/409/546
f 935/689/542 934/684/538 945/700/552 946/696/548
f 1008/691/494 941/685/539 952/692/543
f 932/678/532 931/687/540 942/693/544 943/694/545
f 939/680/534 938/688/541 949/409/546 950/695/547
f 936/682/536 935/689/542 946/696/548 947/68/238
f 933/679/533 932/678/532 943/694/545 944/697/549
f 940/681/535 939/680/534 950/695/547 951/698/550
f 947/68/238 946/696/548 957/710/560 958/714/563
f 944/697/549 943/694/545 954/712/561 955/702/553
f 951/698/550 950/695/547 961/713/562 962/704/555
f 948/699/551 947/68/238 958/714/563 959/708/558
f 945/700/552 944/697/549 955/702/553 956/703/554
f 952/692/543 951/698/550 962/704/555 963/705/556
f 942/693/544 919/706/495 953/707/557
f 949/409/546 948/699/551 959/708/558 960/709/559
f 946/696/548 945/700/552 956/703/554 957/710/560
f 1008/711/494 952/692/543 963/705/556
f 943/694/545 942/693/544 953/707/557 954/712/561
f 950/695/547 949/409/546 960/709/559 961/713/562
f 960/709/559 959/708/558 970/720/569 971/414/573
f 957/710/560 956/703/554 967/721/570 968/725/574
f 1008/726/494 963/705/556 974/722/571
f 954/712/561 953/707/557 964/724/572 965/715/564
f 961/713/562 960/709/559 971/414/573 972/717/566
f 958/714/563 957/710/560 968/725/574 969/719/568
f 955/702/553 954/712/561 965/715/564 966/716/565
f 962/704/555 961/713/562 972/717/566 973/718/567
f 959/708/558 958/714/563 969/719/568 970/720/569
f 956/703/554 955/702/553 966/716/565 967/721/570
f 963/705/556 962/704/555 973/718/567 974/722/571
f 953/707/557 919/723/495 964/724/572
f 970/720/569 969/719/568 980/735/582 981/738/585
f 967/721/570 966/716/565 977/736/583 978/727/575
f 974/722/571 973/718/567 984/737/584 985/730/577
f 964/724/572 919/739/495 975/731/578
f 971/414/573 970/720/569 981/738/585 982/733/580
f 968/725/574 967/721/570 978/727/575 979/728/576
f 1008/729/494 974/722/571 985/730/577
f 965/715/564 964/724/572 975/731/578 976/732/579
f 972/717/566 971/414/573 982/733/580 983/734/581
f 969/719/568 968/725/574 979/728/576 980/735/582
f 966/716/565 965/715/564 976/732/579 977/736/583
f 973/718/567 972/717/566 983/734/581 984/737/584
f 983/734/581 982/733/580 993/747/592 994/751/595
f 980/735/582 979/728/576 990/748/593 991/752/493
f 977/736/583 976/732/579 987/750/594 988/740/586
f 984/737/584 983/734/581 994/751/595 995/742/588
f 981/738/585 980/735/582 991/752/493 992/746/591
f 978/727/575 977/736/583 988/740/586 989/741/587
f 985/730/577 984/737/584 995/742/588 996/743/589
f 975/731/578 919/744/495 986/745/590
f 982/733/580 981/738/585 992/746/591 993/747/592
f 979/728/576 978/727/575 989/741/587 990/748/593
f 1008/749/494 985/730/577 996/743/589
f 976/732/579 975/731/578 986/745/590 987/750/594
f 986/745/590 919/762/495 997/763/605
f 993/747/592 992/746/591 1003/759/602 1004/764/606
f 990/748/593 989/741/587 1000/760/603 1001/753/596
f 1008/765/494 996/743/589 1007/761/604
f 987/750/594 986/745/590 997/763/605 998/755/598
f 994/751/595 993/747/592 1004/764/606 1005/757/600
f 991/752/493 990/748/593 1001/753/596 1002/754/597
f 988/740/586 987/750/594 998/755/598 999/756/599
f 995/742/588 994/751/595 1005/757/600 1006/758/601
f 992/746/591 991/752/493 1002/754/597 1003/759/602
f 989/741/587 988/740/586 999/756/599 1000/760/603
f 996/743/589 995/742/588 1006/758/601 1007/761/604
f 1006/758/601 1005/757/600 1017/773/613 1018/776/616
f 1003/759/602 1002/754/597 1014/774/614 1015/777/617
f 1000/760/603 999/756/599 1011/775/615 1012/766/607
f 1007/761/604 1006/758/601 1018/776/616 1019/769/609
f 997/763/605 919/778/495 1009/770/610
f 1004/764/606 1003/759/602 1015/777/617 1016/772/612
f 1001/753/596 1000/760/603 1012/766/607 1013/767/608
f 1008/768/494 1007/761/604 1019/769/609
f 998/755/598 997/763/605 1009/770/610 1010/771/611
f 1005/757/600 1004/764/606 1016/772/612 1017/773/613
f 1002/754/597 1001/753/596 1013/767/608 1014/774/614
f 999/756/599 998/755/598 1010/771/611 1011/775/615
f 1010/771/611 1009/770/610 1020/786/624 1021/790/627
f 1017/773/613 1016/772/612 1027/787/625 1028/791/628
f 1014/774/614 1013/767/608 1024/788/626 1025/779/618
f 1011/775/615 1010/771/611 1021/790/627 1022/781/620
f 1018/776/616 1017/773/613 1028/791/628 1029/783/622
f 1015/777/617 1014/774/614 1025/779/618 1026/780/619
f 1012/766/607 1011/775/615 1022/781/620 1023/782/621
f 1019/769/609 1018/776/616 1029/783/622 1030/784/623
f 1009/770/610 919/785/495 1020/786/624
f 1016/772/612 1015/777/617 1026/780/619 1027/787/625
f 1013/767/608 1012/766/607 1023/782/621 1024/788/626
f 1008/789/494 1019/769/609 1030/784/623
f 1030/784/623 1029/783/622 1040/430/633 1041/797/636
f 1020/786/624 919/798/495 1031/799/637
f 1027/787/625 1026/780/619 1037/795/634 1038/431/638
f 1024/788/626 1023/782/621 1034/796/635 1035/792/629
f 1008/800/494 1030/784/623 1041/797/636
f 1021/790/627 1020/786/624 1031/799/637 1032/793/630
f 1028/791/628 1027/787/625 1038/431/638 1039/359/632
f 1025/779/618 1024/788/626 1035/792/629 1036/361/237
f 1022/781/620 1021/790/627 1032/793/630 1033/794/631
f 1029/783/622 1028/791/628 1039/359/632 1040/430/633
f 1026/780/619 1025/779/618 1036/361/237 1037/795/634
f 1023/782/621 1022/781/620 1033/794/631 1034/796/635
f 1033/818/631 1032/811/630 1043/814/645 1044/819/648
f 1040/442/633 1039/815/632 1050/816/646 1051/820/649
f 1037/801/634 1036/436/237 1047/817/647 1048/802/639
f 1034/805/635 1033/818/631 1044/819/648 1045/806/641
f 1041/809/636 1040/442/633 1051/820/649 1052/810/643
f 1031/812/637 919/821/495 1042/813/644
f 1038/435/638 1037/801/634 1048/802/639 1049/803/640
f 1035/804/629 1034/805/635 1045/806/641 1046/807/642
f 1008/808/494 1041/809/636 1052/810/643
f 1032/811/630 1031/812/637 1042/813/644 1043/814/645
f 1039/815/632 1038/435/638 1049/803/640 1050/816/646
f 1036/436/237 1035/804/629 1046/807/642 1047/817/647
f 1008/832/494 1052/810/643 1063/827/655
f 1043/814/645 1042/813/644 1053/829/656 1054/833/659
f 1050/816/646 1049/803/640 1060/830/657 1061/834/660
f 1047/817/647 1046/807/642 1057/831/658 1058/822/650
f 1044/819/648 1043/814/645 1054/833/659 1055/824/652
f 1051/820/649 1050/816/646 1061/834/660 1062/826/654
f 1048/802/639 1047/817/647 1058/822/650 1059/823/651
f 1045/806/641 1044/819/648 1055/824/652 1056/825/653
f 1052/810/643 1051/820/649 1062/826/654 1063/827/655
f 1042/813/644 919/828/495 1053/829/656
f 1049/803/640 1048/802/639 1059/823/651 1060/830/657
f 1046/807/642 1045/806/641 1056/825/653 1057/831/658
f 1056/825/653 1055/824/652 1066/840/666 1067/843/669
f 1063/827/655 1062/826/654 1073/841/667 1074/844/670
f 1053/829/656 919/845/495 1064/846/671
f 1060/830/657 1059/823/651 1070/842/668 1071/835/661
f 1057/831/658 1056/825/653 1067/843/669 1068/837/663
f 1008/847/494 1063/827/655 1074/844/670
f 1054/833/659 1053/829/656 1064/846/671 1065/839/665
f 1061/834/660 1060/830/657 1071/835/661 1072/836/662
f 1058/822/650 1057/831/658 1068/837/663 1069/838/664
f 1055/824/652 1054/833/659 1065/839/665 1066/840/666
f 1062/826/654 1061/834/660 1072/836/662 1073/841/667
f 1059/823/651 1058/822/650 1069/838/664 1070/842/668
f 1066/840/666 1065/839/665 900/400/504 1075/655/503
f 1073/841/667 1072/836/662 1076/658/508 906/393/507
f 1070/842/668 1069/838/664 903/397/492 904/661/511
f 1067/843/669 1066/840/666 1075/655/503 901/398/513
f 1074/844/670 1073/841/667 906/393/507 907/664/515
f 1064/846/671 919/848/495 899/666/517
f 1071/835/661 1070/842/668 904/661/511 905/394/519
f 1068/837/663 1067/843/669 901/398/513 902/652/500
f 1008/849/494 1074/844/670 907/664/515
f 1065/839/665 1064/846/671 899/666/517 900/400/504
f 1072/836/662 1071/835/661 905/394/519 1076/658/508
f 1069/838/664 1068/837/663 902/652/500 903/397/492
f 1077/436/698 1078/604/699 1080/850/700 1079/851/701
f 1079/851/701 1080/850/700 1082/852/702 1081/853/703
f 1081/853/703 1082/852/702 1084/854/704 1083/855/705
f 1083/855/705 1084/854/704 1086/856/706 1085/857/707
f 1085/857/707 1086/856/706 1088/858/708 1087/859/709
f 1087/859/709 1088/858/708 1090/860/710 1089/861/711
f 1089/861/711 1090/860/710 1092/862/712 1091/863/713
f 1091/863/713 1092/862/712 1094/864/714 1093/865/715
f 1080/866/700 1078/625/699 1096/867/716 1094/868/714 1092/869/712 1090/870/710 1088/631/708 1086/871/706 1084/872/704 1082/873/702
f 1093/865/715 1094/864/714 1096/874/716 1095/875/717
f 1095/875/717 1096/874/716 1078/876/699 1077/877/698
f 1077/640/698 1079/878/701 1081/879/703 1083/880/705 1085/881/707 1087/646/709 1089/882/711 1091/883/713 1093/884/715 1095/885/717
s 0
usemtl Mat_RunnerShorts
f 665/284/237 666/285/237 668/286/237 667/287/237
f 667/287/496 668/286/496 672/288/496 671/289/496
f 671/289/238 672/288/238 670/290/238 669/291/238
f 669/291/497 670/290/497 666/292/497 665/293/497
f 667/294/498 671/289/498 669/291/498 665/295/498
f 672/288/499 668/296/499 666/297/499 670/290/499
s 1
f 1125/436/724 1126/604/725 1128/850/726 1127/851/727
f 1127/851/727 1128/850/726 1130/852/728 1129/853/729
f 1129/853/729 1130/852/728 1132/854/730 1131/855/731
f 1131/855/731 1132/854/730 1134/856/732 1133/857/733
f 1133/857/733 1134/856/732 1136/858/734 1135/859/735
f 1135/859/735 1136/858/734 1138/860/736 1137/861/737
f 1137/861/737 1138/860/736 1140/862/738 1139/863/739
f 1139/863/739 1140/862/738 1142/864/740 1141/865/741
f 1128/866/726 1126/625/725 1144/904/742 1142/868/740 1140/905/738 1138/906/736 1136/631/734 1134/871/732 1132/907/730 1130/873/728
f 1141/865/741 1142/864/740 1144/874/742 1143/875/743
f 1143/875/743 1144/874/742 1126/876/725 1125/877/724
f 1125/640/724 1127/878/727 1129/879/729 1131/908/731 1133/881/733 1135/646/735 1137/882/737 1139/909/739 1141/884/741 1143/885/743
f 1181/436/770 1182/604/771 1184/850/772 1183/851/773
f 1183/851/773 1184/850/772 1186/852/774 1185/853/775
f 1185/853/775 1186/852/774 1188/854/776 1187/855/777
f 1187/855/777 1188/854/776 1190/856/778 1189/857/779
f 1189/857/779 1190/856/778 1192/858/780 1191/859/781
f 1191/859/781 1192/858/780 1194/860/782 1193/861/783
f 1193/861/783 1194/860/782 1196/862/784 1195/863/785
f 1195/863/785 1196/862/784 1198/864/786 1197/865/787
f 1184/866/772 1182/625/771 1200/904/788 1198/868/786 1196/905/784 1194/906/782 1192/631/780 1190/871/778 1188/907/776 1186/873/774
f 1197/865/787 1198/864/786 1200/874/788 1199/875/789
f 1199/875/789 1200/874/788 1182/876/771 1181/877/770
f 1181/640/770 1183/878/773 1185/879/775 1187/908/777 1189/881/779 1191/646/781 1193/882/783 1195/909/785 1197/884/787 1199/885/789
s 0
usemtl Mat_RunningShoes
f 1165/284/764 1166/285/764 1168/286/764 1167/287/764
f 1167/287/765 1168/286/765 1172/288/765 1171/289/765
f 1171/289/766 1172/288/766 1170/290/766 1169/291/766
f 1169/291/767 1170/290/767 1166/292/767 1165/293/767
f 1167/294/768 1171/289/768 1169/291/768 1165/295/768
f 1172/288/769 1168/296/769 1166/297/769 1170/290/769
f 1173/284/764 1174/285/764 1176/286/764 1175/287/764
f 1175/287/765 1176/286/765 1180/288/765 1179/289/765
f 1179/289/766 1180/288/766 1178/290/766 1177/291/766
f 1177/291/767 1178/290/767 1174/292/767 1173/293/767
f 1175/294/768 1179/289/768 1177/291/768 1173/295/768
f 1180/288/769 1176/296/769 1174/297/769 1178/290/769
f 1221/284/810 1222/285/810 1224/286/810 1223/287/810
f 1223/287/811 1224/286/811 1228/288/811 1227/289/811
f 1227/289/812 1228/288/812 1226/290/812 1225/291/812
f 1225/291/813 1226/290/813 1222/292/813 1221/293/813
f 1223/294/814 1227/289/814 1225/291/814 1221/295/814
f 1228/288/815 1224/296/815 1222/297/815 1226/290/815
f 1229/284/810 1230/285/810 1232/286/810 1231/287/810
f 1231/287/811 1232/286/811 1236/288/811 1235/289/811
f 1235/289/812 1236/288/812 1234/290/812 1233/291/812
f 1233/291/813 1234/290/813 1230/292/813 1229/293/813
f 1231/294/814 1235/289/814 1233/291/814 1229/295/814
f 1236/288/815 1232/296/815 1230/297/815 1234/290/815
