# Blender 4.0.2
# www.blender.org
mtllib zombie_normal.mtl
o ZombieNormal
v 0.010000 -0.038890 -1.718136
v 0.016390 0.123963 -1.649667
v 0.022535 0.117931 -1.668579
v 0.028198 0.108136 -1.686008
v 0.033162 0.094953 -1.701285
v 0.037235 0.078890 -1.713822
v 0.040262 0.060564 -1.723138
v 0.042126 0.040680 -1.728875
v 0.042756 0.020000 -1.730812
v 0.042126 -0.000680 -1.728875
v 0.040262 -0.020564 -1.723138
v 0.037235 -0.038890 -1.713822
v 0.033162 -0.054953 -1.701285
v 0.028198 -0.068136 -1.686008
v 0.022535 -0.077931 -1.668579
v 0.016390 -0.083963 -1.649667
v 0.022155 0.123963 -1.646730
v 0.033843 0.117931 -1.662817
v 0.044615 0.108136 -1.677643
v 0.054056 0.094953 -1.690639
v 0.061805 0.078890 -1.701303
v 0.067563 0.060564 -1.709228
v 0.071108 0.040680 -1.714108
v 0.072305 0.020000 -1.715756
v 0.071108 -0.000680 -1.714108
v 0.067563 -0.020564 -1.709228
v 0.061805 -0.038890 -1.701303
v 0.054056 -0.054953 -1.690639
v 0.044615 -0.068136 -1.677643
v 0.033843 -0.077931 -1.662817
v 0.022155 -0.083963 -1.646730
v 0.026730 0.123963 -1.642155
v 0.042817 0.117931 -1.653843
v 0.057643 0.108136 -1.664615
v 0.070639 0.094953 -1.674056
v 0.081303 0.078890 -1.681805
v 0.089228 0.060564 -1.687563
v 0.094108 0.040680 -1.691108
v 0.095756 0.020000 -1.692305
v 0.094108 -0.000680 -1.691108
v 0.089228 -0.020564 -1.687563
v 0.081303 -0.038890 -1.681805
v 0.070639 -0.054953 -1.674056
v 0.057643 -0.068136 -1.664615
v 0.042817 -0.077931 -1.653843
v 0.026730 -0.083963 -1.642155
v 0.029667 0.123963 -1.636390
v 0.048579 0.117931 -1.642535
v 0.066008 0.108136 -1.648198
v 0.081285 0.094953 -1.653162
v 0.093822 0.078890 -1.657236
v 0.103138 0.060564 -1.660262
v 0.108875 0.040680 -1.662126
v 0.110812 0.020000 -1.662756
v 0.108875 -0.000680 -1.662126
v 0.103138 -0.020564 -1.660262
v 0.093822 -0.038890 -1.657236
v 0.081285 -0.054953 -1.653162
v 0.066008 -0.068136 -1.648198
v 0.048579 -0.077931 -1.642535
v 0.029667 -0.083963 -1.636390
v 0.030680 0.123963 -1.630000
v 0.050564 0.117931 -1.630000
v 0.068890 0.108136 -1.630000
v 0.084953 0.094953 -1.630000
v 0.098136 0.078890 -1.630000
v 0.107931 0.060564 -1.630000
v 0.113963 0.040680 -1.630000
v 0.116000 0.020000 -1.630000
v 0.113963 -0.000680 -1.630000
v 0.107931 -0.020564 -1.630000
v 0.098136 -0.038890 -1.630000
v 0.084953 -0.054953 -1.630000
v 0.068890 -0.068136 -1.630000
v 0.050564 -0.077931 -1.630000
v 0.030680 -0.083963 -1.630000
v 0.029667 0.123963 -1.623610
v 0.048579 0.117931 -1.617465
v 0.066008 0.108136 -1.611802
v 0.081285 0.094953 -1.606838
v 0.093822 0.078890 -1.602764
v 0.103138 0.060564 -1.599738
v 0.108875 0.040680 -1.597874
v 0.110812 0.020000 -1.597244
v 0.108875 -0.000680 -1.597874
v 0.103138 -0.020564 -1.599738
v 0.093822 -0.038890 -1.602764
v 0.081285 -0.054953 -1.606838
v 0.066008 -0.068136 -1.611802
v 0.048579 -0.077931 -1.617465
v 0.029667 -0.083963 -1.623610
v 0.026730 0.123963 -1.617845
v 0.042817 0.117931 -1.606157
v 0.057643 0.108136 -1.595385
v 0.070639 0.094953 -1.585944
v 0.081303 0.078890 -1.578195
v 0.089228 0.060564 -1.572437
v 0.094108 0.040680 -1.568892
v 0.095756 0.020000 -1.567695
v 0.094108 -0.000680 -1.568892
v 0.089228 -0.020564 -1.572437
v 0.081303 -0.038890 -1.578195
v 0.070639 -0.054953 -1.585944
v 0.057643 -0.068136 -1.595385
v 0.042817 -0.077931 -1.606157
v 0.026730 -0.083963 -1.617845
v 0.022155 0.123963 -1.613270
v 0.033843 0.117931 -1.597183
v 0.044615 0.108136 -1.582357
v 0.054056 0.094953 -1.569361
v 0.061805 0.078890 -1.558697
v 0.067563 0.060564 -1.550772
v 0.071108 0.040680 -1.545892
v 0.072305 0.020000 -1.544244
v 0.071108 -0.000680 -1.545892
v 0.067563 -0.020564 -1.550772
v 0.061805 -0.038890 -1.558697
v 0.054056 -0.054953 -1.569361
v 0.044615 -0.068136 -1.582357
v 0.033843 -0.077931 -1.597183
v 0.022155 -0.083963 -1.613270
v 0.016390 0.123963 -1.610332
v 0.022535 0.117931 -1.591421
v 0.028198 0.108136 -1.573992
v 0.033162 0.094953 -1.558715
v 0.037235 0.078890 -1.546178
v 0.040262 0.060564 -1.536862
v 0.042126 0.040680 -1.531125
v 0.042756 0.020000 -1.529188
v 0.042126 -0.000680 -1.531125
v 0.040262 -0.020564 -1.536862
v 0.037235 -0.038890 -1.546178
v 0.033162 -0.054953 -1.558715
v 0.028198 -0.068136 -1.573992
v 0.022535 -0.077931 -1.591421
v 0.016390 -0.083963 -1.610332
v 0.010000 0.123963 -1.609320
v 0.010000 0.117931 -1.589436
v 0.010000 0.108136 -1.571110
v 0.010000 0.094953 -1.555047
v 0.010000 0.078890 -1.541864
v 0.010000 0.060564 -1.532069
v 0.010000 0.040680 -1.526037
v 0.010000 0.020000 -1.524000
v 0.010000 -0.000680 -1.526037
v 0.010000 -0.020564 -1.532069
v 0.010000 -0.038890 -1.541864
v 0.010000 -0.054953 -1.555047
v 0.010000 -0.068136 -1.571110
v 0.010000 -0.077931 -1.589436
v 0.010000 -0.083963 -1.609320
v 0.003610 0.123963 -1.610332
v -0.002535 0.117931 -1.591421
v -0.008198 0.108136 -1.573992
v -0.013162 0.094953 -1.558715
v -0.017235 0.078890 -1.546178
v -0.020262 0.060564 -1.536862
v -0.022126 0.040680 -1.531125
v -0.022756 0.020000 -1.529188
v -0.022126 -0.000680 -1.531125
v -0.020262 -0.020564 -1.536862
v -0.017235 -0.038890 -1.546178
v -0.013162 -0.054953 -1.558715
v -0.008198 -0.068136 -1.573992
v -0.002535 -0.077931 -1.591421
v 0.003610 -0.083963 -1.610332
v -0.002155 0.123963 -1.613270
v -0.013843 0.117931 -1.597183
v -0.024615 0.108136 -1.582357
v -0.034056 0.094953 -1.569361
v -0.041805 0.078890 -1.558697
v -0.047563 0.060564 -1.550772
v -0.051108 0.040680 -1.545892
v -0.052305 0.020000 -1.544244
v -0.051108 -0.000680 -1.545892
v -0.047563 -0.020564 -1.550772
v -0.041805 -0.038890 -1.558697
v -0.034056 -0.054953 -1.569361
v -0.024615 -0.068136 -1.582357
v -0.013843 -0.077931 -1.597183
v -0.002155 -0.083963 -1.613270
v -0.006730 0.123963 -1.617845
v -0.022817 0.117931 -1.606157
v -0.037643 0.108136 -1.595385
v -0.050639 0.094953 -1.585943
v -0.061303 0.078890 -1.578195
v -0.069228 0.060564 -1.572437
v -0.074108 0.040680 -1.568892
v -0.075756 0.020000 -1.567695
v -0.074108 -0.000680 -1.568892
v -0.069228 -0.020564 -1.572437
v -0.061303 -0.038890 -1.578195
v -0.050639 -0.054953 -1.585943
v -0.037643 -0.068136 -1.595385
v -0.022817 -0.077931 -1.606157
v -0.006730 -0.083963 -1.617845
v 0.010000 0.126000 -1.630000
v -0.009667 0.123963 -1.623610
v -0.028579 0.117931 -1.617465
v -0.046008 0.108136 -1.611802
v -0.061285 0.094953 -1.606838
v -0.073822 0.078890 -1.602764
v -0.083138 0.060564 -1.599738
v -0.088875 0.040680 -1.597874
v -0.090812 0.020000 -1.597244
v -0.088875 -0.000680 -1.597874
v -0.083138 -0.020564 -1.599738
v -0.073822 -0.038890 -1.602764
v -0.061285 -0.054953 -1.606838
v -0.046008 -0.068136 -1.611802
v -0.028579 -0.077931 -1.617465
v -0.009667 -0.083963 -1.623610
v 0.010000 -0.086000 -1.630000
v -0.010680 0.123963 -1.630000
v -0.030564 0.117931 -1.630000
v -0.048890 0.108136 -1.630000
v -0.064953 0.094953 -1.630000
v -0.078136 0.078890 -1.630000
v -0.087931 0.060564 -1.630000
v -0.093963 0.040680 -1.630000
v -0.096000 0.020000 -1.630000
v -0.093963 -0.000680 -1.630000
v -0.087931 -0.020564 -1.630000
v -0.078136 -0.038890 -1.630000
v -0.064953 -0.054953 -1.630000
v -0.048890 -0.068136 -1.630000
v -0.030564 -0.077931 -1.630000
v -0.010680 -0.083963 -1.630000
v -0.009667 0.123963 -1.636390
v -0.028579 0.117931 -1.642535
v -0.046008 0.108136 -1.648198
v -0.061285 0.094953 -1.653162
v -0.073822 0.078890 -1.657236
v -0.083138 0.060564 -1.660262
v -0.088875 0.040680 -1.662126
v -0.090812 0.020000 -1.662756
v -0.088875 -0.000680 -1.662126
v -0.083138 -0.020564 -1.660262
v -0.073822 -0.038890 -1.657236
v -0.061285 -0.054953 -1.653162
v -0.046008 -0.068136 -1.648198
v -0.028579 -0.077931 -1.642535
v -0.009667 -0.083963 -1.636390
v -0.006730 0.123963 -1.642155
v -0.022817 0.117931 -1.653843
v -0.037643 0.108136 -1.664615
v -0.050639 0.094953 -1.674056
v -0.061303 0.078890 -1.681805
v -0.069228 0.060564 -1.687563
v -0.074108 0.040680 -1.691108
v -0.075756 0.020000 -1.692305
v -0.074108 -0.000680 -1.691108
v -0.069228 -0.020564 -1.687563
v -0.061303 -0.038890 -1.681805
v -0.050639 -0.054953 -1.674056
v -0.037643 -0.068136 -1.664615
v -0.022817 -0.077931 -1.653843
v -0.006730 -0.083963 -1.642155
v -0.002155 0.123963 -1.646730
v -0.013843 0.117931 -1.662817
v -0.024615 0.108136 -1.677643
v -0.034056 0.094953 -1.690639
v -0.041805 0.078890 -1.701303
v -0.047563 0.060564 -1.709228
v -0.051108 0.040680 -1.714108
v -0.052305 0.020000 -1.715756
v -0.051108 -0.000680 -1.714108
v -0.047563 -0.020564 -1.709228
v -0.041805 -0.038890 -1.701303
v -0.034056 -0.054953 -1.690639
v -0.024615 -0.068136 -1.677643
v -0.013843 -0.077931 -1.662817
v -0.002155 -0.083963 -1.646730
v 0.003610 0.123963 -1.649668
v -0.002535 0.117931 -1.668579
v -0.008198 0.108136 -1.686008
v -0.013162 0.094953 -1.701285
v -0.017235 0.078890 -1.713822
v -0.020262 0.060564 -1.723138
v -0.022126 0.040680 -1.728875
v -0.022756 0.020000 -1.730812
v -0.022126 -0.000680 -1.728875
v -0.020262 -0.020564 -1.723138
v -0.017235 -0.038890 -1.713822
v -0.013162 -0.054953 -1.701285
v -0.008198 -0.068136 -1.686008
v -0.002535 -0.077931 -1.668579
v 0.003610 -0.083963 -1.649668
v 0.010000 0.123963 -1.650680
v 0.010000 0.117931 -1.670564
v 0.010000 0.108136 -1.688890
v 0.010000 0.094953 -1.704953
v 0.010000 0.078890 -1.718136
v 0.010000 0.060564 -1.727931
v 0.010000 0.040680 -1.733963
v 0.010000 0.020000 -1.736000
v 0.010000 -0.000680 -1.733963
v 0.010000 -0.020564 -1.727931
v 0.010000 -0.054953 -1.704953
v 0.010000 -0.068136 -1.688890
v 0.010000 -0.077931 -1.670564
v 0.010000 -0.083963 -1.650680
v -0.052500 0.095000 -1.620000
v -0.052500 0.135000 -1.620000
v -0.052500 0.095000 -1.650000
v -0.052500 0.135000 -1.650000
v 0.072500 0.095000 -1.620000
v 0.072500 0.135000 -1.620000
v 0.072500 0.095000 -1.650000
v 0.072500 0.135000 -1.650000
v -0.038000 0.131168 -1.630253
v -0.038000 0.124992 -1.638753
v -0.038000 0.105008 -1.638753
v -0.038000 0.098832 -1.630253
v -0.035373 0.131168 -1.629550
v -0.033004 0.128753 -1.633654
v -0.031123 0.124992 -1.636911
v -0.029916 0.120253 -1.639002
v -0.029500 0.115000 -1.639722
v -0.029916 0.109747 -1.639002
v -0.031123 0.105008 -1.636911
v -0.033004 0.101247 -1.633654
v -0.035373 0.098832 -1.629550
v -0.033451 0.131168 -1.627627
v -0.029346 0.128753 -1.629996
v -0.026089 0.124992 -1.631877
v -0.023998 0.120253 -1.633084
v -0.023278 0.115000 -1.633500
v -0.023998 0.109747 -1.633084
v -0.026089 0.105008 -1.631877
v -0.029346 0.101247 -1.629996
v -0.033451 0.098832 -1.627627
v -0.032747 0.131168 -1.625000
v -0.028008 0.128753 -1.625000
v -0.024247 0.124992 -1.625000
v -0.021832 0.120253 -1.625000
v -0.021000 0.115000 -1.625000
v -0.021832 0.109747 -1.625000
v -0.024247 0.105008 -1.625000
v -0.028008 0.101247 -1.625000
v -0.032747 0.098832 -1.625000
v -0.033451 0.131168 -1.622373
v -0.029346 0.128753 -1.620004
v -0.026089 0.124992 -1.618123
v -0.023998 0.120253 -1.616916
v -0.023278 0.115000 -1.616500
v -0.023998 0.109747 -1.616916
v -0.026089 0.105008 -1.618123
v -0.029346 0.101247 -1.620004
v -0.033451 0.098832 -1.622373
v -0.035373 0.131168 -1.620450
v -0.033004 0.128753 -1.616346
v -0.031123 0.124992 -1.613089
v -0.029916 0.120253 -1.610998
v -0.029500 0.115000 -1.610278
v -0.029916 0.109747 -1.610998
v -0.031123 0.105008 -1.613089
v -0.033004 0.101247 -1.616346
v -0.035373 0.098832 -1.620450
v -0.038000 0.131168 -1.619747
v -0.038000 0.128753 -1.615008
v -0.038000 0.124992 -1.611247
v -0.038000 0.120253 -1.608832
v -0.038000 0.115000 -1.608000
v -0.038000 0.109747 -1.608832
v -0.038000 0.105008 -1.611247
v -0.038000 0.101247 -1.615008
v -0.038000 0.098832 -1.619747
v -0.040627 0.131168 -1.620450
v -0.042996 0.128753 -1.616346
v -0.044877 0.124992 -1.613089
v -0.046084 0.120253 -1.610998
v -0.046500 0.115000 -1.610278
v -0.046084 0.109747 -1.610998
v -0.044877 0.105008 -1.613089
v -0.042996 0.101247 -1.616346
v -0.040627 0.098832 -1.620450
v -0.042549 0.131168 -1.622373
v -0.046654 0.128753 -1.620004
v -0.049911 0.124992 -1.618123
v -0.052002 0.120253 -1.616916
v -0.052722 0.115000 -1.616500
v -0.052002 0.109747 -1.616916
v -0.049911 0.105008 -1.618123
v -0.046654 0.101247 -1.620004
v -0.042549 0.098832 -1.622373
v -0.038000 0.132000 -1.625000
v -0.043253 0.131168 -1.625000
v -0.047992 0.128753 -1.625000
v -0.051753 0.124992 -1.625000
v -0.054168 0.120253 -1.625000
v -0.055000 0.115000 -1.625000
v -0.054168 0.109747 -1.625000
v -0.051753 0.105008 -1.625000
v -0.047992 0.101247 -1.625000
v -0.043253 0.098832 -1.625000
v -0.042549 0.131168 -1.627627
v -0.046654 0.128753 -1.629996
v -0.049911 0.124992 -1.631877
v -0.052002 0.120253 -1.633084
v -0.052722 0.115000 -1.633500
v -0.052002 0.109747 -1.633084
v -0.049911 0.105008 -1.631877
v -0.046654 0.101247 -1.629996
v -0.042549 0.098832 -1.627627
v -0.040627 0.131168 -1.629550
v -0.042996 0.128753 -1.633654
v -0.044877 0.124992 -1.636911
v -0.046084 0.120253 -1.639002
v -0.046500 0.115000 -1.639722
v -0.046084 0.109747 -1.639002
v -0.044877 0.105008 -1.636911
v -0.042996 0.101247 -1.633654
v -0.040627 0.098832 -1.629550
v -0.038000 0.128753 -1.634992
v -0.038000 0.120253 -1.641168
v -0.038000 0.115000 -1.642000
v -0.038000 0.109747 -1.641168
v -0.038000 0.101247 -1.634992
v -0.038000 0.098000 -1.625000
v 0.042936 0.140070 -1.630085
v 0.045584 0.137371 -1.634672
v 0.047686 0.133168 -1.638312
v 0.049035 0.127871 -1.640649
v 0.049500 0.122000 -1.641454
v 0.049035 0.116129 -1.640649
v 0.047686 0.110832 -1.638312
v 0.045584 0.106629 -1.634672
v 0.042936 0.103930 -1.630085
v 0.045085 0.140070 -1.627936
v 0.049672 0.137371 -1.630584
v 0.053312 0.133168 -1.632686
v 0.055649 0.127871 -1.634035
v 0.056454 0.122000 -1.634500
v 0.055649 0.116129 -1.634035
v 0.053312 0.110832 -1.632686
v 0.049672 0.106629 -1.630584
v 0.045085 0.103930 -1.627936
v 0.045871 0.140070 -1.625000
v 0.051168 0.137371 -1.625000
v 0.055371 0.133168 -1.625000
v 0.058070 0.127871 -1.625000
v 0.059000 0.122000 -1.625000
v 0.058070 0.116129 -1.625000
v 0.055371 0.110832 -1.625000
v 0.051168 0.106629 -1.625000
v 0.045871 0.103930 -1.625000
v 0.045085 0.140070 -1.622064
v 0.049672 0.137371 -1.619416
v 0.053312 0.133168 -1.617314
v 0.055649 0.127871 -1.615965
v 0.056454 0.122000 -1.615500
v 0.055649 0.116129 -1.615965
v 0.053312 0.110832 -1.617314
v 0.049672 0.106629 -1.619416
v 0.045085 0.103930 -1.622064
v 0.042936 0.140070 -1.619915
v 0.045584 0.137371 -1.615328
v 0.047686 0.133168 -1.611688
v 0.049035 0.127871 -1.609351
v 0.049500 0.122000 -1.608546
v 0.049035 0.116129 -1.609351
v 0.047686 0.110832 -1.611688
v 0.045584 0.106629 -1.615328
v 0.042936 0.103930 -1.619915
v 0.040000 0.140070 -1.619129
v 0.040000 0.137371 -1.613832
v 0.040000 0.133168 -1.609629
v 0.040000 0.127871 -1.606930
v 0.040000 0.122000 -1.606000
v 0.040000 0.116129 -1.606930
v 0.040000 0.110832 -1.609629
v 0.040000 0.106629 -1.613832
v 0.040000 0.103930 -1.619129
v 0.037064 0.140070 -1.619915
v 0.034416 0.137371 -1.615328
v 0.032314 0.133168 -1.611688
v 0.030965 0.127871 -1.609351
v 0.030500 0.122000 -1.608546
v 0.030965 0.116129 -1.609351
v 0.032314 0.110832 -1.611688
v 0.034416 0.106629 -1.615328
v 0.037064 0.103930 -1.619915
v 0.040000 0.103000 -1.625000
v 0.034915 0.140070 -1.622064
v 0.030328 0.137371 -1.619416
v 0.026688 0.133168 -1.617314
v 0.024351 0.127871 -1.615965
v 0.023546 0.122000 -1.615500
v 0.024351 0.116129 -1.615965
v 0.026688 0.110832 -1.617314
v 0.030328 0.106629 -1.619416
v 0.034915 0.103930 -1.622064
v 0.040000 0.141000 -1.625000
v 0.034129 0.140070 -1.625000
v 0.028832 0.137371 -1.625000
v 0.024629 0.133168 -1.625000
v 0.021930 0.127871 -1.625000
v 0.021000 0.122000 -1.625000
v 0.021930 0.116129 -1.625000
v 0.024629 0.110832 -1.625000
v 0.028832 0.106629 -1.625000
v 0.034129 0.103930 -1.625000
v 0.034915 0.140070 -1.627936
v 0.030328 0.137371 -1.630584
v 0.026688 0.133168 -1.632686
v 0.024351 0.127871 -1.634035
v 0.023546 0.122000 -1.634500
v 0.024351 0.116129 -1.634035
v 0.026688 0.110832 -1.632686
v 0.030328 0.106629 -1.630584
v 0.034915 0.103930 -1.627936
v 0.037064 0.140070 -1.630085
v 0.034416 0.137371 -1.634672
v 0.032314 0.133168 -1.638312
v 0.030965 0.127871 -1.640649
v 0.030500 0.122000 -1.641454
v 0.030965 0.116129 -1.640649
v 0.032314 0.110832 -1.638312
v 0.034416 0.106629 -1.634672
v 0.037064 0.103930 -1.630085
v 0.040000 0.140070 -1.630871
v 0.040000 0.137371 -1.636168
v 0.040000 0.133168 -1.640371
v 0.040000 0.127871 -1.643070
v 0.040000 0.122000 -1.644000
v 0.040000 0.116129 -1.643070
v 0.040000 0.110832 -1.640371
v 0.040000 0.106629 -1.636168
v 0.040000 0.103930 -1.630871
v -0.004000 0.117000 -1.567000
v -0.004000 0.147000 -1.567000
v -0.004000 0.117000 -1.603000
v -0.004000 0.147000 -1.603000
v 0.024000 0.117000 -1.567000
v 0.024000 0.147000 -1.567000
v 0.024000 0.117000 -1.603000
v 0.024000 0.147000 -1.603000
v 0.001000 0.134500 -1.571000
v 0.001000 0.149500 -1.571000
v 0.001000 0.134500 -1.589000
v 0.001000 0.149500 -1.589000
v 0.019000 0.134500 -1.571000
v 0.019000 0.149500 -1.571000
v 0.019000 0.134500 -1.589000
v 0.019000 0.149500 -1.589000
v -0.025071 0.049828 -1.486011
v -0.027070 0.128535 -1.471828
v -0.016147 0.061465 -1.549335
v -0.018146 0.140172 -1.535153
v 0.054146 0.049828 -1.474847
v 0.052147 0.128535 -1.460665
v 0.063070 0.061465 -1.538171
v 0.061071 0.140172 -1.523989
v -0.019000 0.118000 -1.537500
v -0.019000 0.138000 -1.537500
v -0.019000 0.118000 -1.552500
v -0.019000 0.138000 -1.552500
v 0.043000 0.118000 -1.537500
v 0.043000 0.138000 -1.537500
v 0.043000 0.118000 -1.552500
v 0.043000 0.138000 -1.552500
v -0.009000 0.111000 -1.512500
v -0.009000 0.129000 -1.512500
v -0.009000 0.111000 -1.527500
v -0.009000 0.129000 -1.527500
v 0.049000 0.111000 -1.512500
v 0.049000 0.129000 -1.512500
v 0.049000 0.111000 -1.527500
v 0.049000 0.129000 -1.527500
v 0.047500 0.072500 -1.527500
v 0.047500 0.117500 -1.527500
v 0.047500 0.072500 -1.582500
v 0.047500 0.117500 -1.582500
v 0.082500 0.072500 -1.527500
v 0.082500 0.117500 -1.527500
v 0.082500 0.072500 -1.582500
v 0.082500 0.117500 -1.582500
v 0.054500 0.095000 -1.537500
v 0.054500 0.115000 -1.537500
v 0.054500 0.095000 -1.572500
v 0.054500 0.115000 -1.572500
v 0.069500 0.095000 -1.537500
v 0.069500 0.115000 -1.537500
v 0.069500 0.095000 -1.572500
v 0.069500 0.115000 -1.572500
v 0.000000 0.075832 -1.750610
v 0.000000 0.044610 -1.766518
v 0.000000 0.010000 -1.772000
v 0.000000 -0.080610 -1.725832
v 0.000000 -0.096518 -1.694610
v 0.000000 0.122000 -1.660000
v 0.015017 0.116518 -1.691182
v 0.028563 0.100610 -1.719313
v 0.039314 0.075832 -1.741637
v 0.046217 0.044610 -1.755970
v 0.048595 0.010000 -1.760908
v 0.046217 -0.024610 -1.755970
v 0.039314 -0.055832 -1.741637
v 0.028563 -0.080610 -1.719313
v 0.015017 -0.096518 -1.691182
v 0.027059 0.116518 -1.681579
v 0.051469 0.100610 -1.701046
v 0.070842 0.075832 -1.716494
v 0.083279 0.044610 -1.726413
v 0.087565 0.010000 -1.729831
v 0.083279 -0.024610 -1.726413
v 0.070842 -0.055832 -1.716494
v 0.051469 -0.080610 -1.701046
v 0.027059 -0.096518 -1.681579
v 0.033742 0.116518 -1.667701
v 0.064181 0.100610 -1.674649
v 0.088338 0.075832 -1.680163
v 0.103848 0.044610 -1.683702
v 0.109192 0.010000 -1.684922
v 0.103848 -0.024610 -1.683702
v 0.088338 -0.055832 -1.680163
v 0.064181 -0.080610 -1.674649
v 0.033742 -0.096518 -1.667701
v 0.033742 0.116518 -1.652299
v 0.064181 0.100610 -1.645351
v 0.088338 0.075832 -1.639837
v 0.103848 0.044610 -1.636297
v 0.109192 0.010000 -1.635078
v 0.103848 -0.024610 -1.636297
v 0.088338 -0.055832 -1.639837
v 0.064181 -0.080610 -1.645351
v 0.033742 -0.096518 -1.652299
v 0.027059 0.116518 -1.638421
v 0.051469 0.100610 -1.618954
v 0.070842 0.075832 -1.603506
v 0.083279 0.044610 -1.593587
v 0.087565 0.010000 -1.590169
v 0.083279 -0.024610 -1.593587
v 0.070842 -0.055832 -1.603506
v 0.051469 -0.080610 -1.618954
v 0.027059 -0.096518 -1.638421
v 0.015017 0.116518 -1.628818
v 0.028563 0.100610 -1.600687
v 0.039314 0.075832 -1.578363
v 0.046217 0.044610 -1.564030
v 0.048595 0.010000 -1.559091
v 0.046217 -0.024610 -1.564030
v 0.039314 -0.055832 -1.578363
v 0.028563 -0.080610 -1.600687
v 0.015017 -0.096518 -1.628818
v -0.000000 0.116518 -1.625390
v -0.000000 0.100610 -1.594168
v -0.000000 0.075832 -1.569390
v -0.000000 0.044610 -1.553482
v -0.000000 0.010000 -1.548000
v -0.000000 -0.024610 -1.553482
v -0.000000 -0.055832 -1.569390
v -0.000000 -0.080610 -1.594168
v -0.000000 -0.096518 -1.625390
v -0.015017 0.116518 -1.628818
v -0.028563 0.100610 -1.600687
v -0.039314 0.075832 -1.578363
v -0.046217 0.044610 -1.564030
v -0.048595 0.010000 -1.559091
v -0.046217 -0.024610 -1.564030
v -0.039314 -0.055832 -1.578363
v -0.028563 -0.080610 -1.600687
v -0.015017 -0.096518 -1.628818
v -0.027059 0.116518 -1.638421
v -0.051469 0.100610 -1.618954
v -0.070842 0.075832 -1.603506
v -0.083279 0.044610 -1.593587
v -0.087565 0.010000 -1.590169
v -0.083279 -0.024610 -1.593587
v -0.070842 -0.055832 -1.603506
v -0.051469 -0.080610 -1.618954
v -0.027059 -0.096518 -1.638421
v 0.000000 -0.102000 -1.660000
v -0.033742 0.116518 -1.652299
v -0.064181 0.100610 -1.645351
v -0.088338 0.075832 -1.639837
v -0.103848 0.044610 -1.636297
v -0.109192 0.010000 -1.635078
v -0.103848 -0.024610 -1.636297
v -0.088338 -0.055832 -1.639837
v -0.064181 -0.080610 -1.645351
v -0.033742 -0.096518 -1.652299
v -0.033742 0.116518 -1.667701
v -0.064181 0.100610 -1.674649
v -0.088338 0.075832 -1.680163
v -0.103848 0.044610 -1.683703
v -0.109192 0.010000 -1.684922
v -0.103848 -0.024610 -1.683703
v -0.088338 -0.055832 -1.680163
v -0.064181 -0.080610 -1.674649
v -0.033742 -0.096518 -1.667701
v -0.027059 0.116518 -1.681579
v -0.051469 0.100610 -1.701046
v -0.070842 0.075832 -1.716494
v -0.083279 0.044610 -1.726413
v -0.087565 0.010000 -1.729831
v -0.083279 -0.024610 -1.726413
v -0.070842 -0.055832 -1.716494
v -0.051469 -0.080610 -1.701046
v -0.027059 -0.096518 -1.681579
v -0.015017 0.116518 -1.691182
v -0.028563 0.100610 -1.719313
v -0.039314 0.075832 -1.741637
v -0.046217 0.044610 -1.755970
v -0.048595 0.010000 -1.760908
v -0.046217 -0.024610 -1.755970
v -0.039314 -0.055832 -1.741637
v -0.028563 -0.080610 -1.719313
v -0.015017 -0.096518 -1.691182
v 0.000000 0.116518 -1.694610
v 0.000000 0.100610 -1.725832
v 0.000000 -0.024610 -1.766518
v 0.000000 -0.055832 -1.750610
v 0.009173 -0.041715 -1.532679
v 0.010513 0.097278 -1.515973
v 0.037796 -0.042486 -1.528563
v 0.039136 0.096507 -1.511857
v 0.061771 -0.044645 -1.512521
v 0.063111 0.094348 -1.495815
v 0.076350 -0.047765 -1.487731
v 0.077690 0.091228 -1.471025
v 0.078646 -0.051228 -1.459103
v 0.079985 0.087765 -1.442397
v 0.068202 -0.054348 -1.432308
v 0.069542 0.084645 -1.415601
v 0.047089 -0.056507 -1.412651
v 0.048428 0.082486 -1.395945
v 0.019487 -0.057278 -1.404027
v 0.020827 0.081715 -1.387321
v -0.009136 -0.056507 -1.408143
v -0.007796 0.082486 -1.391437
v -0.033111 -0.054348 -1.424185
v -0.031771 0.084645 -1.407479
v -0.047690 -0.051228 -1.448975
v -0.046350 0.087765 -1.432269
v -0.049985 -0.047765 -1.477603
v -0.048646 0.091228 -1.460897
v -0.039542 -0.044645 -1.504399
v -0.038202 0.094348 -1.487692
v -0.018428 -0.042486 -1.524055
v -0.017089 0.096507 -1.507349
v -0.059500 0.027500 -1.447500
v -0.059500 0.062500 -1.447500
v -0.059500 0.027500 -1.492500
v -0.059500 0.062500 -1.492500
v -0.024500 0.027500 -1.447500
v -0.024500 0.062500 -1.447500
v -0.024500 0.027500 -1.492500
v -0.024500 0.062500 -1.492500
v -0.160121 -0.112927 -1.018114
v -0.169976 0.105218 -0.991362
v -0.179307 -0.062711 -1.434659
v -0.189162 0.155434 -1.407907
v 0.189162 -0.095434 -1.032093
v 0.179307 0.122711 -1.005341
v 0.169976 -0.045218 -1.448638
v 0.160121 0.172927 -1.421886
v 0.010000 0.005000 -1.472000
v 0.010000 0.055000 -1.472000
v 0.045578 0.005000 -1.463879
v 0.045578 0.055000 -1.463879
v 0.074110 0.005000 -1.441126
v 0.074110 0.055000 -1.441126
v 0.089944 0.005000 -1.408247
v 0.089944 0.055000 -1.408247
v 0.089944 0.005000 -1.371753
v 0.089944 0.055000 -1.371753
v 0.074110 0.005000 -1.338874
v 0.074110 0.055000 -1.338874
v 0.045578 0.005000 -1.316121
v 0.045578 0.055000 -1.316121
v 0.010000 0.005000 -1.308000
v 0.010000 0.055000 -1.308000
v -0.025578 0.005000 -1.316121
v -0.025578 0.055000 -1.316121
v -0.054110 0.005000 -1.338874
v -0.054110 0.055000 -1.338874
v -0.069944 0.005000 -1.371753
v -0.069944 0.055000 -1.371753
v -0.069944 0.005000 -1.408247
v -0.069944 0.055000 -1.408247
v -0.054110 0.005000 -1.441126
v -0.054110 0.055000 -1.441126
v -0.025578 0.005000 -1.463879
v -0.025578 0.055000 -1.463879
v -0.095000 0.115000 -1.310000
v -0.095000 0.145000 -1.310000
v -0.095000 0.115000 -1.370000
v -0.095000 0.145000 -1.370000
v -0.005000 0.115000 -1.310000
v -0.005000 0.145000 -1.310000
v -0.005000 0.115000 -1.370000
v -0.005000 0.145000 -1.370000
v -0.090000 0.132500 -1.342500
v -0.090000 0.147500 -1.342500
v -0.090000 0.132500 -1.357500
v -0.090000 0.147500 -1.357500
v -0.010000 0.132500 -1.342500
v -0.010000 0.147500 -1.342500
v -0.010000 0.132500 -1.357500
v -0.010000 0.147500 -1.357500
v 0.060000 0.075000 -1.090000
v 0.060000 0.145000 -1.090000
v 0.060000 0.075000 -1.270000
v 0.060000 0.145000 -1.270000
v 0.180000 0.075000 -1.090000
v 0.180000 0.145000 -1.090000
v 0.180000 0.075000 -1.270000
v 0.180000 0.145000 -1.270000
v 0.072500 0.127500 -1.231000
v 0.072500 0.152500 -1.231000
v 0.072500 0.127500 -1.249000
v 0.072500 0.152500 -1.249000
v 0.167500 0.127500 -1.231000
v 0.167500 0.152500 -1.231000
v 0.167500 0.127500 -1.249000
v 0.167500 0.152500 -1.249000
v 0.075000 0.127500 -1.171000
v 0.075000 0.152500 -1.171000
v 0.075000 0.127500 -1.189000
v 0.075000 0.152500 -1.189000
v 0.165000 0.127500 -1.171000
v 0.165000 0.152500 -1.171000
v 0.165000 0.127500 -1.189000
v 0.165000 0.152500 -1.189000
v 0.077500 0.127500 -1.111000
v 0.077500 0.152500 -1.111000
v 0.077500 0.127500 -1.129000
v 0.077500 0.152500 -1.129000
v 0.162500 0.127500 -1.111000
v 0.162500 0.152500 -1.111000
v 0.162500 0.127500 -1.129000
v 0.162500 0.152500 -1.129000
v -0.230000 0.119547 -1.338635
v -0.230000 0.112354 -1.356000
v -0.230000 0.086000 -1.382354
v -0.230000 0.068635 -1.389547
v -0.230000 0.050000 -1.392000
v -0.230000 0.031365 -1.389547
v -0.230000 0.014000 -1.382354
v -0.230000 -0.012354 -1.356000
v -0.230000 -0.019547 -1.338635
v -0.222869 0.119547 -1.337216
v -0.216223 0.112354 -1.353260
v -0.210517 0.100912 -1.367036
v -0.206138 0.086000 -1.377607
v -0.203386 0.068635 -1.384253
v -0.202447 0.050000 -1.386519
v -0.203386 0.031365 -1.384253
v -0.206138 0.014000 -1.377607
v -0.210517 -0.000912 -1.367036
v -0.216223 -0.012354 -1.353260
v -0.222869 -0.019547 -1.337216
v -0.230000 0.122000 -1.320000
v -0.216823 0.119547 -1.333177
v -0.204544 0.112354 -1.345456
v -0.194000 0.100912 -1.356000
v -0.185909 0.086000 -1.364091
v -0.180823 0.068635 -1.369177
v -0.179088 0.050000 -1.370912
v -0.180823 0.031365 -1.369177
v -0.185909 0.014000 -1.364091
v -0.194000 -0.000912 -1.356000
v -0.204544 -0.012354 -1.345456
v -0.216823 -0.019547 -1.333177
v -0.212784 0.119547 -1.327131
v -0.196740 0.112354 -1.333777
v -0.182964 0.100912 -1.339483
v -0.172393 0.086000 -1.343862
v -0.165747 0.068635 -1.346614
v -0.163481 0.050000 -1.347553
v -0.165747 0.031365 -1.346614
v -0.172393 0.014000 -1.343862
v -0.182964 -0.000912 -1.339483
v -0.196740 -0.012354 -1.333777
v -0.212784 -0.019547 -1.327131
v -0.211365 0.119547 -1.320000
v -0.194000 0.112354 -1.320000
v -0.179088 0.100912 -1.320000
v -0.167646 0.086000 -1.320000
v -0.160453 0.068635 -1.320000
v -0.158000 0.050000 -1.320000
v -0.160453 0.031365 -1.320000
v -0.167646 0.014000 -1.320000
v -0.179088 -0.000912 -1.320000
v -0.194000 -0.012354 -1.320000
v -0.211365 -0.019547 -1.320000
v -0.212784 0.119547 -1.312869
v -0.196740 0.112354 -1.306223
v -0.182964 0.100912 -1.300517
v -0.172393 0.086000 -1.296138
v -0.165747 0.068635 -1.293386
v -0.163481 0.050000 -1.292447
v -0.165747 0.031365 -1.293386
v -0.172393 0.014000 -1.296138
v -0.182964 -0.000912 -1.300517
v -0.196740 -0.012354 -1.306223
v -0.212784 -0.019547 -1.312869
v -0.216823 0.119547 -1.306823
v -0.204544 0.112354 -1.294544
v -0.194000 0.100912 -1.284000
v -0.185909 0.086000 -1.275909
v -0.180823 0.068635 -1.270823
v -0.179088 0.050000 -1.269088
v -0.180823 0.031365 -1.270823
v -0.185909 0.014000 -1.275909
v -0.194000 -0.000912 -1.284000
v -0.204544 -0.012354 -1.294544
v -0.216823 -0.019547 -1.306823
v -0.222869 0.119547 -1.302784
v -0.216223 0.112354 -1.286740
v -0.210517 0.100912 -1.272964
v -0.206138 0.086000 -1.262393
v -0.203386 0.068635 -1.255747
v -0.202447 0.050000 -1.253481
v -0.203386 0.031365 -1.255747
v -0.206138 0.014000 -1.262393
v -0.210517 -0.000912 -1.272964
v -0.216223 -0.012354 -1.286740
v -0.222869 -0.019547 -1.302784
v -0.230000 0.119547 -1.301365
v -0.230000 0.112354 -1.284000
v -0.230000 0.100912 -1.269088
v -0.230000 0.086000 -1.257646
v -0.230000 0.068635 -1.250453
v -0.230000 0.050000 -1.248000
v -0.230000 0.031365 -1.250453
v -0.230000 0.014000 -1.257646
v -0.230000 -0.000912 -1.269088
v -0.230000 -0.012354 -1.284000
v -0.230000 -0.019547 -1.301365
v -0.237131 0.119547 -1.302784
v -0.243777 0.112354 -1.286740
v -0.249483 0.100912 -1.272964
v -0.253862 0.086000 -1.262393
v -0.256614 0.068635 -1.255747
v -0.257553 0.050000 -1.253481
v -0.256614 0.031365 -1.255747
v -0.253862 0.014000 -1.262393
v -0.249483 -0.000912 -1.272964
v -0.243777 -0.012354 -1.286740
v -0.237131 -0.019547 -1.302784
v -0.230000 -0.022000 -1.320000
v -0.243177 0.119547 -1.306823
v -0.255456 0.112354 -1.294544
v -0.266000 0.100912 -1.284000
v -0.274091 0.086000 -1.275909
v -0.279177 0.068635 -1.270823
v -0.280912 0.050000 -1.269088
v -0.279177 0.031365 -1.270823
v -0.274091 0.014000 -1.275909
v -0.266000 -0.000912 -1.284000
v -0.255456 -0.012354 -1.294544
v -0.243177 -0.019547 -1.306823
v -0.247216 0.119547 -1.312869
v -0.263260 0.112354 -1.306223
v -0.277036 0.100912 -1.300517
v -0.287607 0.086000 -1.296138
v -0.294253 0.068635 -1.293386
v -0.296519 0.050000 -1.292447
v -0.294253 0.031365 -1.293386
v -0.287607 0.014000 -1.296138
v -0.277036 -0.000912 -1.300517
v -0.263260 -0.012354 -1.306223
v -0.247216 -0.019547 -1.312869
v -0.248635 0.119547 -1.320000
v -0.266000 0.112354 -1.320000
v -0.280912 0.100912 -1.320000
v -0.292354 0.086000 -1.320000
v -0.299547 0.068635 -1.320000
v -0.302000 0.050000 -1.320000
v -0.299547 0.031365 -1.320000
v -0.292354 0.014000 -1.320000
v -0.280912 -0.000912 -1.320000
v -0.266000 -0.012354 -1.320000
v -0.248635 -0.019547 -1.320000
v -0.247216 0.119547 -1.327131
v -0.263260 0.112354 -1.333777
v -0.277036 0.100912 -1.339483
v -0.287607 0.086000 -1.343862
v -0.294253 0.068635 -1.346614
v -0.296519 0.050000 -1.347553
v -0.294253 0.031365 -1.346614
v -0.287607 0.014000 -1.343862
v -0.277036 -0.000912 -1.339483
v -0.263260 -0.012354 -1.333777
v -0.247216 -0.019547 -1.327131
v -0.243177 0.119547 -1.333177
v -0.255456 0.112354 -1.345456
v -0.266000 0.100912 -1.356000
v -0.274091 0.086000 -1.364091
v -0.279177 0.068635 -1.369177
v -0.280912 0.050000 -1.370912
v -0.279177 0.031365 -1.369177
v -0.274091 0.014000 -1.364091
v -0.266000 -0.000912 -1.356000
v -0.255456 -0.012354 -1.345456
v -0.243177 -0.019547 -1.333177
v -0.237131 0.119547 -1.337216
v -0.243777 0.112354 -1.353260
v -0.249483 0.100912 -1.367036
v -0.253862 0.086000 -1.377607
v -0.256614 0.068635 -1.384253
v -0.257553 0.050000 -1.386519
v -0.256614 0.031365 -1.384253
v -0.253862 0.014000 -1.377607
v -0.249483 -0.000912 -1.367036
v -0.243777 -0.012354 -1.353260
v -0.237131 -0.019547 -1.337216
v -0.230000 0.100912 -1.370912
v -0.230000 -0.000912 -1.370912
v -0.240000 0.193087 -1.420942
v -0.240000 0.273431 -1.173668
v -0.212000 0.185952 -1.418624
v -0.212000 0.266296 -1.171349
v -0.191503 0.166457 -1.412290
v -0.191503 0.246802 -1.165015
v -0.184000 0.139828 -1.403637
v -0.184000 0.220172 -1.156363
v -0.191503 0.113198 -1.394985
v -0.191503 0.193543 -1.147710
v -0.212000 0.093704 -1.388651
v -0.212000 0.174048 -1.141376
v -0.240000 0.086569 -1.386332
v -0.240000 0.166913 -1.139058
v -0.268000 0.093704 -1.388651
v -0.268000 0.174048 -1.141376
v -0.288497 0.113198 -1.394985
v -0.288497 0.193543 -1.147710
v -0.296000 0.139828 -1.403637
v -0.296000 0.220172 -1.156363
v -0.288497 0.166457 -1.412290
v -0.288497 0.246802 -1.165015
v -0.268000 0.185952 -1.418624
v -0.268000 0.266296 -1.171349
v -0.240000 0.334330 -1.293425
v -0.240000 0.343601 -1.264893
v -0.209000 0.326430 -1.290858
v -0.209000 0.335701 -1.262326
v -0.186306 0.304848 -1.283845
v -0.186306 0.314118 -1.255314
v -0.178000 0.275365 -1.274266
v -0.178000 0.284635 -1.245734
v -0.186306 0.245882 -1.264686
v -0.186306 0.255152 -1.236155
v -0.209000 0.224299 -1.257674
v -0.209000 0.233570 -1.229142
v -0.240000 0.216399 -1.255107
v -0.240000 0.225670 -1.226575
v -0.271000 0.224299 -1.257674
v -0.271000 0.233570 -1.229142
v -0.293694 0.245882 -1.264686
v -0.293694 0.255152 -1.236155
v -0.302000 0.275365 -1.274266
v -0.302000 0.284635 -1.245734
v -0.293694 0.304848 -1.283845
v -0.293694 0.314118 -1.255314
v -0.271000 0.326430 -1.290858
v -0.271000 0.335701 -1.262326
v -0.240000 0.447460 -1.355137
v -0.240000 0.483645 -1.097667
v -0.217000 0.441357 -1.354279
v -0.217000 0.477542 -1.096809
v -0.200163 0.424684 -1.351936
v -0.200163 0.460869 -1.094466
v -0.194000 0.401907 -1.348735
v -0.194000 0.438092 -1.091265
v -0.200163 0.379131 -1.345534
v -0.200163 0.415316 -1.088064
v -0.217000 0.362458 -1.343191
v -0.217000 0.398643 -1.085721
v -0.240000 0.356355 -1.342333
v -0.240000 0.392540 -1.084863
v -0.263000 0.362458 -1.343191
v -0.263000 0.398643 -1.085721
v -0.279837 0.379131 -1.345534
v -0.279837 0.415316 -1.088064
v -0.286000 0.401907 -1.348735
v -0.286000 0.438092 -1.091265
v -0.279837 0.424684 -1.351936
v -0.279837 0.460869 -1.094466
v -0.263000 0.441357 -1.354279
v -0.263000 0.477542 -1.096809
v -0.277500 0.540000 -1.162500
v -0.277500 0.580000 -1.162500
v -0.277500 0.540000 -1.237500
v -0.277500 0.580000 -1.237500
v -0.202500 0.540000 -1.162500
v -0.202500 0.580000 -1.162500
v -0.202500 0.540000 -1.237500
v -0.202500 0.580000 -1.237500
v -0.270000 0.619000 -1.217500
v -0.270000 0.619000 -1.162500
v -0.262206 0.614500 -1.217500
v -0.262206 0.614500 -1.162500
v -0.262206 0.605500 -1.217500
v -0.262206 0.605500 -1.162500
v -0.270000 0.601000 -1.217500
v -0.270000 0.601000 -1.162500
v -0.277794 0.605500 -1.217500
v -0.277794 0.605500 -1.162500
v -0.277794 0.614500 -1.217500
v -0.277794 0.614500 -1.162500
v -0.275000 0.636000 -1.187000
v -0.275000 0.654000 -1.187000
v -0.275000 0.636000 -1.193000
v -0.275000 0.654000 -1.193000
v -0.265000 0.636000 -1.187000
v -0.265000 0.654000 -1.187000
v -0.265000 0.636000 -1.193000
v -0.265000 0.654000 -1.193000
v -0.255000 0.619000 -1.217500
v -0.255000 0.619000 -1.162500
v -0.247206 0.614500 -1.217500
v -0.247206 0.614500 -1.162500
v -0.247206 0.605500 -1.217500
v -0.247206 0.605500 -1.162500
v -0.255000 0.601000 -1.217500
v -0.255000 0.601000 -1.162500
v -0.262794 0.605500 -1.217500
v -0.262794 0.605500 -1.162500
v -0.262794 0.614500 -1.217500
v -0.262794 0.614500 -1.162500
v -0.260000 0.636000 -1.187000
v -0.260000 0.654000 -1.187000
v -0.260000 0.636000 -1.193000
v -0.260000 0.654000 -1.193000
v -0.250000 0.636000 -1.187000
v -0.250000 0.654000 -1.187000
v -0.250000 0.636000 -1.193000
v -0.250000 0.654000 -1.193000
v -0.240000 0.619000 -1.217500
v -0.240000 0.619000 -1.162500
v -0.232206 0.614500 -1.217500
v -0.232206 0.614500 -1.162500
v -0.232206 0.605500 -1.217500
v -0.232206 0.605500 -1.162500
v -0.240000 0.601000 -1.217500
v -0.240000 0.601000 -1.162500
v -0.247794 0.605500 -1.217500
v -0.247794 0.605500 -1.162500
v -0.247794 0.614500 -1.217500
v -0.247794 0.614500 -1.162500
v -0.245000 0.636000 -1.187000
v -0.245000 0.654000 -1.187000
v -0.245000 0.636000 -1.193000
v -0.245000 0.654000 -1.193000
v -0.235000 0.636000 -1.187000
v -0.235000 0.654000 -1.187000
v -0.235000 0.636000 -1.193000
v -0.235000 0.654000 -1.193000
v -0.225000 0.619000 -1.217500
v -0.225000 0.619000 -1.162500
v -0.217206 0.614500 -1.217500
v -0.217206 0.614500 -1.162500
v -0.217206 0.605500 -1.217500
v -0.217206 0.605500 -1.162500
v -0.225000 0.601000 -1.217500
v -0.225000 0.601000 -1.162500
v -0.232794 0.605500 -1.217500
v -0.232794 0.605500 -1.162500
v -0.232794 0.614500 -1.217500
v -0.232794 0.614500 -1.162500
v -0.230000 0.636000 -1.187000
v -0.230000 0.654000 -1.187000
v -0.230000 0.636000 -1.193000
v -0.230000 0.654000 -1.193000
v -0.220000 0.636000 -1.187000
v -0.220000 0.654000 -1.187000
v -0.220000 0.636000 -1.193000
v -0.220000 0.654000 -1.193000
v -0.210000 0.619000 -1.217500
v -0.210000 0.619000 -1.162500
v -0.202206 0.614500 -1.217500
v -0.202206 0.614500 -1.162500
v -0.202206 0.605500 -1.217500
v -0.202206 0.605500 -1.162500
v -0.210000 0.601000 -1.217500
v -0.210000 0.601000 -1.162500
v -0.217794 0.605500 -1.217500
v -0.217794 0.605500 -1.162500
v -0.217794 0.614500 -1.217500
v -0.217794 0.614500 -1.162500
v -0.215000 0.636000 -1.187000
v -0.215000 0.654000 -1.187000
v -0.215000 0.636000 -1.193000
v -0.215000 0.654000 -1.193000
v -0.205000 0.636000 -1.187000
v -0.205000 0.654000 -1.187000
v -0.205000 0.636000 -1.193000
v -0.205000 0.654000 -1.193000
v 0.230000 0.087615 -1.298117
v 0.230000 0.080622 -1.315000
v 0.230000 0.055000 -1.340622
v 0.230000 0.038117 -1.347615
v 0.230000 0.020000 -1.350000
v 0.230000 -0.015000 -1.340622
v 0.230000 -0.040622 -1.315000
v 0.230000 -0.047615 -1.298117
v 0.236933 0.087615 -1.296738
v 0.243394 0.080622 -1.312336
v 0.248942 0.069497 -1.325730
v 0.253199 0.055000 -1.336007
v 0.255875 0.038117 -1.342468
v 0.256788 0.020000 -1.344671
v 0.255875 0.001883 -1.342468
v 0.253199 -0.015000 -1.336007
v 0.248942 -0.029497 -1.325730
v 0.243394 -0.040622 -1.312336
v 0.236933 -0.047615 -1.296738
v 0.230000 0.090000 -1.280000
v 0.242811 0.087615 -1.292811
v 0.254749 0.080622 -1.304749
v 0.265000 0.069497 -1.315000
v 0.272866 0.055000 -1.322866
v 0.277811 0.038117 -1.327811
v 0.279497 0.020000 -1.329497
v 0.277811 0.001883 -1.327811
v 0.272866 -0.015000 -1.322866
v 0.265000 -0.029497 -1.315000
v 0.254749 -0.040622 -1.304749
v 0.242811 -0.047615 -1.292811
v 0.246738 0.087615 -1.286933
v 0.262336 0.080622 -1.293394
v 0.275730 0.069497 -1.298942
v 0.286007 0.055000 -1.303199
v 0.292468 0.038117 -1.305875
v 0.294672 0.020000 -1.306788
v 0.292468 0.001883 -1.305875
v 0.286007 -0.015000 -1.303199
v 0.275730 -0.029497 -1.298942
v 0.262336 -0.040622 -1.293394
v 0.246738 -0.047615 -1.286933
v 0.248117 0.087615 -1.280000
v 0.265000 0.080622 -1.280000
v 0.279497 0.069497 -1.280000
v 0.290622 0.055000 -1.280000
v 0.297615 0.038117 -1.280000
v 0.300000 0.020000 -1.280000
v 0.297615 0.001883 -1.280000
v 0.290622 -0.015000 -1.280000
v 0.279497 -0.029497 -1.280000
v 0.265000 -0.040622 -1.280000
v 0.248117 -0.047615 -1.280000
v 0.246738 0.087615 -1.273067
v 0.262336 0.080622 -1.266606
v 0.275730 0.069497 -1.261058
v 0.286007 0.055000 -1.256801
v 0.292468 0.038117 -1.254125
v 0.294672 0.020000 -1.253212
v 0.292468 0.001883 -1.254125
v 0.286007 -0.015000 -1.256801
v 0.275730 -0.029497 -1.261058
v 0.262336 -0.040622 -1.266606
v 0.246738 -0.047615 -1.273067
v 0.242811 0.087615 -1.267189
v 0.254749 0.080622 -1.255251
v 0.265000 0.069497 -1.245000
v 0.272866 0.055000 -1.237134
v 0.277811 0.038117 -1.232189
v 0.279497 0.020000 -1.230502
v 0.277811 0.001883 -1.232189
v 0.272866 -0.015000 -1.237134
v 0.265000 -0.029497 -1.245000
v 0.254749 -0.040622 -1.255251
v 0.242811 -0.047615 -1.267189
v 0.236933 0.087615 -1.263262
v 0.243394 0.080622 -1.247664
v 0.248942 0.069497 -1.234270
v 0.253199 0.055000 -1.223993
v 0.255875 0.038117 -1.217532
v 0.256788 0.020000 -1.215328
v 0.255875 0.001883 -1.217532
v 0.253199 -0.015000 -1.223993
v 0.248942 -0.029497 -1.234270
v 0.243394 -0.040622 -1.247664
v 0.236933 -0.047615 -1.263262
v 0.230000 0.087615 -1.261883
v 0.230000 0.080622 -1.245000
v 0.230000 0.069497 -1.230502
v 0.230000 0.055000 -1.219378
v 0.230000 0.038117 -1.212385
v 0.230000 0.020000 -1.210000
v 0.230000 0.001883 -1.212385
v 0.230000 -0.015000 -1.219378
v 0.230000 -0.029497 -1.230502
v 0.230000 -0.040622 -1.245000
v 0.230000 -0.047615 -1.261883
v 0.223067 0.087615 -1.263262
v 0.216606 0.080622 -1.247664
v 0.211058 0.069497 -1.234270
v 0.206801 0.055000 -1.223993
v 0.204125 0.038117 -1.217532
v 0.203212 0.020000 -1.215328
v 0.204125 0.001883 -1.217532
v 0.206801 -0.015000 -1.223993
v 0.211058 -0.029497 -1.234270
v 0.216606 -0.040622 -1.247664
v 0.223067 -0.047615 -1.263262
v 0.230000 -0.050000 -1.280000
v 0.217189 0.087615 -1.267189
v 0.205251 0.080622 -1.255251
v 0.195000 0.069497 -1.245000
v 0.187134 0.055000 -1.237134
v 0.182189 0.038117 -1.232189
v 0.180503 0.020000 -1.230502
v 0.182189 0.001883 -1.232189
v 0.187134 -0.015000 -1.237134
v 0.195000 -0.029497 -1.245000
v 0.205251 -0.040622 -1.255251
v 0.217189 -0.047615 -1.267189
v 0.213262 0.087615 -1.273067
v 0.197664 0.080622 -1.266606
v 0.184270 0.069497 -1.261058
v 0.173993 0.055000 -1.256801
v 0.167532 0.038117 -1.254125
v 0.165328 0.020000 -1.253212
v 0.167532 0.001883 -1.254125
v 0.173993 -0.015000 -1.256801
v 0.184270 -0.029497 -1.261058
v 0.197664 -0.040622 -1.266606
v 0.213262 -0.047615 -1.273067
v 0.211883 0.087615 -1.280000
v 0.195000 0.080622 -1.280000
v 0.180503 0.069497 -1.280000
v 0.169378 0.055000 -1.280000
v 0.162385 0.038117 -1.280000
v 0.160000 0.020000 -1.280000
v 0.162385 0.001883 -1.280000
v 0.169378 -0.015000 -1.280000
v 0.180503 -0.029497 -1.280000
v 0.195000 -0.040622 -1.280000
v 0.211883 -0.047615 -1.280000
v 0.213262 0.087615 -1.286933
v 0.197664 0.080622 -1.293394
v 0.184270 0.069497 -1.298942
v 0.173993 0.055000 -1.303199
v 0.167532 0.038117 -1.305875
v 0.165328 0.020000 -1.306788
v 0.167532 0.001883 -1.305875
v 0.173993 -0.015000 -1.303199
v 0.184270 -0.029497 -1.298942
v 0.197664 -0.040622 -1.293394
v 0.213262 -0.047615 -1.286933
v 0.217189 0.087615 -1.292811
v 0.205251 0.080622 -1.304749
v 0.195000 0.069497 -1.315000
v 0.187134 0.055000 -1.322866
v 0.182189 0.038117 -1.327811
v 0.180503 0.020000 -1.329497
v 0.182189 0.001883 -1.327811
v 0.187134 -0.015000 -1.322866
v 0.195000 -0.029497 -1.315000
v 0.205251 -0.040622 -1.304749
v 0.217189 -0.047615 -1.292811
v 0.223067 0.087615 -1.296738
v 0.216606 0.080622 -1.312336
v 0.211058 0.069497 -1.325730
v 0.206801 0.055000 -1.336007
v 0.204125 0.038117 -1.342468
v 0.203212 0.020000 -1.344671
v 0.204125 0.001883 -1.342468
v 0.206801 -0.015000 -1.336007
v 0.211058 -0.029497 -1.325730
v 0.216606 -0.040622 -1.312336
v 0.223067 -0.047615 -1.296738
v 0.230000 0.069497 -1.329497
v 0.230000 0.001883 -1.347615
v 0.230000 -0.029497 -1.329497
v 0.240000 -0.005936 -1.199655
v 0.240000 0.211578 -1.098226
v 0.267000 -0.008993 -1.193098
v 0.267000 0.208521 -1.091670
v 0.286765 -0.017346 -1.175184
v 0.286765 0.200168 -1.073756
v 0.294000 -0.028757 -1.150714
v 0.294000 0.188757 -1.049286
v 0.286765 -0.040168 -1.126244
v 0.286765 0.177346 -1.024816
v 0.267000 -0.048521 -1.108330
v 0.267000 0.168993 -1.006902
v 0.240000 -0.051578 -1.101774
v 0.240000 0.165936 -1.000345
v 0.213000 -0.048521 -1.108330
v 0.213000 0.168993 -1.006902
v 0.193235 -0.040168 -1.126244
v 0.193235 0.177346 -1.024816
v 0.186000 -0.028757 -1.150714
v 0.186000 0.188757 -1.049286
v 0.193235 -0.017346 -1.175184
v 0.193235 0.200168 -1.073756
v 0.213000 -0.008993 -1.193098
v 0.213000 0.208521 -1.091670
v 0.240000 0.086939 -0.984872
v 0.240000 0.283536 -0.847214
v 0.262000 0.083558 -0.980043
v 0.262000 0.280154 -0.842385
v 0.278105 0.074320 -0.966851
v 0.278105 0.270917 -0.829192
v 0.284000 0.061702 -0.948829
v 0.284000 0.258298 -0.811171
v 0.278105 0.049083 -0.930808
v 0.278105 0.245680 -0.793149
v 0.262000 0.039846 -0.917615
v 0.262000 0.236442 -0.779957
v 0.240000 0.036464 -0.912786
v 0.240000 0.233061 -0.775128
v 0.218000 0.039846 -0.917615
v 0.218000 0.236442 -0.779957
v 0.201895 0.049083 -0.930808
v 0.201895 0.245680 -0.793149
v 0.196000 0.061702 -0.948829
v 0.196000 0.258298 -0.811171
v 0.201895 0.074320 -0.966851
v 0.201895 0.270917 -0.829192
v 0.218000 0.083558 -0.980043
v 0.218000 0.280154 -0.842385
v 0.237500 0.177500 -0.830000
v 0.237500 0.202500 -0.830000
v 0.237500 0.177500 -0.930000
v 0.237500 0.202500 -0.930000
v 0.262500 0.177500 -0.830000
v 0.262500 0.202500 -0.830000
v 0.262500 0.177500 -0.930000
v 0.262500 0.202500 -0.930000
v 0.205000 0.200000 -0.695000
v 0.205000 0.240000 -0.695000
v 0.205000 0.200000 -0.765000
v 0.205000 0.240000 -0.765000
v 0.275000 0.200000 -0.695000
v 0.275000 0.240000 -0.695000
v 0.275000 0.200000 -0.765000
v 0.275000 0.240000 -0.765000
v -0.150000 -0.080000 -0.870000
v -0.150000 0.100000 -0.870000
v -0.150000 -0.080000 -1.010000
v -0.150000 0.100000 -1.010000
v 0.150000 -0.080000 -0.870000
v 0.150000 0.100000 -0.870000
v 0.150000 -0.080000 -1.010000
v 0.150000 0.100000 -1.010000
v -0.100000 -0.180000 -0.786000
v -0.100000 0.180000 -0.786000
v -0.062000 -0.180000 -0.775818
v -0.062000 0.180000 -0.775818
v -0.034182 -0.180000 -0.748000
v -0.034182 0.180000 -0.748000
v -0.024000 -0.180000 -0.710000
v -0.024000 0.180000 -0.710000
v -0.034182 -0.180000 -0.672000
v -0.034182 0.180000 -0.672000
v -0.062000 -0.180000 -0.644182
v -0.062000 0.180000 -0.644182
v -0.100000 -0.180000 -0.634000
v -0.100000 0.180000 -0.634000
v -0.138000 -0.180000 -0.644182
v -0.138000 0.180000 -0.644182
v -0.165818 -0.180000 -0.672000
v -0.165818 0.180000 -0.672000
v -0.176000 -0.180000 -0.710000
v -0.176000 0.180000 -0.710000
v -0.165818 -0.180000 -0.748000
v -0.165818 0.180000 -0.748000
v -0.138000 -0.180000 -0.775818
v -0.138000 0.180000 -0.775818
v -0.142500 0.042500 -0.452500
v -0.142500 0.087500 -0.452500
v -0.142500 0.042500 -0.547500
v -0.142500 0.087500 -0.547500
v -0.057500 0.042500 -0.452500
v -0.057500 0.087500 -0.452500
v -0.057500 0.042500 -0.547500
v -0.057500 0.087500 -0.547500
v -0.092423 0.105869 -0.507577
v -0.086000 0.099799 -0.514000
v -0.081708 0.090715 -0.518292
v -0.080201 0.080000 -0.519799
v -0.081708 0.069285 -0.518292
v -0.086000 0.060201 -0.514000
v -0.092423 0.054131 -0.507577
v -0.089285 0.105869 -0.500000
v -0.080201 0.099799 -0.500000
v -0.074131 0.090715 -0.500000
v -0.072000 0.080000 -0.500000
v -0.074131 0.069285 -0.500000
v -0.080201 0.060201 -0.500000
v -0.089285 0.054131 -0.500000
v -0.092423 0.105869 -0.492423
v -0.086000 0.099799 -0.486000
v -0.081708 0.090715 -0.481708
v -0.080201 0.080000 -0.480201
v -0.081708 0.069285 -0.481708
v -0.086000 0.060201 -0.486000
v -0.092423 0.054131 -0.492423
v -0.100000 0.105869 -0.489285
v -0.100000 0.099799 -0.480201
v -0.100000 0.090715 -0.474131
v -0.100000 0.080000 -0.472000
v -0.100000 0.069285 -0.474131
v -0.100000 0.060201 -0.480201
v -0.100000 0.054131 -0.489285
v -0.107577 0.105869 -0.492423
v -0.114000 0.099799 -0.486000
v -0.118292 0.090715 -0.481708
v -0.119799 0.080000 -0.480201
v -0.118292 0.069285 -0.481708
v -0.114000 0.060201 -0.486000
v -0.107577 0.054131 -0.492423
v -0.110715 0.105869 -0.500000
v -0.119799 0.099799 -0.500000
v -0.125869 0.090715 -0.500000
v -0.128000 0.080000 -0.500000
v -0.125869 0.069285 -0.500000
v -0.119799 0.060201 -0.500000
v -0.110715 0.054131 -0.500000
v -0.107577 0.105869 -0.507577
v -0.114000 0.099799 -0.514000
v -0.118292 0.090715 -0.518292
v -0.119799 0.080000 -0.519799
v -0.118292 0.069285 -0.518292
v -0.114000 0.060201 -0.514000
v -0.107577 0.054131 -0.507577
v -0.100000 0.052000 -0.500000
v -0.100000 0.108000 -0.500000
v -0.100000 0.105869 -0.510715
v -0.100000 0.099799 -0.519799
v -0.100000 0.090715 -0.525869
v -0.100000 0.080000 -0.528000
v -0.100000 0.069285 -0.525869
v -0.100000 0.060201 -0.519799
v -0.100000 0.054131 -0.510715
v -0.100000 -0.170000 -0.346000
v -0.100000 0.170000 -0.346000
v -0.067000 -0.170000 -0.337158
v -0.067000 0.170000 -0.337158
v -0.042842 -0.170000 -0.313000
v -0.042842 0.170000 -0.313000
v -0.034000 -0.170000 -0.280000
v -0.034000 0.170000 -0.280000
v -0.042842 -0.170000 -0.247000
v -0.042842 0.170000 -0.247000
v -0.067000 -0.170000 -0.222842
v -0.067000 0.170000 -0.222842
v -0.100000 -0.170000 -0.214000
v -0.100000 0.170000 -0.214000
v -0.133000 -0.170000 -0.222842
v -0.133000 0.170000 -0.222842
v -0.157158 -0.170000 -0.247000
v -0.157158 0.170000 -0.247000
v -0.166000 -0.170000 -0.280000
v -0.166000 0.170000 -0.280000
v -0.157158 -0.170000 -0.313000
v -0.157158 0.170000 -0.313000
v -0.133000 -0.170000 -0.337158
v -0.133000 0.170000 -0.337158
v -0.152500 -0.082500 -0.007500
v -0.152500 0.152500 -0.007500
v -0.152500 -0.082500 -0.082500
v -0.152500 0.152500 -0.082500
v -0.047500 -0.082500 -0.007500
v -0.047500 0.152500 -0.007500
v -0.047500 -0.082500 -0.082500
v -0.047500 0.152500 -0.082500
v -0.142500 0.125000 -0.015000
v -0.142500 0.165000 -0.015000
v -0.142500 0.125000 -0.055000
v -0.142500 0.165000 -0.055000
v -0.057500 0.125000 -0.015000
v -0.057500 0.165000 -0.015000
v -0.057500 0.125000 -0.055000
v -0.057500 0.165000 -0.055000
v 0.100000 -0.180000 -0.786000
v 0.100000 0.180000 -0.786000
v 0.138000 -0.180000 -0.775818
v 0.138000 0.180000 -0.775818
v 0.165818 -0.180000 -0.748000
v 0.165818 0.180000 -0.748000
v 0.176000 -0.180000 -0.710000
v 0.176000 0.180000 -0.710000
v 0.165818 -0.180000 -0.672000
v 0.165818 0.180000 -0.672000
v 0.138000 -0.180000 -0.644182
v 0.138000 0.180000 -0.644182
v 0.100000 -0.180000 -0.634000
v 0.100000 0.180000 -0.634000
v 0.062000 -0.180000 -0.644182
v 0.062000 0.180000 -0.644182
v 0.034182 -0.180000 -0.672000
v 0.034182 0.180000 -0.672000
v 0.024000 -0.180000 -0.710000
v 0.024000 0.180000 -0.710000
v 0.034182 -0.180000 -0.748000
v 0.034182 0.180000 -0.748000
v 0.062000 -0.180000 -0.775818
v 0.062000 0.180000 -0.775818
v 0.100000 -0.170000 -0.342000
v 0.100000 0.170000 -0.342000
v 0.131000 -0.170000 -0.333694
v 0.131000 0.170000 -0.333694
v 0.153694 -0.170000 -0.311000
v 0.153694 0.170000 -0.311000
v 0.162000 -0.170000 -0.280000
v 0.162000 0.170000 -0.280000
v 0.153694 -0.170000 -0.249000
v 0.153694 0.170000 -0.249000
v 0.131000 -0.170000 -0.226306
v 0.131000 0.170000 -0.226306
v 0.100000 -0.170000 -0.218000
v 0.100000 0.170000 -0.218000
v 0.069000 -0.170000 -0.226306
v 0.069000 0.170000 -0.226306
v 0.046306 -0.170000 -0.249000
v 0.046306 0.170000 -0.249000
v 0.038000 -0.170000 -0.280000
v 0.038000 0.170000 -0.280000
v 0.046306 -0.170000 -0.311000
v 0.046306 0.170000 -0.311000
v 0.069000 -0.170000 -0.333694
v 0.069000 0.170000 -0.333694
v 0.022500 -0.077500 -0.350000
v 0.022500 0.077500 -0.350000
v 0.022500 -0.077500 -0.450000
v 0.022500 0.077500 -0.450000
v 0.177500 -0.077500 -0.350000
v 0.177500 0.077500 -0.350000
v 0.177500 -0.077500 -0.450000
v 0.177500 0.077500 -0.450000
v 0.047500 -0.082500 -0.007500
v 0.047500 0.152500 -0.007500
v 0.047500 -0.082500 -0.082500
v 0.047500 0.152500 -0.082500
v 0.152500 -0.082500 -0.007500
v 0.152500 0.152500 -0.007500
v 0.152500 -0.082500 -0.082500
v 0.152500 0.152500 -0.082500
vn -0.0000 -0.9789 -0.2045
vn -0.0000 -0.9204 -0.3910
vn 0.1208 -0.9204 -0.3718
vn 0.0632 -0.9789 -0.1945
vn -0.0000 -0.0000 -1.0000
vn -0.0000 0.1932 -0.9812
vn 0.3032 0.1932 -0.9331
vn 0.3090 -0.0000 -0.9511
vn -0.0000 0.9789 -0.2045
vn -0.0000 1.0000 -0.0000
vn 0.0632 0.9789 -0.1945
vn -0.0000 -1.0000 -0.0000
vn -0.0000 -0.1932 -0.9812
vn 0.3032 -0.1932 -0.9331
vn -0.0000 0.9204 -0.3910
vn 0.1208 0.9204 -0.3718
vn -0.0000 -0.3793 -0.9253
vn 0.2859 -0.3793 -0.8800
vn -0.0000 0.8270 -0.5623
vn 0.1737 0.8270 -0.5347
vn -0.0000 -0.5511 -0.8344
vn 0.2579 -0.5511 -0.7936
vn -0.0000 0.7022 -0.7119
vn 0.2200 0.7022 -0.6771
vn -0.0000 -0.7022 -0.7119
vn 0.2200 -0.7022 -0.6771
vn -0.0000 0.5511 -0.8344
vn 0.2579 0.5511 -0.7936
vn -0.0000 -0.8270 -0.5623
vn 0.1737 -0.8270 -0.5347
vn -0.0000 0.3793 -0.9253
vn 0.2859 0.3793 -0.8800
vn 0.3305 -0.8270 -0.4549
vn 0.2298 -0.9204 -0.3163
vn 0.5439 0.3793 -0.7486
vn 0.5767 0.1932 -0.7938
vn 0.1202 -0.9789 -0.1654
vn 0.5878 -0.0000 -0.8090
vn 0.1202 0.9789 -0.1654
vn 0.5767 -0.1932 -0.7938
vn 0.2298 0.9204 -0.3163
vn 0.5439 -0.3793 -0.7486
vn 0.3305 0.8270 -0.4549
vn 0.4905 -0.5511 -0.6751
vn 0.4185 0.7022 -0.5760
vn 0.4185 -0.7022 -0.5760
vn 0.4905 0.5511 -0.6751
vn 0.3163 0.9204 -0.2298
vn 0.4549 0.8270 -0.3305
vn 0.7486 -0.3793 -0.5439
vn 0.6751 -0.5511 -0.4905
vn 0.5760 0.7022 -0.4185
vn 0.5760 -0.7022 -0.4185
vn 0.6751 0.5511 -0.4905
vn 0.4549 -0.8270 -0.3305
vn 0.7486 0.3793 -0.5439
vn 0.3163 -0.9204 -0.2298
vn 0.7938 0.1932 -0.5767
vn 0.1654 -0.9789 -0.1202
vn 0.8090 -0.0000 -0.5878
vn 0.1654 0.9789 -0.1202
vn 0.7938 -0.1932 -0.5767
vn 0.8800 0.3793 -0.2859
vn 0.9331 0.1932 -0.3032
vn 0.3718 -0.9204 -0.1208
vn 0.1945 -0.9789 -0.0632
vn 0.9511 -0.0000 -0.3090
vn 0.1945 0.9789 -0.0632
vn 0.9331 -0.1932 -0.3032
vn 0.3718 0.9204 -0.1208
vn 0.8800 -0.3793 -0.2859
vn 0.5347 0.8270 -0.1737
vn 0.7936 -0.5511 -0.2579
vn 0.6771 0.7022 -0.2200
vn 0.6771 -0.7022 -0.2200
vn 0.7936 0.5511 -0.2579
vn 0.5347 -0.8270 -0.1737
vn 0.9253 -0.3793 -0.0000
vn 0.8344 -0.5511 -0.0000
vn 0.5623 0.8270 -0.0000
vn 0.7119 0.7022 -0.0000
vn 0.7119 -0.7022 -0.0000
vn 0.8344 0.5511 -0.0000
vn 0.5623 -0.8270 -0.0000
vn 0.9253 0.3793 -0.0000
vn 0.3910 -0.9204 -0.0000
vn 0.9811 0.1932 -0.0000
vn 0.2045 -0.9789 -0.0000
vn 1.0000 -0.0000 -0.0000
vn 0.2045 0.9789 -0.0000
vn 0.9811 -0.1932 -0.0000
vn 0.3910 0.9204 -0.0000
vn 0.3718 -0.9204 0.1208
vn 0.1945 -0.9789 0.0632
vn 0.9331 0.1932 0.3032
vn 0.9511 -0.0000 0.3090
vn 0.1945 0.9789 0.0632
vn 0.9331 -0.1932 0.3032
vn 0.3718 0.9204 0.1208
vn 0.8800 -0.3793 0.2859
vn 0.5347 0.8270 0.1737
vn 0.7936 -0.5511 0.2579
vn 0.6771 0.7022 0.2200
vn 0.6771 -0.7022 0.2200
vn 0.7936 0.5511 0.2579
vn 0.5347 -0.8270 0.1737
vn 0.8800 0.3793 0.2859
vn 0.4549 0.8270 0.3305
vn 0.5760 0.7022 0.4185
vn 0.6751 -0.5511 0.4905
vn 0.5760 -0.7022 0.4185
vn 0.6751 0.5511 0.4905
vn 0.4549 -0.8270 0.3305
vn 0.7486 0.3793 0.5439
vn 0.3163 -0.9204 0.2298
vn 0.7938 0.1932 0.5767
vn 0.1654 -0.9789 0.1202
vn 0.8090 -0.0000 0.5878
vn 0.1654 0.9789 0.1202
vn 0.7938 -0.1932 0.5767
vn 0.3163 0.9204 0.2298
vn 0.7486 -0.3793 0.5439
vn 0.5767 0.1932 0.7938
vn 0.5878 -0.0000 0.8090
vn 0.1202 0.9789 0.1654
vn 0.1202 -0.9789 0.1654
vn 0.5767 -0.1932 0.7938
vn 0.2298 0.9204 0.3163
vn 0.5439 -0.3793 0.7486
vn 0.3305 0.8270 0.4549
vn 0.4905 -0.5511 0.6751
vn 0.4185 0.7022 0.5760
vn 0.4185 -0.7022 0.5760
vn 0.4905 0.5511 0.6751
vn 0.3305 -0.8270 0.4549
vn 0.5439 0.3793 0.7486
vn 0.2298 -0.9204 0.3163
vn 0.2579 -0.5511 0.7936
vn 0.2200 -0.7022 0.6771
vn 0.2200 0.7022 0.6771
vn 0.2579 0.5511 0.7936
vn 0.1737 -0.8270 0.5347
vn 0.2859 0.3793 0.8800
vn 0.1208 -0.9204 0.3718
vn 0.3032 0.1932 0.9331
vn 0.0632 -0.9789 0.1945
vn 0.3090 -0.0000 0.9511
vn 0.0632 0.9789 0.1945
vn 0.3032 -0.1932 0.9331
vn 0.1208 0.9204 0.3718
vn 0.2859 -0.3793 0.8800
vn 0.1737 0.8270 0.5347
vn -0.0000 -0.9789 0.2045
vn -0.0000 -0.0000 1.0000
vn -0.0000 -0.1932 0.9811
vn -0.0000 0.9789 0.2045
vn -0.0000 0.9204 0.3910
vn -0.0000 -0.3793 0.9253
vn -0.0000 0.8270 0.5623
vn -0.0000 -0.5511 0.8344
vn -0.0000 0.7022 0.7119
vn -0.0000 -0.7022 0.7119
vn -0.0000 0.5511 0.8344
vn -0.0000 -0.8270 0.5623
vn -0.0000 0.3793 0.9253
vn -0.0000 -0.9204 0.3910
vn -0.0000 0.1932 0.9811
vn -0.2200 -0.7022 0.6771
vn -0.1737 -0.8270 0.5347
vn -0.2579 0.5511 0.7936
vn -0.2859 0.3793 0.8800
vn -0.1208 -0.9204 0.3718
vn -0.3032 0.1932 0.9331
vn -0.0632 -0.9789 0.1945
vn -0.3090 -0.0000 0.9511
vn -0.0632 0.9789 0.1945
vn -0.3032 -0.1932 0.9331
vn -0.1208 0.9204 0.3718
vn -0.2859 -0.3793 0.8800
vn -0.1737 0.8270 0.5347
vn -0.2579 -0.5511 0.7936
vn -0.2200 0.7022 0.6771
vn -0.1202 0.9789 0.1654
vn -0.2298 0.9204 0.3163
vn -0.5767 -0.1932 0.7938
vn -0.5439 -0.3793 0.7486
vn -0.3305 0.8270 0.4549
vn -0.4905 -0.5511 0.6751
vn -0.4185 0.7022 0.5760
vn -0.4185 -0.7022 0.5760
vn -0.4905 0.5511 0.6751
vn -0.3305 -0.8270 0.4549
vn -0.5439 0.3793 0.7486
vn -0.2298 -0.9204 0.3163
vn -0.5767 0.1932 0.7938
vn -0.1202 -0.9789 0.1654
vn -0.5878 -0.0000 0.8090
vn -0.6751 0.5511 0.4905
vn -0.7486 0.3793 0.5439
vn -0.4549 -0.8270 0.3305
vn -0.3163 -0.9204 0.2298
vn -0.7938 0.1932 0.5767
vn -0.1654 -0.9789 0.1202
vn -0.8090 -0.0000 0.5878
vn -0.1654 0.9789 0.1202
vn -0.7938 -0.1932 0.5767
vn -0.3163 0.9204 0.2298
vn -0.7486 -0.3793 0.5439
vn -0.4549 0.8270 0.3305
vn -0.6751 -0.5511 0.4905
vn -0.5760 0.7022 0.4185
vn -0.5760 -0.7022 0.4185
vn -0.9331 -0.1932 0.3032
vn -0.8800 -0.3793 0.2859
vn -0.3718 0.9204 0.1208
vn -0.5347 0.8270 0.1737
vn -0.7936 -0.5511 0.2579
vn -0.6771 0.7022 0.2200
vn -0.6771 -0.7022 0.2200
vn -0.7936 0.5511 0.2579
vn -0.5347 -0.8270 0.1737
vn -0.8800 0.3793 0.2859
vn -0.3718 -0.9204 0.1208
vn -0.9331 0.1932 0.3032
vn -0.1945 -0.9789 0.0632
vn -0.9511 -0.0000 0.3090
vn -0.1945 0.9789 0.0632
vn -0.5623 -0.8270 -0.0000
vn -0.3910 -0.9204 -0.0000
vn -0.9253 0.3793 -0.0000
vn -0.9812 0.1932 -0.0000
vn -0.2045 -0.9789 -0.0000
vn -1.0000 -0.0000 -0.0000
vn -0.2045 0.9789 -0.0000
vn -0.9812 -0.1932 -0.0000
vn -0.3910 0.9204 -0.0000
vn -0.9253 -0.3793 -0.0000
vn -0.5623 0.8270 -0.0000
vn -0.8344 -0.5511 -0.0000
vn -0.7119 0.7022 -0.0000
vn -0.7119 -0.7022 -0.0000
vn -0.8344 0.5511 -0.0000
vn -0.3718 0.9204 -0.1208
vn -0.5347 0.8270 -0.1737
vn -0.8800 -0.3793 -0.2859
vn -0.7936 -0.5511 -0.2579
vn -0.6771 0.7022 -0.2200
vn -0.6771 -0.7022 -0.2200
vn -0.7936 0.5511 -0.2579
vn -0.5347 -0.8270 -0.1737
vn -0.8800 0.3793 -0.2859
vn -0.3718 -0.9204 -0.1208
vn -0.9331 0.1932 -0.3032
vn -0.1945 -0.9789 -0.0632
vn -0.9511 -0.0000 -0.3090
vn -0.1945 0.9789 -0.0632
vn -0.9331 -0.1932 -0.3032
vn -0.7486 0.3793 -0.5439
vn -0.7938 0.1932 -0.5767
vn -0.3163 -0.9204 -0.2298
vn -0.1654 -0.9789 -0.1202
vn -0.8090 -0.0000 -0.5878
vn -0.1654 0.9789 -0.1202
vn -0.7938 -0.1932 -0.5767
vn -0.3163 0.9204 -0.2298
vn -0.7486 -0.3793 -0.5439
vn -0.4549 0.8270 -0.3305
vn -0.6751 -0.5511 -0.4905
vn -0.5760 0.7022 -0.4185
vn -0.5760 -0.7022 -0.4185
vn -0.6751 0.5511 -0.4905
vn -0.4549 -0.8270 -0.3305
vn -0.5439 -0.3793 -0.7486
vn -0.4905 -0.5511 -0.6751
vn -0.3305 0.8270 -0.4549
vn -0.4185 0.7022 -0.5760
vn -0.4185 -0.7022 -0.5760
vn -0.4905 0.5511 -0.6751
vn -0.3305 -0.8270 -0.4549
vn -0.5439 0.3793 -0.7486
vn -0.2298 -0.9204 -0.3163
vn -0.5767 0.1932 -0.7938
vn -0.1202 -0.9789 -0.1654
vn -0.5878 -0.0000 -0.8090
vn -0.1202 0.9789 -0.1654
vn -0.5767 -0.1932 -0.7938
vn -0.2298 0.9204 -0.3163
vn -0.1208 -0.9204 -0.3718
vn -0.0632 -0.9789 -0.1945
vn -0.3032 0.1932 -0.9331
vn -0.3090 -0.0000 -0.9511
vn -0.0632 0.9789 -0.1945
vn -0.3032 -0.1932 -0.9331
vn -0.1208 0.9204 -0.3718
vn -0.2859 -0.3793 -0.8800
vn -0.1737 0.8270 -0.5347
vn -0.2579 -0.5511 -0.7936
vn -0.2200 0.7022 -0.6771
vn -0.2200 -0.7022 -0.6771
vn -0.2579 0.5511 -0.7936
vn -0.1737 -0.8270 -0.5347
vn -0.2859 0.3793 -0.8800
vn -0.0000 -0.3017 -0.9534
vn 0.5000 -0.0000 -0.8660
vn 0.4767 -0.3017 -0.8257
vn -0.0000 0.5758 -0.8176
vn -0.0000 0.7968 -0.6043
vn 0.3021 0.7968 -0.5233
vn 0.4088 0.5758 -0.7081
vn -0.0000 -0.9432 -0.3322
vn 0.1661 -0.9432 -0.2877
vn -0.0000 -0.5758 -0.8176
vn 0.4088 -0.5758 -0.7081
vn -0.0000 0.3017 -0.9534
vn 0.4767 0.3017 -0.8257
vn -0.0000 0.9432 -0.3322
vn 0.1661 0.9432 -0.2877
vn -0.0000 -0.7968 -0.6043
vn 0.3021 -0.7968 -0.5233
vn 0.8660 -0.0000 -0.5000
vn 0.8257 -0.3017 -0.4767
vn 0.5233 0.7968 -0.3021
vn 0.7081 0.5758 -0.4088
vn 0.2877 -0.9432 -0.1661
vn 0.7081 -0.5758 -0.4088
vn 0.8257 0.3017 -0.4767
vn 0.2877 0.9432 -0.1661
vn 0.5233 -0.7968 -0.3021
vn 0.3322 0.9432 -0.0000
vn 0.6043 0.7968 -0.0000
vn 0.6043 -0.7968 -0.0000
vn 0.3322 -0.9432 -0.0000
vn 0.9534 -0.3017 -0.0000
vn 0.8176 0.5758 -0.0000
vn 0.8176 -0.5758 -0.0000
vn 0.9534 0.3017 -0.0000
vn 0.8257 0.3017 0.4767
vn 0.8660 -0.0000 0.5000
vn 0.2877 0.9432 0.1661
vn 0.5233 0.7968 0.3021
vn 0.5233 -0.7968 0.3021
vn 0.2877 -0.9432 0.1661
vn 0.8257 -0.3017 0.4767
vn 0.7081 0.5758 0.4088
vn 0.7081 -0.5758 0.4088
vn 0.1661 0.9432 0.2877
vn 0.4088 -0.5758 0.7081
vn 0.3021 -0.7968 0.5233
vn 0.4767 0.3017 0.8257
vn 0.5000 -0.0000 0.8660
vn 0.3021 0.7968 0.5233
vn 0.1661 -0.9432 0.2877
vn 0.4767 -0.3017 0.8257
vn 0.4088 0.5758 0.7081
vn -0.0000 -0.3017 0.9534
vn -0.0000 -0.5758 0.8176
vn -0.0000 0.5758 0.8176
vn -0.0000 0.3017 0.9534
vn -0.0000 0.9432 0.3322
vn -0.0000 -0.7968 0.6043
vn -0.0000 0.7968 0.6043
vn -0.0000 -0.9432 0.3322
vn -0.3021 0.7968 0.5233
vn -0.4088 0.5758 0.7081
vn -0.1661 -0.9432 0.2877
vn -0.4767 -0.3017 0.8257
vn -0.4088 -0.5758 0.7081
vn -0.4767 0.3017 0.8257
vn -0.1661 0.9432 0.2877
vn -0.3021 -0.7968 0.5233
vn -0.5000 -0.0000 0.8660
vn -0.8660 -0.0000 0.5000
vn -0.8257 -0.3017 0.4767
vn -0.5233 0.7968 0.3021
vn -0.7081 0.5758 0.4088
vn -0.2877 -0.9432 0.1661
vn -0.7081 -0.5758 0.4088
vn -0.8257 0.3017 0.4767
vn -0.2877 0.9432 0.1661
vn -0.5233 -0.7968 0.3021
vn -0.3322 0.9432 -0.0000
vn -0.6043 0.7968 -0.0000
vn -0.6043 -0.7968 -0.0000
vn -0.3322 -0.9432 -0.0000
vn -0.9534 -0.3017 -0.0000
vn -0.8176 0.5758 -0.0000
vn -0.8176 -0.5758 -0.0000
vn -0.9534 0.3017 -0.0000
vn -0.7081 -0.5758 -0.4088
vn -0.5233 -0.7968 -0.3021
vn -0.8257 0.3017 -0.4767
vn -0.8660 -0.0000 -0.5000
vn -0.2877 0.9432 -0.1661
vn -0.5233 0.7968 -0.3021
vn -0.2877 -0.9432 -0.1661
vn -0.8257 -0.3017 -0.4767
vn -0.7081 0.5758 -0.4088
vn -0.4088 0.5758 -0.7081
vn -0.4767 0.3017 -0.8257
vn -0.1661 0.9432 -0.2877
vn -0.4088 -0.5758 -0.7081
vn -0.3021 -0.7968 -0.5233
vn -0.5000 -0.0000 -0.8660
vn -0.3021 0.7968 -0.5233
vn -0.1661 -0.9432 -0.2877
vn -0.4767 -0.3017 -0.8257
vn -0.9902 -0.0000 -0.1395
vn 0.1373 0.1790 -0.9742
vn 0.9902 -0.0000 0.1395
vn -0.1373 -0.1790 0.9742
vn 0.0250 -0.9838 -0.1773
vn -0.0250 0.9838 0.1773
vn -0.0000 -0.7985 -0.6020
vn -0.0000 -0.5774 -0.8164
vn 0.3542 -0.5774 -0.7356
vn 0.2612 -0.7985 -0.5424
vn -0.0000 0.3027 -0.9531
vn 0.4135 0.3027 -0.8587
vn 0.4339 -0.0000 -0.9010
vn -0.0000 0.7985 -0.6020
vn -0.0000 0.9444 -0.3289
vn 0.1427 0.9444 -0.2964
vn 0.2612 0.7985 -0.5424
vn -0.0000 -0.9444 -0.3289
vn 0.1427 -0.9444 -0.2964
vn -0.0000 -0.3027 -0.9531
vn 0.4135 -0.3027 -0.8587
vn -0.0000 0.5774 -0.8164
vn 0.3542 0.5774 -0.7356
vn 0.7452 0.3027 -0.5942
vn 0.7818 -0.0000 -0.6235
vn 0.2572 0.9444 -0.2051
vn 0.4707 0.7985 -0.3753
vn 0.4707 -0.7985 -0.3753
vn 0.2572 -0.9444 -0.2051
vn 0.7452 -0.3027 -0.5942
vn 0.6383 0.5774 -0.5090
vn 0.6383 -0.5774 -0.5090
vn 0.3207 0.9444 -0.0732
vn 0.7960 -0.5774 -0.1817
vn 0.5869 -0.7985 -0.1340
vn 0.9292 0.3027 -0.2121
vn 0.9749 -0.0000 -0.2225
vn 0.5869 0.7985 -0.1340
vn 0.3207 -0.9444 -0.0732
vn 0.9292 -0.3027 -0.2121
vn 0.7960 0.5774 -0.1817
vn 0.9292 -0.3027 0.2121
vn 0.7960 -0.5774 0.1817
vn 0.7960 0.5774 0.1817
vn 0.9292 0.3027 0.2121
vn 0.3207 0.9444 0.0732
vn 0.5869 -0.7985 0.1340
vn 0.9749 -0.0000 0.2225
vn 0.5869 0.7985 0.1340
vn 0.3207 -0.9444 0.0732
vn 0.4707 0.7985 0.3753
vn 0.6383 0.5774 0.5090
vn 0.2572 -0.9444 0.2051
vn 0.7452 -0.3027 0.5942
vn 0.6383 -0.5774 0.5090
vn 0.7452 0.3027 0.5942
vn 0.2572 0.9444 0.2051
vn 0.4707 -0.7985 0.3753
vn 0.7818 -0.0000 0.6235
vn 0.4339 -0.0000 0.9010
vn 0.4135 -0.3027 0.8587
vn 0.2612 0.7985 0.5424
vn 0.3542 0.5774 0.7356
vn 0.1427 -0.9444 0.2964
vn 0.3542 -0.5774 0.7356
vn 0.4135 0.3027 0.8587
vn 0.1427 0.9444 0.2964
vn 0.2612 -0.7985 0.5424
vn -0.0000 0.9444 0.3289
vn -0.0000 0.7985 0.6020
vn -0.0000 -0.7985 0.6020
vn -0.0000 -0.9444 0.3289
vn -0.0000 -0.3027 0.9531
vn -0.0000 0.5774 0.8164
vn -0.0000 -0.5774 0.8164
vn -0.0000 0.3027 0.9531
vn -0.3542 -0.5774 0.7356
vn -0.2612 -0.7985 0.5424
vn -0.4135 0.3027 0.8587
vn -0.4339 -0.0000 0.9010
vn -0.1427 0.9444 0.2964
vn -0.2612 0.7985 0.5424
vn -0.1427 -0.9444 0.2964
vn -0.4135 -0.3027 0.8587
vn -0.3542 0.5774 0.7356
vn -0.6383 0.5774 0.5090
vn -0.7452 0.3027 0.5942
vn -0.2572 0.9444 0.2051
vn -0.6383 -0.5774 0.5090
vn -0.4707 -0.7985 0.3753
vn -0.7818 -0.0000 0.6235
vn -0.4707 0.7985 0.3753
vn -0.2572 -0.9444 0.2051
vn -0.7452 -0.3027 0.5942
vn -0.9292 -0.3027 0.2121
vn -0.7960 -0.5774 0.1817
vn -0.7960 0.5774 0.1817
vn -0.9292 0.3027 0.2121
vn -0.3207 0.9444 0.0732
vn -0.5869 -0.7985 0.1340
vn -0.9749 -0.0000 0.2225
vn -0.5869 0.7985 0.1340
vn -0.3207 -0.9444 0.0732
vn -0.5869 0.7985 -0.1340
vn -0.7960 0.5774 -0.1817
vn -0.3207 -0.9444 -0.0732
vn -0.9292 -0.3027 -0.2121
vn -0.7960 -0.5774 -0.1817
vn -0.9292 0.3027 -0.2121
vn -0.3207 0.9444 -0.0732
vn -0.5869 -0.7985 -0.1340
vn -0.9749 -0.0000 -0.2225
vn -0.4707 -0.7985 -0.3753
vn -0.2572 -0.9444 -0.2051
vn -0.7818 -0.0000 -0.6235
vn -0.7452 -0.3027 -0.5942
vn -0.4707 0.7985 -0.3753
vn -0.6383 0.5774 -0.5090
vn -0.6383 -0.5774 -0.5090
vn -0.7452 0.3027 -0.5942
vn -0.2572 0.9444 -0.2051
vn -0.4135 0.3027 -0.8587
vn -0.4339 -0.0000 -0.9010
vn -0.1427 0.9444 -0.2964
vn -0.2612 0.7985 -0.5424
vn -0.2612 -0.7985 -0.5424
vn -0.1427 -0.9444 -0.2964
vn -0.4135 -0.3027 -0.8587
vn -0.3542 0.5774 -0.7356
vn -0.3542 -0.5774 -0.7356
vn -0.0659 -0.5656 -0.8220
vn -0.0533 0.7454 -0.6644
vn 0.2774 0.7365 -0.6169
vn 0.2648 -0.5745 -0.7745
vn 0.5545 0.7116 -0.4315
vn 0.5418 -0.5995 -0.5891
vn 0.7229 0.6755 -0.1451
vn 0.7103 -0.6355 -0.3027
vn 0.7494 0.6355 0.1857
vn 0.7368 -0.6755 0.0281
vn 0.6288 0.5995 0.4953
vn 0.6161 -0.7116 0.3377
vn 0.3848 0.5745 0.7224
vn 0.3722 -0.7365 0.5648
vn 0.0659 0.5656 0.8220
vn 0.0533 -0.7454 0.6644
vn -0.2648 0.5745 0.7745
vn -0.2774 -0.7365 0.6169
vn -0.5418 0.5995 0.5891
vn -0.5545 -0.7116 0.4315
vn -0.7103 0.6355 0.3027
vn -0.7229 -0.6755 0.1451
vn -0.7368 0.6755 -0.0281
vn -0.7494 -0.6355 -0.1857
vn -0.6161 0.7116 -0.3377
vn -0.6288 -0.5995 -0.4953
vn -0.3722 0.7365 -0.5648
vn -0.3848 -0.5745 -0.7224
vn -0.9980 -0.0500 0.0399
vn -0.0457 0.1196 -0.9918
vn 0.9980 0.0500 -0.0399
vn 0.0457 -0.1196 0.9918
vn 0.0448 -0.9916 -0.1216
vn -0.0448 0.9916 0.1216
vn -0.0000 -0.6603 -0.7510
vn -0.0000 0.6603 -0.7510
vn 0.3259 0.6603 -0.6766
vn 0.3259 -0.6603 -0.6766
vn 0.5872 0.6603 -0.4683
vn 0.5872 -0.6603 -0.4683
vn 0.7322 0.6603 -0.1671
vn 0.7322 -0.6603 -0.1671
vn 0.7322 0.6603 0.1671
vn 0.7322 -0.6603 0.1671
vn 0.5872 0.6603 0.4683
vn 0.5872 -0.6603 0.4683
vn 0.3259 0.6603 0.6766
vn 0.3259 -0.6603 0.6766
vn -0.0000 0.6603 0.7510
vn -0.0000 -0.6603 0.7510
vn -0.3259 0.6603 0.6766
vn -0.3259 -0.6603 0.6766
vn -0.5872 0.6603 0.4683
vn -0.5872 -0.6603 0.4683
vn -0.7322 0.6603 0.1671
vn -0.7322 -0.6603 0.1671
vn -0.7322 0.6603 -0.1671
vn -0.7322 -0.6603 -0.1671
vn -0.5872 0.6603 -0.4683
vn -0.5872 -0.6603 -0.4683
vn -0.3259 0.6603 -0.6766
vn -0.3259 -0.6603 -0.6766
vn -0.0000 0.4931 -0.8700
vn -0.0000 0.6991 -0.7151
vn 0.2736 0.6991 -0.6606
vn 0.3329 0.4931 -0.8038
vn -0.0000 -0.9618 -0.2739
vn -0.0000 -0.8590 -0.5120
vn 0.1959 -0.8590 -0.4730
vn 0.1048 -0.9618 -0.2531
vn -0.0000 0.9618 -0.2739
vn 0.1048 0.9618 -0.2531
vn -0.0000 -0.4931 -0.8700
vn -0.0000 -0.2549 -0.9670
vn 0.3700 -0.2549 -0.8934
vn 0.3329 -0.4931 -0.8038
vn -0.0000 0.2549 -0.9670
vn 0.3700 0.2549 -0.8934
vn -0.0000 0.8590 -0.5120
vn 0.1959 0.8590 -0.4730
vn -0.0000 -0.6991 -0.7151
vn 0.2736 -0.6991 -0.6606
vn 0.3827 -0.0000 -0.9239
vn 0.1937 0.9618 -0.1937
vn 0.3621 0.8590 -0.3621
vn 0.6152 -0.4931 -0.6152
vn 0.5056 -0.6991 -0.5056
vn 0.6838 0.2549 -0.6838
vn 0.7071 -0.0000 -0.7071
vn 0.5056 0.6991 -0.5056
vn 0.3621 -0.8590 -0.3621
vn 0.6838 -0.2549 -0.6838
vn 0.6152 0.4931 -0.6152
vn 0.1937 -0.9618 -0.1937
vn 0.4730 -0.8590 -0.1959
vn 0.2531 -0.9618 -0.1048
vn 0.2531 0.9618 -0.1048
vn 0.8934 -0.2549 -0.3700
vn 0.8038 -0.4931 -0.3329
vn 0.8038 0.4931 -0.3329
vn 0.8934 0.2549 -0.3700
vn 0.4730 0.8590 -0.1959
vn 0.6606 -0.6991 -0.2736
vn 0.9239 -0.0000 -0.3827
vn 0.6606 0.6991 -0.2736
vn 0.5120 0.8590 -0.0000
vn 0.7151 0.6991 -0.0000
vn 0.7151 -0.6991 -0.0000
vn 0.5120 -0.8590 -0.0000
vn 0.9670 -0.2549 -0.0000
vn 0.8700 0.4931 -0.0000
vn 0.2739 -0.9618 -0.0000
vn 0.2739 0.9618 -0.0000
vn 0.8700 -0.4931 -0.0000
vn 0.9670 0.2549 -0.0000
vn 0.2531 -0.9618 0.1048
vn 0.2531 0.9618 0.1048
vn 0.4730 0.8590 0.1959
vn 0.8038 -0.4931 0.3329
vn 0.6606 -0.6991 0.2736
vn 0.8934 0.2549 0.3700
vn 0.9239 -0.0000 0.3827
vn 0.6606 0.6991 0.2736
vn 0.4730 -0.8590 0.1959
vn 0.8934 -0.2549 0.3700
vn 0.8038 0.4931 0.3329
vn 0.5056 0.6991 0.5056
vn 0.6152 0.4931 0.6152
vn 0.3621 -0.8590 0.3621
vn 0.1937 -0.9618 0.1937
vn 0.1937 0.9618 0.1937
vn 0.6838 -0.2549 0.6838
vn 0.6152 -0.4931 0.6152
vn 0.6838 0.2549 0.6838
vn 0.3621 0.8590 0.3621
vn 0.5056 -0.6991 0.5056
vn 0.7071 -0.0000 0.7071
vn 0.1959 0.8590 0.4730
vn 0.2736 0.6991 0.6606
vn 0.2736 -0.6991 0.6606
vn 0.1959 -0.8590 0.4730
vn 0.3827 -0.0000 0.9239
vn 0.3700 -0.2549 0.8934
vn 0.3329 0.4931 0.8038
vn 0.1048 -0.9618 0.2531
vn 0.1048 0.9618 0.2531
vn 0.3329 -0.4931 0.8038
vn 0.3700 0.2549 0.8934
vn -0.0000 0.4931 0.8700
vn -0.0000 0.2549 0.9670
vn -0.0000 -0.9618 0.2739
vn -0.0000 0.9618 0.2739
vn -0.0000 0.8590 0.5120
vn -0.0000 -0.4931 0.8700
vn -0.0000 -0.6991 0.7151
vn -0.0000 0.6991 0.7151
vn -0.0000 -0.8590 0.5120
vn -0.0000 -0.2549 0.9670
vn -0.2736 0.6991 0.6606
vn -0.3329 0.4931 0.8038
vn -0.1959 -0.8590 0.4730
vn -0.1048 -0.9618 0.2531
vn -0.1048 0.9618 0.2531
vn -0.3700 -0.2549 0.8934
vn -0.3329 -0.4931 0.8038
vn -0.3700 0.2549 0.8934
vn -0.1959 0.8590 0.4730
vn -0.2736 -0.6991 0.6606
vn -0.3827 -0.0000 0.9239
vn -0.6838 0.2549 0.6838
vn -0.7071 -0.0000 0.7071
vn -0.3621 0.8590 0.3621
vn -0.5056 0.6991 0.5056
vn -0.5056 -0.6991 0.5056
vn -0.3621 -0.8590 0.3621
vn -0.6838 -0.2549 0.6838
vn -0.6152 0.4931 0.6152
vn -0.1937 -0.9618 0.1937
vn -0.1937 0.9618 0.1937
vn -0.6152 -0.4931 0.6152
vn -0.8038 0.4931 0.3329
vn -0.8934 0.2549 0.3700
vn -0.2531 -0.9618 0.1048
vn -0.2531 0.9618 0.1048
vn -0.4730 0.8590 0.1959
vn -0.8038 -0.4931 0.3329
vn -0.6606 -0.6991 0.2736
vn -0.9239 -0.0000 0.3827
vn -0.6606 0.6991 0.2736
vn -0.4730 -0.8590 0.1959
vn -0.8934 -0.2549 0.3700
vn -0.9670 -0.2549 -0.0000
vn -0.7151 0.6991 -0.0000
vn -0.8700 0.4931 -0.0000
vn -0.5120 -0.8590 -0.0000
vn -0.2739 -0.9618 -0.0000
vn -0.2739 0.9618 -0.0000
vn -0.8700 -0.4931 -0.0000
vn -0.9670 0.2549 -0.0000
vn -0.5120 0.8590 -0.0000
vn -0.7151 -0.6991 -0.0000
vn -0.8934 0.2549 -0.3700
vn -0.9239 -0.0000 -0.3827
vn -0.4730 0.8590 -0.1959
vn -0.6606 0.6991 -0.2736
vn -0.6606 -0.6991 -0.2736
vn -0.4730 -0.8590 -0.1959
vn -0.8934 -0.2549 -0.3700
vn -0.8038 0.4931 -0.3329
vn -0.2531 -0.9618 -0.1048
vn -0.2531 0.9618 -0.1048
vn -0.8038 -0.4931 -0.3329
vn -0.6838 -0.2549 -0.6838
vn -0.6152 -0.4931 -0.6152
vn -0.6152 0.4931 -0.6152
vn -0.6838 0.2549 -0.6838
vn -0.1937 -0.9618 -0.1937
vn -0.1937 0.9618 -0.1937
vn -0.3621 0.8590 -0.3621
vn -0.5056 -0.6991 -0.5056
vn -0.7071 -0.0000 -0.7071
vn -0.5056 0.6991 -0.5056
vn -0.3621 -0.8590 -0.3621
vn -0.3827 -0.0000 -0.9239
vn -0.3700 -0.2549 -0.8934
vn -0.2736 0.6991 -0.6606
vn -0.3329 0.4931 -0.8038
vn -0.1959 -0.8590 -0.4730
vn -0.1048 -0.9618 -0.2531
vn -0.1048 0.9618 -0.2531
vn -0.3329 -0.4931 -0.8038
vn -0.3700 0.2549 -0.8934
vn -0.1959 0.8590 -0.4730
vn -0.2736 -0.6991 -0.6606
vn -0.0000 0.5182 -0.8552
vn -0.0000 0.9220 0.3873
vn 0.3786 0.8255 0.4186
vn 0.3786 0.4218 -0.8239
vn 0.6557 0.5619 0.5043
vn 0.6557 0.1582 -0.7382
vn 0.7572 0.2019 0.6213
vn 0.7572 -0.2019 -0.6213
vn 0.6557 -0.1582 0.7382
vn 0.6557 -0.5619 -0.5043
vn 0.3786 -0.4218 0.8239
vn 0.3786 -0.8255 -0.4186
vn -0.0000 -0.5182 0.8552
vn -0.0000 -0.9220 -0.3873
vn -0.3786 -0.4218 0.8239
vn -0.3786 -0.8255 -0.4186
vn -0.6557 -0.1582 0.7382
vn -0.6557 -0.5619 -0.5043
vn -0.7572 0.2019 0.6213
vn -0.7572 -0.2019 -0.6213
vn -0.6557 0.5619 0.5043
vn -0.6557 0.1582 -0.7382
vn -0.3786 0.8255 0.4186
vn -0.3786 0.4218 -0.8239
vn -0.0000 0.6589 -0.7522
vn -0.0000 0.8407 0.5415
vn 0.3786 0.7403 0.5556
vn 0.3786 0.5584 -0.7381
vn 0.6557 0.4658 0.5942
vn 0.6557 0.2840 -0.6996
vn 0.7572 0.0909 0.6469
vn 0.7572 -0.0909 -0.6469
vn 0.6557 -0.2840 0.6996
vn 0.6557 -0.4658 -0.5942
vn 0.3786 -0.5584 0.7381
vn 0.3786 -0.7403 -0.5556
vn -0.0000 -0.6589 0.7522
vn -0.0000 -0.8407 -0.5415
vn -0.3786 -0.5584 0.7381
vn -0.3786 -0.7403 -0.5556
vn -0.6557 -0.2840 0.6996
vn -0.6557 -0.4658 -0.5942
vn -0.7572 0.0909 0.6469
vn -0.7572 -0.0909 -0.6469
vn -0.6557 0.4658 0.5942
vn -0.6557 0.2840 -0.6996
vn -0.3786 0.7403 0.5556
vn -0.3786 0.5584 -0.7381
vn -0.0000 0.7924 -0.6100
vn -0.0000 0.7924 0.6100
vn 0.6862 0.3962 0.6100
vn 0.6862 0.3962 -0.6100
vn 0.6862 -0.3962 0.6100
vn 0.6862 -0.3962 -0.6100
vn -0.0000 -0.7924 0.6100
vn -0.0000 -0.7924 -0.6100
vn -0.6862 -0.3962 0.6100
vn -0.6862 -0.3962 -0.6100
vn -0.6862 0.3962 0.6100
vn -0.6862 0.3962 -0.6100
vn -0.0000 -0.2720 -0.9623
vn -0.0000 0.9120 -0.4102
vn 0.3786 0.8691 -0.3182
vn 0.3786 -0.3149 -0.8704
vn 0.6557 0.7520 -0.0670
vn 0.6557 -0.4320 -0.6192
vn 0.7572 0.5920 0.2761
vn 0.7572 -0.5920 -0.2761
vn 0.6557 0.4320 0.6192
vn 0.6557 -0.7520 0.0670
vn 0.3786 0.3149 0.8704
vn 0.3786 -0.8691 0.3182
vn -0.0000 0.2720 0.9623
vn -0.0000 -0.9120 0.4102
vn -0.3786 0.3149 0.8704
vn -0.3786 -0.8691 0.3182
vn -0.6557 0.4320 0.6192
vn -0.6557 -0.7520 0.0670
vn -0.7572 0.5920 0.2761
vn -0.7572 -0.5920 -0.2761
vn -0.6557 0.7520 -0.0670
vn -0.6557 -0.4320 -0.6192
vn -0.3786 0.8691 -0.3182
vn -0.3786 -0.3149 -0.8704
vn -0.0000 -0.1008 -0.9949
vn -0.0000 0.9694 -0.2456
vn 0.3786 0.9112 -0.1625
vn 0.3786 -0.1590 -0.9118
vn 0.6557 0.7522 0.0646
vn 0.6557 -0.3179 -0.6848
vn 0.7572 0.5351 0.3747
vn 0.7572 -0.5351 -0.3747
vn 0.6557 0.3179 0.6848
vn 0.6557 -0.7522 -0.0646
vn 0.3786 0.1590 0.9118
vn 0.3786 -0.9112 0.1625
vn -0.0000 0.1008 0.9949
vn -0.0000 -0.9694 0.2456
vn -0.3786 0.1590 0.9118
vn -0.3786 -0.9112 0.1625
vn -0.6557 0.3179 0.6848
vn -0.6557 -0.7522 -0.0646
vn -0.7572 0.5351 0.3747
vn -0.7572 -0.5351 -0.3747
vn -0.6557 0.7522 0.0646
vn -0.6557 -0.3179 -0.6848
vn -0.3786 0.9112 -0.1625
vn -0.3786 -0.1590 -0.9118
vn -0.0000 -0.6532 -0.7572
vn -0.0000 0.6532 -0.7572
vn 0.3786 0.6532 -0.6557
vn 0.3786 -0.6532 -0.6557
vn 0.6557 0.6532 -0.3786
vn 0.6557 -0.6532 -0.3786
vn 0.7572 0.6532 -0.0000
vn 0.7572 -0.6532 -0.0000
vn 0.6557 0.6532 0.3786
vn 0.6557 -0.6532 0.3786
vn 0.3786 0.6532 0.6557
vn 0.3786 -0.6532 0.6557
vn -0.0000 0.6532 0.7572
vn -0.0000 -0.6532 0.7572
vn -0.3786 0.6532 0.6557
vn -0.3786 -0.6532 0.6557
vn -0.6557 0.6532 0.3786
vn -0.6557 -0.6532 0.3786
vn -0.7572 0.6532 -0.0000
vn -0.7572 -0.6532 -0.0000
vn -0.6557 0.6532 -0.3786
vn -0.6557 -0.6532 -0.3786
vn -0.3786 0.6532 -0.6557
vn -0.3786 -0.6532 -0.6557
vn -0.0000 -0.6839 -0.7296
vn -0.0000 -0.3668 -0.9303
vn 0.6578 -0.3668 -0.6578
vn 0.5159 -0.6839 -0.5159
vn -0.0000 0.3668 -0.9303
vn 0.6578 0.3668 -0.6578
vn -0.0000 0.6839 -0.7296
vn -0.0000 0.9063 -0.4226
vn 0.2988 0.9063 -0.2988
vn 0.5159 0.6839 -0.5159
vn -0.0000 -0.9063 -0.4226
vn 0.2988 -0.9063 -0.2988
vn 0.7296 -0.6839 -0.0000
vn 0.4226 -0.9063 -0.0000
vn 0.9303 -0.3668 -0.0000
vn 0.7296 0.6839 -0.0000
vn 0.9303 0.3668 -0.0000
vn 0.4226 0.9063 -0.0000
vn 0.5159 0.6839 0.5159
vn 0.6578 0.3668 0.6578
vn 0.2988 0.9063 0.2988
vn 0.2988 -0.9063 0.2988
vn 0.6578 -0.3668 0.6578
vn 0.5159 -0.6839 0.5159
vn -0.0000 -0.9063 0.4226
vn -0.0000 -0.3668 0.9303
vn -0.0000 -0.6839 0.7296
vn -0.0000 0.3668 0.9303
vn -0.0000 0.9063 0.4226
vn -0.0000 0.6839 0.7296
vn -0.2988 0.9063 0.2988
vn -0.5159 0.6839 0.5159
vn -0.5159 -0.6839 0.5159
vn -0.2988 -0.9063 0.2988
vn -0.6578 -0.3668 0.6578
vn -0.6578 0.3668 0.6578
vn -0.7296 -0.6839 -0.0000
vn -0.4226 -0.9063 -0.0000
vn -0.9303 -0.3668 -0.0000
vn -0.7296 0.6839 -0.0000
vn -0.9303 0.3668 -0.0000
vn -0.4226 0.9063 -0.0000
vn -0.2988 0.9063 -0.2988
vn -0.2988 -0.9063 -0.2988
vn -0.6578 -0.3668 -0.6578
vn -0.5159 -0.6839 -0.5159
vn -0.6578 0.3668 -0.6578
vn -0.5159 0.6839 -0.5159
vt 0.750000 0.062500
vt 0.750000 0.125000
vt 0.700000 0.125000
vt 0.700000 0.062500
vt 0.750000 0.500000
vt 0.750000 0.562500
vt 0.700000 0.562500
vt 0.700000 0.500000
vt 0.750000 0.937500
vt 0.725000 1.000000
vt 0.700000 0.937500
vt 0.725000 0.000000
vt 0.750000 0.437500
vt 0.700000 0.437500
vt 0.750000 0.875000
vt 0.700000 0.875000
vt 0.750000 0.375000
vt 0.700000 0.375000
vt 0.750000 0.812500
vt 0.700000 0.812500
vt 0.750000 0.312500
vt 0.700000 0.312500
vt 0.750000 0.750000
vt 0.700000 0.750000
vt 0.750000 0.250000
vt 0.700000 0.250000
vt 0.750000 0.687500
vt 0.700000 0.687500
vt 0.750000 0.187500
vt 0.700000 0.187500
vt 0.750000 0.625000
vt 0.700000 0.625000
vt 0.650000 0.187500
vt 0.650000 0.125000
vt 0.650000 0.625000
vt 0.650000 0.562500
vt 0.650000 0.062500
vt 0.650000 0.500000
vt 0.675000 1.000000
vt 0.650000 0.937500
vt 0.675000 0.000000
vt 0.650000 0.437500
vt 0.650000 0.875000
vt 0.650000 0.375000
vt 0.650000 0.812500
vt 0.650000 0.312500
vt 0.650000 0.750000
vt 0.650000 0.250000
vt 0.650000 0.687500
vt 0.600000 0.875000
vt 0.600000 0.812500
vt 0.600000 0.375000
vt 0.600000 0.312500
vt 0.600000 0.750000
vt 0.600000 0.250000
vt 0.600000 0.687500
vt 0.600000 0.187500
vt 0.600000 0.625000
vt 0.600000 0.125000
vt 0.600000 0.562500
vt 0.600000 0.062500
vt 0.600000 0.500000
vt 0.625000 1.000000
vt 0.600000 0.937500
vt 0.625000 0.000000
vt 0.600000 0.437500
vt 0.550000 0.625000
vt 0.550000 0.562500
vt 0.550000 0.125000
vt 0.550000 0.062500
vt 0.550000 0.500000
vt 0.575000 1.000000
vt 0.550000 0.937500
vt 0.575000 0.000000
vt 0.550000 0.437500
vt 0.550000 0.875000
vt 0.550000 0.375000
vt 0.550000 0.812500
vt 0.550000 0.312500
vt 0.550000 0.750000
vt 0.550000 0.250000
vt 0.550000 0.687500
vt 0.550000 0.187500
vt 0.500000 0.375000
vt 0.500000 0.312500
vt 0.500000 0.812500
vt 0.500000 0.750000
vt 0.500000 0.250000
vt 0.500000 0.687500
vt 0.500000 0.187500
vt 0.500000 0.625000
vt 0.500000 0.125000
vt 0.500000 0.562500
vt 0.500000 0.062500
vt 0.500000 0.500000
vt 0.525000 1.000000
vt 0.500000 0.937500
vt 0.525000 0.000000
vt 0.500000 0.437500
vt 0.500000 0.875000
vt 0.450000 0.125000
vt 0.450000 0.062500
vt 0.450000 0.562500
vt 0.450000 0.500000
vt 0.475000 1.000000
vt 0.450000 0.937500
vt 0.475000 0.000000
vt 0.450000 0.437500
vt 0.450000 0.875000
vt 0.450000 0.375000
vt 0.450000 0.812500
vt 0.450000 0.312500
vt 0.450000 0.750000
vt 0.450000 0.250000
vt 0.450000 0.687500
vt 0.450000 0.187500
vt 0.450000 0.625000
vt 0.400000 0.812500
vt 0.400000 0.750000
vt 0.400000 0.312500
vt 0.400000 0.250000
vt 0.400000 0.687500
vt 0.400000 0.187500
vt 0.400000 0.625000
vt 0.400000 0.125000
vt 0.400000 0.562500
vt 0.400000 0.062500
vt 0.400000 0.500000
vt 0.425000 1.000000
vt 0.400000 0.937500
vt 0.425000 0.000000
vt 0.400000 0.437500
vt 0.400000 0.875000
vt 0.400000 0.375000
vt 0.350000 0.562500
vt 0.350000 0.500000
vt 0.375000 1.000000
vt 0.350000 0.937500
vt 0.375000 0.000000
vt 0.350000 0.062500
vt 0.350000 0.437500
vt 0.350000 0.875000
vt 0.350000 0.375000
vt 0.350000 0.812500
vt 0.350000 0.312500
vt 0.350000 0.750000
vt 0.350000 0.250000
vt 0.350000 0.687500
vt 0.350000 0.187500
vt 0.350000 0.625000
vt 0.350000 0.125000
vt 0.300000 0.312500
vt 0.300000 0.250000
vt 0.300000 0.750000
vt 0.300000 0.687500
vt 0.300000 0.187500
vt 0.300000 0.625000
vt 0.300000 0.125000
vt 0.300000 0.562500
vt 0.300000 0.062500
vt 0.300000 0.500000
vt 0.325000 1.000000
vt 0.300000 0.937500
vt 0.325000 0.000000
vt 0.300000 0.437500
vt 0.300000 0.875000
vt 0.300000 0.375000
vt 0.300000 0.812500
vt 0.275000 0.000000
vt 0.250000 0.062500
vt 0.250000 0.500000
vt 0.250000 0.437500
vt 0.250000 0.937500
vt 0.250000 0.875000
vt 0.250000 0.375000
vt 0.250000 0.812500
vt 0.250000 0.312500
vt 0.250000 0.750000
vt 0.250000 0.250000
vt 0.250000 0.687500
vt 0.250000 0.187500
vt 0.250000 0.625000
vt 0.250000 0.125000
vt 0.250000 0.562500
vt 0.275000 1.000000
vt 0.200000 0.250000
vt 0.200000 0.187500
vt 0.200000 0.687500
vt 0.200000 0.625000
vt 0.200000 0.125000
vt 0.200000 0.562500
vt 0.200000 0.062500
vt 0.200000 0.500000
vt 0.225000 1.000000
vt 0.200000 0.937500
vt 0.225000 0.000000
vt 0.200000 0.437500
vt 0.200000 0.875000
vt 0.200000 0.375000
vt 0.200000 0.812500
vt 0.200000 0.312500
vt 0.200000 0.750000
vt 0.150000 0.937500
vt 0.150000 0.875000
vt 0.150000 0.437500
vt 0.150000 0.375000
vt 0.150000 0.812500
vt 0.150000 0.312500
vt 0.150000 0.750000
vt 0.150000 0.250000
vt 0.150000 0.687500
vt 0.150000 0.187500
vt 0.150000 0.625000
vt 0.150000 0.125000
vt 0.150000 0.562500
vt 0.150000 0.062500
vt 0.150000 0.500000
vt 0.175000 1.000000
vt 0.175000 0.000000
vt 0.100000 0.687500
vt 0.100000 0.625000
vt 0.100000 0.187500
vt 0.100000 0.125000
vt 0.100000 0.562500
vt 0.100000 0.062500
vt 0.100000 0.500000
vt 0.125000 1.000000
vt 0.100000 0.937500
vt 0.125000 0.000000
vt 0.100000 0.437500
vt 0.100000 0.875000
vt 0.100000 0.375000
vt 0.100000 0.812500
vt 0.100000 0.312500
vt 0.100000 0.750000
vt 0.100000 0.250000
vt 0.050000 0.437500
vt 0.050000 0.375000
vt 0.050000 0.875000
vt 0.050000 0.812500
vt 0.050000 0.312500
vt 0.050000 0.750000
vt 0.050000 0.250000
vt 0.050000 0.687500
vt 0.050000 0.187500
vt 0.050000 0.625000
vt 0.050000 0.125000
vt 0.050000 0.562500
vt 0.050000 0.062500
vt 0.050000 0.500000
vt 0.075000 1.000000
vt 0.050000 0.937500
vt 0.075000 0.000000
vt 0.000000 0.187500
vt 0.000000 0.125000
vt 0.000000 0.625000
vt 0.000000 0.562500
vt 0.000000 0.062500
vt 0.000000 0.500000
vt 0.025000 1.000000
vt 0.000000 0.937500
vt 0.025000 0.000000
vt 0.000000 0.437500
vt 0.000000 0.875000
vt 0.000000 0.375000
vt 0.000000 0.812500
vt 0.000000 0.312500
vt 0.000000 0.750000
vt 0.000000 0.250000
vt 0.000000 0.687500
vt 1.000000 0.812500
vt 1.000000 0.875000
vt 0.950000 0.875000
vt 0.950000 0.812500
vt 1.000000 0.312500
vt 1.000000 0.375000
vt 0.950000 0.375000
vt 0.950000 0.312500
vt 1.000000 0.750000
vt 0.950000 0.750000
vt 1.000000 0.250000
vt 0.950000 0.250000
vt 1.000000 0.687500
vt 0.950000 0.687500
vt 1.000000 0.187500
vt 0.950000 0.187500
vt 1.000000 0.625000
vt 0.950000 0.625000
vt 1.000000 0.125000
vt 0.950000 0.125000
vt 1.000000 0.562500
vt 0.950000 0.562500
vt 1.000000 0.062500
vt 0.950000 0.062500
vt 1.000000 0.500000
vt 0.950000 0.500000
vt 1.000000 0.937500
vt 0.975000 1.000000
vt 0.950000 0.937500
vt 0.975000 0.000000
vt 1.000000 0.437500
vt 0.950000 0.437500
vt 0.900000 0.625000
vt 0.900000 0.562500
vt 0.900000 0.125000
vt 0.900000 0.062500
vt 0.900000 0.500000
vt 0.925000 1.000000
vt 0.900000 0.937500
vt 0.925000 0.000000
vt 0.900000 0.437500
vt 0.900000 0.875000
vt 0.900000 0.375000
vt 0.900000 0.812500
vt 0.900000 0.312500
vt 0.900000 0.750000
vt 0.900000 0.250000
vt 0.900000 0.687500
vt 0.900000 0.187500
vt 0.850000 0.375000
vt 0.850000 0.312500
vt 0.850000 0.812500
vt 0.850000 0.750000
vt 0.850000 0.250000
vt 0.850000 0.687500
vt 0.850000 0.187500
vt 0.850000 0.625000
vt 0.850000 0.125000
vt 0.850000 0.562500
vt 0.850000 0.062500
vt 0.850000 0.500000
vt 0.875000 1.000000
vt 0.850000 0.937500
vt 0.875000 0.000000
vt 0.850000 0.437500
vt 0.850000 0.875000
vt 0.800000 0.125000
vt 0.800000 0.062500
vt 0.800000 0.562500
vt 0.800000 0.500000
vt 0.825000 1.000000
vt 0.800000 0.937500
vt 0.825000 0.000000
vt 0.800000 0.437500
vt 0.800000 0.875000
vt 0.800000 0.375000
vt 0.800000 0.812500
vt 0.800000 0.312500
vt 0.800000 0.750000
vt 0.800000 0.250000
vt 0.800000 0.687500
vt 0.800000 0.187500
vt 0.800000 0.625000
vt 0.775000 1.000000
vt 0.775000 0.000000
vt 0.625000 0.250000
vt 0.375000 0.250000
vt 0.625000 0.500000
vt 0.375000 0.500000
vt 0.625000 0.750000
vt 0.375000 0.750000
vt 0.125000 0.500000
vt 0.125000 0.750000
vt 0.875000 0.500000
vt 0.875000 0.750000
vt 0.750000 0.400000
vt 0.666667 0.500000
vt 0.666667 0.400000
vt 0.750000 0.700000
vt 0.750000 0.800000
vt 0.666667 0.800000
vt 0.666667 0.700000
vt 0.708333 0.000000
vt 0.750000 0.100000
vt 0.666667 0.100000
vt 0.750000 0.300000
vt 0.666667 0.300000
vt 0.750000 0.600000
vt 0.666667 0.600000
vt 0.750000 0.900000
vt 0.708333 1.000000
vt 0.666667 0.900000
vt 0.750000 0.200000
vt 0.666667 0.200000
vt 0.583333 0.500000
vt 0.583333 0.400000
vt 0.583333 0.800000
vt 0.583333 0.700000
vt 0.583333 0.100000
vt 0.583333 0.300000
vt 0.583333 0.600000
vt 0.583333 0.900000
vt 0.583333 0.200000
vt 0.500000 0.900000
vt 0.500000 0.800000
vt 0.500000 0.200000
vt 0.500000 0.100000
vt 0.500000 0.400000
vt 0.500000 0.700000
vt 0.541667 0.000000
vt 0.500000 0.300000
vt 0.500000 0.600000
vt 0.541667 1.000000
vt 0.416667 0.600000
vt 0.416667 0.500000
vt 0.416667 0.900000
vt 0.416667 0.800000
vt 0.416667 0.200000
vt 0.416667 0.100000
vt 0.416667 0.400000
vt 0.416667 0.700000
vt 0.458333 0.000000
vt 0.416667 0.300000
vt 0.458333 1.000000
vt 0.333333 0.900000
vt 0.333333 0.300000
vt 0.333333 0.200000
vt 0.333333 0.600000
vt 0.333333 0.500000
vt 0.333333 0.800000
vt 0.333333 0.100000
vt 0.333333 0.400000
vt 0.333333 0.700000
vt 0.250000 0.400000
vt 0.250000 0.300000
vt 0.250000 0.700000
vt 0.250000 0.600000
vt 0.291667 1.000000
vt 0.250000 0.900000
vt 0.250000 0.200000
vt 0.250000 0.800000
vt 0.250000 0.100000
vt 0.291667 0.000000
vt 0.166667 0.800000
vt 0.166667 0.700000
vt 0.208333 0.000000
vt 0.166667 0.100000
vt 0.166667 0.400000
vt 0.166667 0.300000
vt 0.166667 0.600000
vt 0.208333 1.000000
vt 0.166667 0.900000
vt 0.166667 0.200000
vt 0.166667 0.500000
vt 0.083333 0.500000
vt 0.083333 0.400000
vt 0.083333 0.800000
vt 0.083333 0.700000
vt 0.125000 0.000000
vt 0.083333 0.100000
vt 0.083333 0.300000
vt 0.083333 0.600000
vt 0.125000 1.000000
vt 0.083333 0.900000
vt 0.083333 0.200000
vt 0.000000 0.900000
vt 0.000000 0.800000
vt 0.000000 0.200000
vt 0.000000 0.100000
vt 0.000000 0.400000
vt 0.000000 0.700000
vt 0.041667 0.000000
vt 0.000000 0.300000
vt 0.000000 0.600000
vt 0.041667 1.000000
vt 1.000000 0.200000
vt 1.000000 0.300000
vt 0.916667 0.300000
vt 0.916667 0.200000
vt 1.000000 0.600000
vt 0.916667 0.600000
vt 0.916667 0.500000
vt 1.000000 0.800000
vt 1.000000 0.900000
vt 0.916667 0.900000
vt 0.916667 0.800000
vt 1.000000 0.100000
vt 0.916667 0.100000
vt 1.000000 0.400000
vt 0.916667 0.400000
vt 1.000000 0.700000
vt 0.916667 0.700000
vt 0.958333 0.000000
vt 0.958333 1.000000
vt 0.833333 0.700000
vt 0.833333 0.600000
vt 0.875000 1.000000
vt 0.833333 0.900000
vt 0.833333 0.300000
vt 0.833333 0.200000
vt 0.833333 0.500000
vt 0.833333 0.800000
vt 0.833333 0.100000
vt 0.833333 0.400000
vt 0.875000 0.000000
vt 0.791667 1.000000
vt 0.791667 0.000000
vt 0.750000 0.800000
vt 0.750000 0.200000
vt 0.750000 0.400000
vt 0.583333 0.400000
vt 0.541667 1.000000
vt 0.500000 0.200000
vt 0.500000 0.800000
vt 0.500000 0.400000
vt 0.500000 0.700000
vt 0.541667 0.000000
vt 0.416667 0.700000
vt 0.416667 0.500000
vt 0.416667 0.800000
vt 0.416667 0.400000
vt 0.333333 0.400000
vt 0.333333 0.700000
vt 0.333333 0.800000
vt 0.250000 0.400000
vt 0.250000 0.800000
vt 0.250000 0.700000
vt 0.291667 0.000000
vt 0.291667 1.000000
vt 0.166667 0.800000
vt 0.166667 0.400000
vt 0.166667 0.700000
vt 0.208333 0.000000
vt 0.208333 1.000000
vt 0.083333 0.900000
vt 0.083333 0.800000
vt 0.083333 0.200000
vt 0.083333 0.100000
vt 0.083333 0.400000
vt 0.083333 0.700000
vt 0.083333 0.300000
vt 0.000000 0.200000
vt 0.000000 0.800000
vt 0.000000 0.400000
vt 0.000000 0.700000
vt 1.000000 0.400000
vt 0.916667 0.400000
vt 1.000000 0.700000
vt 0.916667 0.700000
vt 1.000000 0.200000
vt 1.000000 0.800000
vt 0.916667 0.800000
vt 0.833333 0.800000
vt 0.833333 0.700000
vt 0.833333 0.100000
vt 0.833333 0.400000
vt 0.833333 0.300000
vt 0.833333 0.900000
vt 0.833333 0.200000
vt 0.714286 0.200000
vt 0.714286 0.300000
vt 0.642857 0.300000
vt 0.642857 0.200000
vt 0.714286 0.500000
vt 0.714286 0.600000
vt 0.642857 0.600000
vt 0.642857 0.500000
vt 0.714286 0.800000
vt 0.714286 0.900000
vt 0.642857 0.900000
vt 0.642857 0.800000
vt 0.714286 0.100000
vt 0.642857 0.100000
vt 0.714286 0.400000
vt 0.642857 0.400000
vt 0.714286 0.700000
vt 0.642857 0.700000
vt 0.678571 0.000000
vt 0.678571 1.000000
vt 0.571429 0.600000
vt 0.571429 0.500000
vt 0.571429 0.900000
vt 0.571429 0.800000
vt 0.571429 0.200000
vt 0.571429 0.100000
vt 0.571429 0.400000
vt 0.571429 0.700000
vt 0.607143 0.000000
vt 0.571429 0.300000
vt 0.607143 1.000000
vt 0.535714 1.000000
vt 0.500000 0.900000
vt 0.500000 0.800000
vt 0.500000 0.100000
vt 0.535714 0.000000
vt 0.428571 0.400000
vt 0.428571 0.300000
vt 0.428571 0.700000
vt 0.428571 0.600000
vt 0.464286 1.000000
vt 0.428571 0.900000
vt 0.428571 0.200000
vt 0.428571 0.500000
vt 0.428571 0.800000
vt 0.428571 0.100000
vt 0.464286 0.000000
vt 0.357143 0.800000
vt 0.357143 0.700000
vt 0.392857 0.000000
vt 0.357143 0.100000
vt 0.357143 0.400000
vt 0.357143 0.300000
vt 0.357143 0.600000
vt 0.392857 1.000000
vt 0.357143 0.900000
vt 0.357143 0.200000
vt 0.357143 0.500000
vt 0.285714 0.500000
vt 0.285714 0.400000
vt 0.285714 0.800000
vt 0.285714 0.700000
vt 0.321429 0.000000
vt 0.285714 0.100000
vt 0.285714 0.300000
vt 0.285714 0.600000
vt 0.321429 1.000000
vt 0.285714 0.900000
vt 0.285714 0.200000
vt 0.214286 0.900000
vt 0.214286 0.800000
vt 0.214286 0.200000
vt 0.214286 0.100000
vt 0.214286 0.500000
vt 0.214286 0.400000
vt 0.214286 0.700000
vt 0.250000 0.000000
vt 0.214286 0.300000
vt 0.214286 0.600000
vt 0.250000 1.000000
vt 0.142857 0.300000
vt 0.142857 0.200000
vt 0.142857 0.600000
vt 0.142857 0.500000
vt 0.142857 0.900000
vt 0.142857 0.800000
vt 0.142857 0.100000
vt 0.142857 0.400000
vt 0.142857 0.700000
vt 0.178571 0.000000
vt 0.178571 1.000000
vt 0.071429 0.700000
vt 0.071429 0.600000
vt 0.107143 1.000000
vt 0.071429 0.900000
vt 0.071429 0.300000
vt 0.071429 0.200000
vt 0.071429 0.500000
vt 0.071429 0.800000
vt 0.071429 0.100000
vt 0.071429 0.400000
vt 0.107143 0.000000
vt 0.035714 1.000000
vt 0.000000 0.900000
vt 0.000000 0.100000
vt 0.035714 0.000000
vt 0.928571 0.800000
vt 0.928571 0.700000
vt 0.964286 0.000000
vt 1.000000 0.100000
vt 0.928571 0.100000
vt 0.928571 0.400000
vt 0.928571 0.300000
vt 0.928571 0.600000
vt 1.000000 0.900000
vt 0.964286 1.000000
vt 0.928571 0.900000
vt 0.928571 0.200000
vt 0.928571 0.500000
vt 0.857143 0.200000
vt 0.857143 0.100000
vt 0.857143 0.500000
vt 0.857143 0.400000
vt 0.857143 0.800000
vt 0.857143 0.700000
vt 0.892857 0.000000
vt 0.857143 0.300000
vt 0.857143 0.600000
vt 0.892857 1.000000
vt 0.857143 0.900000
vt 0.785714 0.600000
vt 0.785714 0.500000
vt 0.785714 0.900000
vt 0.785714 0.800000
vt 0.785714 0.200000
vt 0.785714 0.100000
vt 0.785714 0.400000
vt 0.785714 0.700000
vt 0.821429 0.000000
vt 0.785714 0.300000
vt 0.821429 1.000000
vt 0.750000 1.000000
vt 0.750000 0.000000
vt 1.000000 1.000000
vt 0.928571 1.000000
vt 0.857143 1.000000
vt 0.785714 1.000000
vt 0.785714 0.500000
vt 0.714286 1.000000
vt 0.714286 0.500000
vt 0.642857 1.000000
vt 0.642857 0.500000
vt 0.571428 1.000000
vt 0.571428 0.500000
vt 0.500000 1.000000
vt 0.500000 0.500000
vt 0.428571 1.000000
vt 0.428571 0.500000
vt 0.357143 1.000000
vt 0.357143 0.500000
vt 0.285714 1.000000
vt 0.285714 0.500000
vt 0.214286 1.000000
vt 0.214286 0.500000
vt 0.142857 1.000000
vt 0.142857 0.500000
vt 0.354132 0.466233
vt 0.250000 0.490000
vt 0.145868 0.466233
vt 0.062360 0.399638
vt 0.016017 0.303405
vt 0.016017 0.196595
vt 0.062360 0.100362
vt 0.145868 0.033767
vt 0.250000 0.010000
vt 0.354132 0.033767
vt 0.437640 0.100362
vt 0.483983 0.196595
vt 0.483983 0.303405
vt 0.437640 0.399638
vt 0.071428 1.000000
vt 0.071428 0.500000
vt -0.000000 1.000000
vt -0.000000 0.500000
vt 0.750000 0.490000
vt 0.854132 0.466233
vt 0.937640 0.399638
vt 0.983983 0.303405
vt 0.983983 0.196595
vt 0.937640 0.100362
vt 0.854132 0.033767
vt 0.750000 0.010000
vt 0.645868 0.033767
vt 0.562360 0.100362
vt 0.516017 0.196595
vt 0.516017 0.303405
vt 0.562360 0.399638
vt 0.645868 0.466233
vt 0.354132 0.466233
vt 0.145868 0.466233
vt 0.016017 0.196595
vt 0.145868 0.033767
vt 0.354132 0.033767
vt 0.483983 0.196595
vt 0.854132 0.466233
vt 0.983983 0.196595
vt 0.854132 0.033767
vt 0.645868 0.033767
vt 0.516017 0.196595
vt 0.645868 0.466233
vt 0.750000 0.666667
vt 0.750000 0.750000
vt 0.687500 0.750000
vt 0.687500 0.666667
vt 0.750000 0.083333
vt 0.750000 0.166667
vt 0.687500 0.166667
vt 0.687500 0.083333
vt 0.750000 0.916667
vt 0.718750 1.000000
vt 0.687500 0.916667
vt 0.750000 0.333333
vt 0.750000 0.416667
vt 0.687500 0.416667
vt 0.687500 0.333333
vt 0.750000 0.583333
vt 0.687500 0.583333
vt 0.718750 0.000000
vt 0.750000 0.833333
vt 0.687500 0.833333
vt 0.750000 0.250000
vt 0.687500 0.250000
vt 0.687500 0.500000
vt 0.625000 0.916667
vt 0.625000 0.833333
vt 0.625000 0.333333
vt 0.625000 0.583333
vt 0.625000 0.166667
vt 0.625000 0.416667
vt 0.625000 0.666667
vt 0.625000 0.083333
vt 0.656250 1.000000
vt 0.656250 0.000000
vt 0.562500 0.166667
vt 0.562500 0.083333
vt 0.593750 1.000000
vt 0.562500 0.916667
vt 0.562500 0.416667
vt 0.562500 0.333333
vt 0.562500 0.666667
vt 0.562500 0.583333
vt 0.593750 0.000000
vt 0.562500 0.833333
vt 0.562500 0.250000
vt 0.562500 0.500000
vt 0.562500 0.750000
vt 0.500000 0.833333
vt 0.500000 0.750000
vt 0.500000 0.250000
vt 0.500000 0.166667
vt 0.500000 0.500000
vt 0.500000 0.416667
vt 0.500000 0.666667
vt 0.500000 0.083333
vt 0.531250 1.000000
vt 0.500000 0.916667
vt 0.500000 0.333333
vt 0.500000 0.583333
vt 0.531250 0.000000
vt 0.468750 0.000000
vt 0.437500 0.083333
vt 0.437500 0.916667
vt 0.437500 0.833333
vt 0.437500 0.333333
vt 0.437500 0.250000
vt 0.437500 0.583333
vt 0.437500 0.500000
vt 0.437500 0.750000
vt 0.437500 0.166667
vt 0.437500 0.416667
vt 0.437500 0.666667
vt 0.468750 1.000000
vt 0.375000 0.750000
vt 0.375000 0.666667
vt 0.375000 0.166667
vt 0.375000 0.083333
vt 0.406250 1.000000
vt 0.375000 0.916667
vt 0.375000 0.416667
vt 0.375000 0.333333
vt 0.375000 0.583333
vt 0.406250 0.000000
vt 0.375000 0.833333
vt 0.375000 0.250000
vt 0.312500 0.833333
vt 0.312500 0.750000
vt 0.312500 0.250000
vt 0.312500 0.166667
vt 0.312500 0.500000
vt 0.312500 0.416667
vt 0.312500 0.666667
vt 0.312500 0.083333
vt 0.343750 1.000000
vt 0.312500 0.916667
vt 0.312500 0.333333
vt 0.312500 0.583333
vt 0.343750 0.000000
vt 0.250000 0.666667
vt 0.250000 0.583333
vt 0.281250 0.000000
vt 0.250000 0.083333
vt 0.250000 0.916667
vt 0.250000 0.833333
vt 0.250000 0.333333
vt 0.250000 0.250000
vt 0.250000 0.500000
vt 0.250000 0.750000
vt 0.250000 0.166667
vt 0.250000 0.416667
vt 0.281250 1.000000
vt 0.187500 0.750000
vt 0.187500 0.666667
vt 0.187500 0.166667
vt 0.187500 0.083333
vt 0.218750 1.000000
vt 0.187500 0.916667
vt 0.187500 0.416667
vt 0.187500 0.333333
vt 0.187500 0.583333
vt 0.218750 0.000000
vt 0.187500 0.833333
vt 0.187500 0.250000
vt 0.187500 0.500000
vt 0.125000 0.583333
vt 0.125000 0.500000
vt 0.125000 0.833333
vt 0.125000 0.750000
vt 0.125000 0.250000
vt 0.125000 0.166667
vt 0.125000 0.416667
vt 0.125000 0.666667
vt 0.125000 0.083333
vt 0.156250 1.000000
vt 0.125000 0.916667
vt 0.125000 0.333333
vt 0.156250 0.000000
vt 0.062500 0.666667
vt 0.062500 0.583333
vt 0.093750 0.000000
vt 0.062500 0.083333
vt 0.062500 0.916667
vt 0.062500 0.833333
vt 0.062500 0.333333
vt 0.062500 0.250000
vt 0.062500 0.500000
vt 0.062500 0.750000
vt 0.062500 0.166667
vt 0.062500 0.416667
vt 0.093750 1.000000
vt 0.000000 0.416667
vt 0.000000 0.750000
vt 0.000000 0.666667
vt 0.000000 0.166667
vt 0.000000 0.083333
vt 0.031250 1.000000
vt 0.000000 0.916667
vt 0.000000 0.333333
vt 0.000000 0.583333
vt 0.031250 0.000000
vt 0.000000 0.833333
vt 0.000000 0.250000
vt 1.000000 0.583333
vt 0.937500 0.583333
vt 0.937500 0.500000
vt 1.000000 0.750000
vt 1.000000 0.833333
vt 0.937500 0.833333
vt 0.937500 0.750000
vt 1.000000 0.166667
vt 1.000000 0.250000
vt 0.937500 0.250000
vt 0.937500 0.166667
vt 1.000000 0.416667
vt 0.937500 0.416667
vt 1.000000 0.666667
vt 0.937500 0.666667
vt 1.000000 0.083333
vt 0.937500 0.083333
vt 1.000000 0.916667
vt 0.968750 1.000000
vt 0.937500 0.916667
vt 1.000000 0.333333
vt 0.937500 0.333333
vt 0.968750 0.000000
vt 0.875000 0.416667
vt 0.875000 0.333333
vt 0.875000 0.666667
vt 0.875000 0.583333
vt 0.906250 0.000000
vt 0.875000 0.083333
vt 0.875000 0.916667
vt 0.875000 0.833333
vt 0.875000 0.250000
vt 0.875000 0.500000
vt 0.875000 0.750000
vt 0.875000 0.166667
vt 0.906250 1.000000
vt 0.812500 0.500000
vt 0.812500 0.416667
vt 0.812500 0.750000
vt 0.812500 0.666667
vt 0.812500 0.166667
vt 0.812500 0.083333
vt 0.843750 1.000000
vt 0.812500 0.916667
vt 0.812500 0.333333
vt 0.812500 0.583333
vt 0.843750 0.000000
vt 0.812500 0.833333
vt 0.812500 0.250000
vt 0.781250 1.000000
vt 0.781250 0.000000
vt 0.916667 1.000000
vt 0.916667 0.500000
vt 0.833333 1.000000
vt 0.750000 1.000000
vt 0.750000 0.500000
vt 0.666667 1.000000
vt 0.666667 0.500000
vt 0.583333 1.000000
vt 0.583333 0.500000
vt 0.500000 1.000000
vt 0.500000 0.500000
vt 0.416667 1.000000
vt 0.416667 0.500000
vt 0.333333 1.000000
vt 0.333333 0.500000
vt 0.250000 1.000000
vt 0.250000 0.500000
vt 0.166667 1.000000
vt 0.166667 0.500000
vt 0.370000 0.457846
vt 0.130000 0.457846
vt 0.042154 0.370000
vt 0.010000 0.250000
vt 0.042154 0.130000
vt 0.130000 0.042154
vt 0.370000 0.042154
vt 0.457846 0.130000
vt 0.490000 0.250000
vt 0.457846 0.370000
vt 0.083333 1.000000
vt 0.083333 0.500000
vt 0.000000 1.000000
vt 0.000000 0.500000
vt 0.870000 0.457846
vt 0.957846 0.370000
vt 0.990000 0.250000
vt 0.957846 0.130000
vt 0.870000 0.042154
vt 0.630000 0.042154
vt 0.542154 0.130000
vt 0.510000 0.250000
vt 0.542154 0.370000
vt 0.630000 0.457846
vt 0.370000 0.457846
vt 0.250000 0.490000
vt 0.130000 0.457846
vt 0.042154 0.370000
vt 0.010000 0.250000
vt 0.042154 0.130000
vt 0.130000 0.042154
vt 0.250000 0.010000
vt 0.370000 0.042154
vt 0.457846 0.130000
vt 0.490000 0.250000
vt 0.457846 0.370000
vt 0.750000 0.490000
vt 0.870000 0.457846
vt 0.957846 0.370000
vt 0.957846 0.130000
vt 0.870000 0.042154
vt 0.750000 0.010000
vt 0.630000 0.042154
vt 0.542154 0.130000
vt 0.542154 0.370000
vt 0.630000 0.457846
vt 0.833333 1.000000
vt 0.833333 0.500000
vt 0.666667 1.000000
vt 0.666667 0.500000
vt 0.500000 1.000000
vt 0.500000 0.500000
vt 0.333333 1.000000
vt 0.333333 0.500000
vt 0.042154 0.370000
vt 0.042154 0.130000
vt 0.166667 1.000000
vt 0.166667 0.500000
vt -0.000000 1.000000
vt -0.000000 0.500000
vt 0.750000 0.750000
vt 0.750000 0.416667
vt 0.500000 0.416667
vt 0.500000 0.666667
vt 0.500000 0.833333
vt 0.437500 0.416667
vt 0.437500 0.666667
vt 0.468750 1.000000
vt 0.468750 0.000000
vt 0.437500 0.833333
vt 0.375000 0.500000
vt 0.375000 0.833333
vt 0.375000 0.750000
vt 0.375000 0.166667
vt 0.375000 0.416667
vt 0.375000 0.666667
vt 0.375000 0.083333
vt 0.375000 0.916667
vt 0.343750 1.000000
vt 0.312500 0.416667
vt 0.343750 0.000000
vt 0.312500 0.833333
vt 0.312500 0.750000
vt 0.250000 0.416667
vt 0.250000 0.750000
vt 0.281250 1.000000
vt 0.281250 0.000000
vt 0.250000 0.833333
vt 0.187500 0.750000
vt 0.187500 0.166667
vt 0.187500 0.416667
vt 0.218750 1.000000
vt 0.218750 0.000000
vt 0.125000 0.166667
vt 0.125000 0.083333
vt 0.125000 0.916667
vt 0.125000 0.416667
vt 0.125000 0.833333
vt 0.125000 0.500000
vt 0.125000 0.750000
vt 0.062500 0.833333
vt 0.062500 0.750000
vt 0.062500 0.166667
vt 0.062500 0.500000
vt 0.062500 0.416667
vt 0.062500 0.083333
vt 0.062500 0.916667
vt 0.031250 0.000000
vt 0.000000 0.750000
vt 0.000000 0.166667
vt 0.000000 0.416667
vt 0.031250 1.000000
vt 1.000000 0.750000
vt 0.937500 0.750000
vt 0.937500 0.666667
vt 1.000000 0.166667
vt 0.937500 0.166667
vt 0.937500 0.083333
vt 0.968750 1.000000
vt 0.937500 0.916667
vt 1.000000 0.416667
vt 0.937500 0.416667
vt 0.937500 0.333333
vt 0.968750 0.000000
vt 0.875000 0.750000
vt 0.875000 0.166667
vt 0.875000 0.083333
vt 0.875000 0.916667
vt 0.843750 0.000000
vt 0.812500 0.083333
vt 0.812500 0.916667
vt 0.812500 0.833333
vt 0.812500 0.500000
vt 0.812500 0.750000
vt 0.812500 0.166667
vt 0.843750 1.000000
vt 0.130000 0.042154
vt 0.370000 0.042154
vt 0.870000 0.042154
vt 0.630000 0.042154
vt 0.750000 0.250000
vt 0.750000 0.375000
vt 0.625000 0.375000
vt 0.750000 0.625000
vt 0.625000 0.625000
vt 0.750000 0.750000
vt 0.750000 0.875000
vt 0.625000 0.875000
vt 0.750000 0.125000
vt 0.625000 0.125000
vt 0.687500 1.000000
vt 0.687500 0.000000
vt 0.500000 0.250000
vt 0.500000 0.125000
vt 0.500000 0.750000
vt 0.562500 1.000000
vt 0.562500 0.000000
vt 0.375000 0.625000
vt 0.437500 1.000000
vt 0.375000 0.875000
vt 0.437500 0.000000
vt 0.375000 0.125000
vt 0.375000 0.375000
vt 0.312500 0.000000
vt 0.250000 0.125000
vt 0.250000 0.250000
vt 0.250000 0.875000
vt 0.250000 0.750000
vt 0.312500 1.000000
vt 0.125000 0.875000
vt 0.125000 0.250000
vt 0.125000 0.125000
vt 0.125000 0.375000
vt 0.125000 0.625000
vt 0.187500 1.000000
vt 0.187500 0.000000
vt 0.000000 0.125000
vt 0.000000 0.375000
vt 0.000000 0.625000
vt 0.062500 1.000000
vt 0.000000 0.875000
vt 0.062500 0.000000
vt 1.000000 0.875000
vt 0.937500 1.000000
vt 0.875000 0.875000
vt 0.937500 0.000000
vt 1.000000 0.125000
vt 0.875000 0.125000
vt 1.000000 0.375000
vt 0.875000 0.375000
vt 0.875000 0.250000
vt 0.875000 0.625000
vt 0.812500 1.000000
vt 0.812500 0.000000
s 1
usemtl Mat_ZombieFlesh
f 302/1/1 301/2/2 15/3/3 16/4/4
f 296/5/5 295/6/6 8/7/7 9/8/8
f 289/9/9 197/10/10 2/11/11
f 213/12/12 302/1/1 16/4/4
f 297/13/13 296/5/5 9/8/8 10/14/14
f 290/15/15 289/9/9 2/11/11 3/16/16
f 298/17/17 297/13/13 10/14/14 11/18/18
f 291/19/19 290/15/15 3/16/16 4/20/20
f 1/21/21 298/17/17 11/18/18 12/22/22
f 292/23/23 291/19/19 4/20/20 5/24/24
f 299/25/25 1/21/21 12/22/22 13/26/26
f 293/27/27 292/23/23 5/24/24 6/28/28
f 300/29/29 299/25/25 13/26/26 14/30/30
f 294/31/31 293/27/27 6/28/28 7/32/32
f 301/2/2 300/29/29 14/30/30 15/3/3
f 295/6/6 294/31/31 7/32/32 8/7/7
f 15/3/3 14/30/30 29/33/33 30/34/34
f 8/7/7 7/32/32 22/35/35 23/36/36
f 16/4/4 15/3/3 30/34/34 31/37/37
f 9/8/8 8/7/7 23/36/36 24/38/38
f 2/11/11 197/39/10 17/40/39
f 213/41/12 16/4/4 31/37/37
f 10/14/14 9/8/8 24/38/38 25/42/40
f 3/16/16 2/11/11 17/40/39 18/43/41
f 11/18/18 10/14/14 25/42/40 26/44/42
f 4/20/20 3/16/16 18/43/41 19/45/43
f 12/22/22 11/18/18 26/44/42 27/46/44
f 5/24/24 4/20/20 19/45/43 20/47/45
f 13/26/26 12/22/22 27/46/44 28/48/46
f 6/28/28 5/24/24 20/47/45 21/49/47
f 14/30/30 13/26/26 28/48/46 29/33/33
f 7/32/32 6/28/28 21/49/47 22/35/35
f 19/45/43 18/43/41 33/50/48 34/51/49
f 27/46/44 26/44/42 41/52/50 42/53/51
f 20/47/45 19/45/43 34/51/49 35/54/52
f 28/48/46 27/46/44 42/53/51 43/55/53
f 21/49/47 20/47/45 35/54/52 36/56/54
f 29/33/33 28/48/46 43/55/53 44/57/55
f 22/35/35 21/49/47 36/56/54 37/58/56
f 30/34/34 29/33/33 44/57/55 45/59/57
f 23/36/36 22/35/35 37/58/56 38/60/58
f 31/37/37 30/34/34 45/59/57 46/61/59
f 24/38/38 23/36/36 38/60/58 39/62/60
f 17/40/39 197/63/10 32/64/61
f 213/65/12 31/37/37 46/61/59
f 25/42/40 24/38/38 39/62/60 40/66/62
f 18/43/41 17/40/39 32/64/61 33/50/48
f 26/44/42 25/42/40 40/66/62 41/52/50
f 38/60/58 37/58/56 52/67/63 53/68/64
f 46/61/59 45/59/57 60/69/65 61/70/66
f 39/62/60 38/60/58 53/68/64 54/71/67
f 32/64/61 197/72/10 47/73/68
f 213/74/12 46/61/59 61/70/66
f 40/66/62 39/62/60 54/71/67 55/75/69
f 33/50/48 32/64/61 47/73/68 48/76/70
f 41/52/50 40/66/62 55/75/69 56/77/71
f 34/51/49 33/50/48 48/76/70 49/78/72
f 42/53/51 41/52/50 56/77/71 57/79/73
f 35/54/52 34/51/49 49/78/72 50/80/74
f 43/55/53 42/53/51 57/79/73 58/81/75
f 36/56/54 35/54/52 50/80/74 51/82/76
f 44/57/55 43/55/53 58/81/75 59/83/77
f 37/58/56 36/56/54 51/82/76 52/67/63
f 45/59/57 44/57/55 59/83/77 60/69/65
f 57/79/73 56/77/71 71/84/78 72/85/79
f 50/80/74 49/78/72 64/86/80 65/87/81
f 58/81/75 57/79/73 72/85/79 73/88/82
f 51/82/76 50/80/74 65/87/81 66/89/83
f 59/83/77 58/81/75 73/88/82 74/90/84
f 52/67/63 51/82/76 66/89/83 67/91/85
f 60/69/65 59/83/77 74/90/84 75/92/86
f 53/68/64 52/67/63 67/91/85 68/93/87
f 61/70/66 60/69/65 75/92/86 76/94/88
f 54/71/67 53/68/64 68/93/87 69/95/89
f 47/73/68 197/96/10 62/97/90
f 213/98/12 61/70/66 76/94/88
f 55/75/69 54/71/67 69/95/89 70/99/91
f 48/76/70 47/73/68 62/97/90 63/100/92
f 56/77/71 55/75/69 70/99/91 71/84/78
f 49/78/72 48/76/70 63/100/92 64/86/80
f 76/94/88 75/92/86 90/101/93 91/102/94
f 69/95/89 68/93/87 83/103/95 84/104/96
f 62/97/90 197/105/10 77/106/97
f 213/107/12 76/94/88 91/102/94
f 70/99/91 69/95/89 84/104/96 85/108/98
f 63/100/92 62/97/90 77/106/97 78/109/99
f 71/84/78 70/99/91 85/108/98 86/110/100
f 64/86/80 63/100/92 78/109/99 79/111/101
f 72/85/79 71/84/78 86/110/100 87/112/102
f 65/87/81 64/86/80 79/111/101 80/113/103
f 73/88/82 72/85/79 87/112/102 88/114/104
f 66/89/83 65/87/81 80/113/103 81/115/105
f 74/90/84 73/88/82 88/114/104 89/116/106
f 67/91/85 66/89/83 81/115/105 82/117/107
f 75/92/86 74/90/84 89/116/106 90/101/93
f 68/93/87 67/91/85 82/117/107 83/103/95
f 80/113/103 79/111/101 94/118/108 95/119/109
f 88/114/104 87/112/102 102/120/110 103/121/111
f 81/115/105 80/113/103 95/119/109 96/122/112
f 89/116/106 88/114/104 103/121/111 104/123/113
f 82/117/107 81/115/105 96/122/112 97/124/114
f 90/101/93 89/116/106 104/123/113 105/125/115
f 83/103/95 82/117/107 97/124/114 98/126/116
f 91/102/94 90/101/93 105/125/115 106/127/117
f 84/104/96 83/103/95 98/126/116 99/128/118
f 77/106/97 197/129/10 92/130/119
f 213/131/12 91/102/94 106/127/117
f 85/108/98 84/104/96 99/128/118 100/132/120
f 78/109/99 77/106/97 92/130/119 93/133/121
f 86/110/100 85/108/98 100/132/120 101/134/122
f 79/111/101 78/109/99 93/133/121 94/118/108
f 87/112/102 86/110/100 101/134/122 102/120/110
f 99/128/118 98/126/116 113/135/123 114/136/124
f 92/130/119 197/137/10 107/138/125
f 213/139/12 106/127/117 121/140/126
f 100/132/120 99/128/118 114/136/124 115/141/127
f 93/133/121 92/130/119 107/138/125 108/142/128
f 101/134/122 100/132/120 115/141/127 116/143/129
f 94/118/108 93/133/121 108/142/128 109/144/130
f 102/120/110 101/134/122 116/143/129 117/145/131
f 95/119/109 94/118/108 109/144/130 110/146/132
f 103/121/111 102/120/110 117/145/131 118/147/133
f 96/122/112 95/119/109 110/146/132 111/148/134
f 104/123/113 103/121/111 118/147/133 119/149/135
f 97/124/114 96/122/112 111/148/134 112/150/136
f 105/125/115 104/123/113 119/149/135 120/151/137
f 98/126/116 97/124/114 112/150/136 113/135/123
f 106/127/117 105/125/115 120/151/137 121/140/126
f 118/147/133 117/145/131 132/152/138 133/153/139
f 111/148/134 110/146/132 125/154/140 126/155/141
f 119/149/135 118/147/133 133/153/139 134/156/142
f 112/150/136 111/148/134 126/155/141 127/157/143
f 120/151/137 119/149/135 134/156/142 135/158/144
f 113/135/123 112/150/136 127/157/143 128/159/145
f 121/140/126 120/151/137 135/158/144 136/160/146
f 114/136/124 113/135/123 128/159/145 129/161/147
f 107/138/125 197/162/10 122/163/148
f 213/164/12 121/140/126 136/160/146
f 115/141/127 114/136/124 129/161/147 130/165/149
f 108/142/128 107/138/125 122/163/148 123/166/150
f 116/143/129 115/141/127 130/165/149 131/167/151
f 109/144/130 108/142/128 123/166/150 124/168/152
f 117/145/131 116/143/129 131/167/151 132/152/138
f 110/146/132 109/144/130 124/168/152 125/154/140
f 213/169/12 136/160/146 151/170/153
f 130/165/149 129/161/147 144/171/154 145/172/155
f 123/166/150 122/163/148 137/173/156 138/174/157
f 131/167/151 130/165/149 145/172/155 146/175/158
f 124/168/152 123/166/150 138/174/157 139/176/159
f 132/152/138 131/167/151 146/175/158 147/177/160
f 125/154/140 124/168/152 139/176/159 140/178/161
f 133/153/139 132/152/138 147/177/160 148/179/162
f 126/155/141 125/154/140 140/178/161 141/180/163
f 134/156/142 133/153/139 148/179/162 149/181/164
f 127/157/143 126/155/141 141/180/163 142/182/165
f 135/158/144 134/156/142 149/181/164 150/183/166
f 128/159/145 127/157/143 142/182/165 143/184/167
f 136/160/146 135/158/144 150/183/166 151/170/153
f 129/161/147 128/159/145 143/184/167 144/171/154
f 122/163/148 197/185/10 137/173/156
f 149/181/164 148/179/162 163/186/168 164/187/169
f 142/182/165 141/180/163 156/188/170 157/189/171
f 150/183/166 149/181/164 164/187/169 165/190/172
f 143/184/167 142/182/165 157/189/171 158/191/173
f 151/170/153 150/183/166 165/190/172 166/192/174
f 144/171/154 143/184/167 158/191/173 159/193/175
f 137/173/156 197/194/10 152/195/176
f 213/196/12 151/170/153 166/192/174
f 145/172/155 144/171/154 159/193/175 160/197/177
f 138/174/157 137/173/156 152/195/176 153/198/178
f 146/175/158 145/172/155 160/197/177 161/199/179
f 139/176/159 138/174/157 153/198/178 154/200/180
f 147/177/160 146/175/158 161/199/179 162/201/181
f 140/178/161 139/176/159 154/200/180 155/202/182
f 148/179/162 147/177/160 162/201/181 163/186/168
f 141/180/163 140/178/161 155/202/182 156/188/170
f 153/198/178 152/195/176 167/203/183 168/204/184
f 161/199/179 160/197/177 175/205/185 176/206/186
f 154/200/180 153/198/178 168/204/184 169/207/187
f 162/201/181 161/199/179 176/206/186 177/208/188
f 155/202/182 154/200/180 169/207/187 170/209/189
f 163/186/168 162/201/181 177/208/188 178/210/190
f 156/188/170 155/202/182 170/209/189 171/211/191
f 164/187/169 163/186/168 178/210/190 179/212/192
f 157/189/171 156/188/170 171/211/191 172/213/193
f 165/190/172 164/187/169 179/212/192 180/214/194
f 158/191/173 157/189/171 172/213/193 173/215/195
f 166/192/174 165/190/172 180/214/194 181/216/196
f 159/193/175 158/191/173 173/215/195 174/217/197
f 152/195/176 197/218/10 167/203/183
f 213/219/12 166/192/174 181/216/196
f 160/197/177 159/193/175 174/217/197 175/205/185
f 172/213/193 171/211/191 186/220/198 187/221/199
f 180/214/194 179/212/192 194/222/200 195/223/201
f 173/215/195 172/213/193 187/221/199 188/224/202
f 181/216/196 180/214/194 195/223/201 196/225/203
f 174/217/197 173/215/195 188/224/202 189/226/204
f 167/203/183 197/227/10 182/228/205
f 213/229/12 181/216/196 196/225/203
f 175/205/185 174/217/197 189/226/204 190/230/206
f 168/204/184 167/203/183 182/228/205 183/231/207
f 176/206/186 175/205/185 190/230/206 191/232/208
f 169/207/187 168/204/184 183/231/207 184/233/209
f 177/208/188 176/206/186 191/232/208 192/234/210
f 170/209/189 169/207/187 184/233/209 185/235/211
f 178/210/190 177/208/188 192/234/210 193/236/212
f 171/211/191 170/209/189 185/235/211 186/220/198
f 179/212/192 178/210/190 193/236/212 194/222/200
f 191/232/208 190/230/206 206/237/213 207/238/214
f 184/233/209 183/231/207 199/239/215 200/240/216
f 192/234/210 191/232/208 207/238/214 208/241/217
f 185/235/211 184/233/209 200/240/216 201/242/218
f 193/236/212 192/234/210 208/241/217 209/243/219
f 186/220/198 185/235/211 201/242/218 202/244/220
f 194/222/200 193/236/212 209/243/219 210/245/221
f 187/221/199 186/220/198 202/244/220 203/246/222
f 195/223/201 194/222/200 210/245/221 211/247/223
f 188/224/202 187/221/199 203/246/222 204/248/224
f 196/225/203 195/223/201 211/247/223 212/249/225
f 189/226/204 188/224/202 204/248/224 205/250/226
f 182/228/205 197/251/10 198/252/227
f 213/253/12 196/225/203 212/249/225
f 190/230/206 189/226/204 205/250/226 206/237/213
f 183/231/207 182/228/205 198/252/227 199/239/215
f 211/247/223 210/245/221 226/254/228 227/255/229
f 204/248/224 203/246/222 219/256/230 220/257/231
f 212/249/225 211/247/223 227/255/229 228/258/232
f 205/250/226 204/248/224 220/257/231 221/259/233
f 198/252/227 197/260/10 214/261/234
f 213/262/12 212/249/225 228/258/232
f 206/237/213 205/250/226 221/259/233 222/263/235
f 199/239/215 198/252/227 214/261/234 215/264/236
f 207/238/214 206/237/213 222/263/235 223/265/237
f 200/240/216 199/239/215 215/264/236 216/266/238
f 208/241/217 207/238/214 223/265/237 224/267/239
f 201/242/218 200/240/216 216/266/238 217/268/240
f 209/243/219 208/241/217 224/267/239 225/269/241
f 202/244/220 201/242/218 217/268/240 218/270/242
f 210/245/221 209/243/219 225/269/241 226/254/228
f 203/246/222 202/244/220 218/270/242 219/256/230
f 216/271/238 215/272/236 230/273/243 231/274/244
f 224/275/239 223/276/237 238/277/245 239/278/246
f 217/279/240 216/271/238 231/274/244 232/280/247
f 225/281/241 224/275/239 239/278/246 240/282/248
f 218/283/242 217/279/240 232/280/247 233/284/249
f 226/285/228 225/281/241 240/282/248 241/286/250
f 219/287/230 218/283/242 233/284/249 234/288/251
f 227/289/229 226/285/228 241/286/250 242/290/252
f 220/291/231 219/287/230 234/288/251 235/292/253
f 228/293/232 227/289/229 242/290/252 243/294/254
f 221/295/233 220/291/231 235/292/253 236/296/255
f 214/297/234 197/298/10 229/299/256
f 213/300/12 228/293/232 243/294/254
f 222/301/235 221/295/233 236/296/255 237/302/257
f 215/272/236 214/297/234 229/299/256 230/273/243
f 223/276/237 222/301/235 237/302/257 238/277/245
f 235/292/253 234/288/251 249/303/258 250/304/259
f 243/294/254 242/290/252 257/305/260 258/306/261
f 236/296/255 235/292/253 250/304/259 251/307/262
f 229/299/256 197/308/10 244/309/263
f 213/310/12 243/294/254 258/306/261
f 237/302/257 236/296/255 251/307/262 252/311/264
f 230/273/243 229/299/256 244/309/263 245/312/265
f 238/277/245 237/302/257 252/311/264 253/313/266
f 231/274/244 230/273/243 245/312/265 246/314/267
f 239/278/246 238/277/245 253/313/266 254/315/268
f 232/280/247 231/274/244 246/314/267 247/316/269
f 240/282/248 239/278/246 254/315/268 255/317/270
f 233/284/249 232/280/247 247/316/269 248/318/271
f 241/286/250 240/282/248 255/317/270 256/319/272
f 234/288/251 233/284/249 248/318/271 249/303/258
f 242/290/252 241/286/250 256/319/272 257/305/260
f 254/315/268 253/313/266 268/320/273 269/321/274
f 247/316/269 246/314/267 261/322/275 262/323/276
f 255/317/270 254/315/268 269/321/274 270/324/277
f 248/318/271 247/316/269 262/323/276 263/325/278
f 256/319/272 255/317/270 270/324/277 271/326/279
f 249/303/258 248/318/271 263/325/278 264/327/280
f 257/305/260 256/319/272 271/326/279 272/328/281
f 250/304/259 249/303/258 264/327/280 265/329/282
f 258/306/261 257/305/260 272/328/281 273/330/283
f 251/307/262 250/304/259 265/329/282 266/331/284
f 244/309/263 197/332/10 259/333/285
f 213/334/12 258/306/261 273/330/283
f 252/311/264 251/307/262 266/331/284 267/335/286
f 245/312/265 244/309/263 259/333/285 260/336/287
f 253/313/266 252/311/264 267/335/286 268/320/273
f 246/314/267 245/312/265 260/336/287 261/322/275
f 273/330/283 272/328/281 287/337/288 288/338/289
f 266/331/284 265/329/282 280/339/290 281/340/291
f 259/333/285 197/341/10 274/342/292
f 213/343/12 273/330/283 288/338/289
f 267/335/286 266/331/284 281/340/291 282/344/293
f 260/336/287 259/333/285 274/342/292 275/345/294
f 268/320/273 267/335/286 282/344/293 283/346/295
f 261/322/275 260/336/287 275/345/294 276/347/296
f 269/321/274 268/320/273 283/346/295 284/348/297
f 262/323/276 261/322/275 276/347/296 277/349/298
f 270/324/277 269/321/274 284/348/297 285/350/299
f 263/325/278 262/323/276 277/349/298 278/351/300
f 271/326/279 270/324/277 285/350/299 286/352/301
f 264/327/280 263/325/278 278/351/300 279/353/302
f 272/328/281 271/326/279 286/352/301 287/337/288
f 265/329/282 264/327/280 279/353/302 280/339/290
f 285/350/299 284/348/297 1/21/21 299/25/25
f 278/351/300 277/349/298 292/23/23 293/27/27
f 286/352/301 285/350/299 299/25/25 300/29/29
f 279/353/302 278/351/300 293/27/27 294/31/31
f 287/337/288 286/352/301 300/29/29 301/2/2
f 280/339/290 279/353/302 294/31/31 295/6/6
f 288/338/289 287/337/288 301/2/2 302/1/1
f 281/340/291 280/339/290 295/6/6 296/5/5
f 274/342/292 197/354/10 289/9/9
f 213/355/12 288/338/289 302/1/1
f 282/344/293 281/340/291 296/5/5 297/13/13
f 275/345/294 274/342/292 289/9/9 290/15/15
f 283/346/295 282/344/293 297/13/13 298/17/17
f 276/347/296 275/345/294 290/15/15 291/19/19
f 284/348/297 283/346/295 298/17/17 1/21/21
f 277/349/298 276/347/296 291/19/19 292/23/23
s 0
f 303/139/233 304/65/233 306/356/233 305/357/233
f 305/357/5 306/356/5 310/358/5 309/359/5
f 309/359/89 310/358/89 308/360/89 307/361/89
f 307/361/154 308/360/154 304/63/154 303/137/154
f 305/362/12 309/359/12 307/361/12 303/363/12
f 310/358/10 306/364/10 304/365/10 308/360/10
f 531/139/233 532/65/233 534/356/233 533/357/233
f 533/357/5 534/356/5 538/358/5 537/359/5
f 537/359/89 538/358/89 536/360/89 535/361/89
f 535/361/154 536/360/154 532/63/154 531/137/154
f 533/362/12 537/359/12 535/361/12 531/363/12
f 538/358/10 534/364/10 532/365/10 536/360/10
f 547/139/407 548/65/407 550/356/407 549/357/407
f 549/357/408 550/356/408 554/358/408 553/359/408
f 553/359/409 554/358/409 552/360/409 551/361/409
f 551/361/410 552/360/410 548/63/410 547/137/410
f 549/362/411 553/359/411 551/361/411 547/363/411
f 554/358/412 550/364/412 548/365/412 552/360/412
s 1
f 715/295/537 716/693/538 718/694/539 717/668/540
f 717/668/540 718/694/539 720/695/541 719/671/542
f 719/671/542 720/695/541 722/696/543 721/697/544
f 721/697/544 722/696/543 724/698/545 723/699/546
f 723/699/546 724/698/545 726/700/547 725/701/548
f 725/701/548 726/700/547 728/702/549 727/703/550
f 727/703/550 728/702/549 730/704/551 729/705/552
f 729/705/552 730/704/551 732/706/553 731/707/554
f 731/707/554 732/706/553 734/708/555 733/709/556
f 733/709/556 734/708/555 736/710/557 735/711/558
f 735/711/558 736/710/557 738/712/559 737/713/560
f 737/713/560 738/712/559 740/714/561 739/715/562
f 718/716/539 716/717/538 742/718/563 740/719/561 738/720/559 736/721/557 734/722/555 732/723/553 730/724/551 728/725/549 726/726/547 724/727/545 722/728/543 720/729/541
f 739/715/562 740/714/561 742/730/563 741/731/564
f 741/731/564 742/730/563 716/732/538 715/733/537
f 715/734/537 717/735/540 719/736/542 721/737/544 723/738/546 725/739/548 727/740/550 729/741/552 731/742/554 733/743/556 735/744/558 737/745/560 739/746/562 741/747/564
f 1061/295/795 1062/693/796 1064/972/797 1063/973/798
f 1063/973/798 1064/972/797 1066/974/799 1065/491/800
f 1065/491/800 1066/974/799 1068/975/801 1067/976/802
f 1067/976/802 1068/975/801 1070/977/803 1069/978/804
f 1069/978/804 1070/977/803 1072/979/805 1071/980/806
f 1071/980/806 1072/979/805 1074/981/807 1073/982/808
f 1073/982/808 1074/981/807 1076/983/809 1075/984/810
f 1075/984/810 1076/983/809 1078/985/811 1077/986/812
f 1077/986/812 1078/985/811 1080/987/813 1079/988/814
f 1079/988/814 1080/987/813 1082/989/815 1081/990/816
f 1064/1015/797 1062/1016/796 1084/1017/817 1082/1018/815 1080/1019/813 1078/1020/811 1076/1021/809 1074/1022/807 1072/1023/805 1070/1024/803 1068/1025/801 1066/1026/799
f 1081/990/816 1082/989/815 1084/1001/817 1083/1002/818
f 1083/1002/818 1084/1001/817 1062/1003/796 1061/1004/795
f 1061/1027/795 1063/1028/798 1065/1029/800 1067/1007/802 1069/1030/804 1071/1031/806 1073/1032/808 1075/1033/810 1077/1034/812 1079/1012/814 1081/1035/816 1083/1036/818
s 0
f 1085/139/233 1086/65/233 1088/356/233 1087/357/233
f 1087/357/5 1088/356/5 1092/358/5 1091/359/5
f 1091/359/89 1092/358/89 1090/360/89 1089/361/89
f 1089/361/154 1090/360/154 1086/63/154 1085/137/154
f 1087/362/12 1091/359/12 1089/361/12 1085/363/12
f 1092/358/10 1088/364/10 1086/365/10 1090/360/10
s 1
f 1093/295/819 1094/693/820 1096/1037/821 1095/1038/822
f 1095/1038/822 1096/1037/821 1098/1039/823 1097/1040/824
f 1097/1040/824 1098/1039/823 1100/1041/825 1099/1042/826
f 1099/1042/826 1100/1041/825 1102/1043/827 1101/1044/828
f 1096/1000/821 1094/717/820 1104/1045/829 1102/1046/827 1100/724/825 1098/998/823
f 1101/1044/828 1102/1043/827 1104/1047/829 1103/1048/830
f 1103/1048/830 1104/1047/829 1094/1049/820 1093/1050/819
f 1093/734/819 1095/1006/822 1097/1008/824 1099/741/826 1101/1011/828 1103/1013/830
f 1113/295/819 1114/693/820 1116/1037/821 1115/1038/822
f 1115/1038/822 1116/1037/821 1118/1039/823 1117/1040/824
f 1117/1040/824 1118/1039/823 1120/1041/825 1119/1042/826
f 1119/1042/826 1120/1041/825 1122/1043/827 1121/1044/828
f 1116/1000/821 1114/717/820 1124/1045/829 1122/1046/827 1120/724/825 1118/998/823
f 1121/1044/828 1122/1043/827 1124/1047/829 1123/1048/830
f 1123/1048/830 1124/1047/829 1114/1049/820 1113/1050/819
f 1113/734/819 1115/1006/822 1117/1008/824 1119/741/826 1121/1011/828 1123/1013/830
f 1133/295/819 1134/693/820 1136/1037/821 1135/1038/822
f 1135/1038/822 1136/1037/821 1138/1039/823 1137/1040/824
f 1137/1040/824 1138/1039/823 1140/1041/825 1139/1042/826
f 1139/1042/826 1140/1041/825 1142/1043/827 1141/1044/828
f 1136/1000/821 1134/717/820 1144/1045/829 1142/1046/827 1140/724/825 1138/998/823
f 1141/1044/828 1142/1043/827 1144/1047/829 1143/1048/830
f 1143/1048/830 1144/1047/829 1134/1049/820 1133/1050/819
f 1133/734/819 1135/1006/822 1137/1008/824 1139/741/826 1141/1011/828 1143/1013/830
f 1153/295/819 1154/693/820 1156/1037/821 1155/1038/822
f 1155/1038/822 1156/1037/821 1158/1039/823 1157/1040/824
f 1157/1040/824 1158/1039/823 1160/1041/825 1159/1042/826
f 1159/1042/826 1160/1041/825 1162/1043/827 1161/1044/828
f 1156/1000/821 1154/717/820 1164/1045/829 1162/1046/827 1160/724/825 1158/998/823
f 1161/1044/828 1162/1043/827 1164/1047/829 1163/1048/830
f 1163/1048/830 1164/1047/829 1154/1049/820 1153/1050/819
f 1153/734/819 1155/1006/822 1157/1008/824 1159/741/826 1161/1011/828 1163/1013/830
f 1173/295/819 1174/693/820 1176/1037/821 1175/1038/822
f 1175/1038/822 1176/1037/821 1178/1039/823 1177/1040/824
f 1177/1040/824 1178/1039/823 1180/1041/825 1179/1042/826
f 1179/1042/826 1180/1041/825 1182/1043/827 1181/1044/828
f 1176/1000/821 1174/717/820 1184/1045/829 1182/1046/827 1180/724/825 1178/998/823
f 1181/1044/828 1182/1043/827 1184/1047/829 1183/1048/830
f 1183/1048/830 1184/1047/829 1174/1049/820 1173/1050/819
f 1173/734/819 1175/1006/822 1177/1008/824 1179/741/826 1181/1011/828 1183/1013/830
f 1395/295/855 1396/693/856 1398/972/857 1397/973/858
f 1397/973/858 1398/972/857 1400/974/859 1399/491/860
f 1399/491/860 1400/974/859 1402/975/861 1401/976/862
f 1401/976/862 1402/975/861 1404/977/863 1403/978/864
f 1403/978/864 1404/977/863 1406/979/865 1405/980/866
f 1405/980/866 1406/979/865 1408/981/867 1407/982/868
f 1407/982/868 1408/981/867 1410/983/869 1409/984/870
f 1409/984/870 1410/983/869 1412/985/871 1411/986/872
f 1411/986/872 1412/985/871 1414/987/873 1413/988/874
f 1413/988/874 1414/987/873 1416/989/875 1415/990/876
f 1398/991/857 1396/717/856 1418/992/877 1416/993/875 1414/994/873 1412/995/871 1410/996/869 1408/724/867 1406/997/865 1404/998/863 1402/999/861 1400/1000/859
f 1415/990/876 1416/989/875 1418/1001/877 1417/1002/878
f 1417/1002/878 1418/1001/877 1396/1003/856 1395/1004/855
f 1395/734/855 1397/1005/858 1399/1006/860 1401/1007/862 1403/1008/864 1405/1009/866 1407/741/868 1409/1010/870 1411/1011/872 1413/1012/874 1415/1013/876 1417/1014/878
s 0
f 1427/139/233 1428/65/233 1430/356/233 1429/357/233
f 1429/357/5 1430/356/5 1434/358/5 1433/359/5
f 1433/359/89 1434/358/89 1432/360/89 1431/361/89
f 1431/361/154 1432/360/154 1428/63/154 1427/137/154
f 1429/362/12 1433/359/12 1431/361/12 1427/363/12
f 1434/358/10 1430/364/10 1428/365/10 1432/360/10
f 1565/139/233 1566/65/233 1568/356/233 1567/357/233
f 1567/357/5 1568/356/5 1572/358/5 1571/359/5
f 1571/359/89 1572/358/89 1570/360/89 1569/361/89
f 1569/361/154 1570/360/154 1566/63/154 1565/137/154
f 1567/362/12 1571/359/12 1569/361/12 1565/363/12
f 1572/358/10 1568/364/10 1566/365/10 1570/360/10
s 1
f 1597/295/879 1598/693/880 1600/972/881 1599/973/882
f 1599/973/882 1600/972/881 1602/974/883 1601/491/884
f 1601/491/884 1602/974/883 1604/975/885 1603/976/886
f 1603/976/886 1604/975/885 1606/977/887 1605/978/888
f 1605/978/888 1606/977/887 1608/979/889 1607/980/890
f 1607/980/890 1608/979/889 1610/981/891 1609/982/892
f 1609/982/892 1610/981/891 1612/983/893 1611/984/894
f 1611/984/894 1612/983/893 1614/985/895 1613/986/896
f 1613/986/896 1614/985/895 1616/987/897 1615/988/898
f 1615/988/898 1616/987/897 1618/989/899 1617/990/900
f 1600/991/881 1598/717/880 1620/992/901 1618/993/899 1616/994/897 1614/995/895 1612/996/893 1610/724/891 1608/997/889 1606/998/887 1604/999/885 1602/1000/883
f 1617/990/900 1618/989/899 1620/1001/901 1619/1002/902
f 1619/1002/902 1620/1001/901 1598/1003/880 1597/1004/879
f 1597/734/879 1599/1005/882 1601/1006/884 1603/1007/886 1605/1008/888 1607/1009/890 1609/741/892 1611/1010/894 1613/1011/896 1615/1012/898 1617/1013/900 1619/1014/902
usemtl Mat_ZombieEyeMilky
f 418/366/303 417/5/5 319/367/304 320/368/305
f 312/369/306 415/370/307 316/371/308 317/372/309
f 420/373/12 314/374/310 323/375/311
f 313/376/312 418/366/303 320/368/305 321/377/313
f 416/378/314 312/369/306 317/372/309 318/379/315
f 311/380/316 387/381/10 315/382/317
f 419/383/318 313/376/312 321/377/313 322/384/319
f 417/5/5 416/378/314 318/379/315 319/367/304
f 415/370/307 311/380/316 315/382/317 316/371/308
f 314/374/310 419/383/318 322/384/319 323/375/311
f 320/368/305 319/367/304 328/385/320 329/386/321
f 317/372/309 316/371/308 325/387/322 326/388/323
f 420/65/12 323/375/311 332/389/324
f 321/377/313 320/368/305 329/386/321 330/390/325
f 318/379/315 317/372/309 326/388/323 327/391/326
f 315/382/317 387/63/10 324/392/327
f 322/384/319 321/377/313 330/390/325 331/393/328
f 319/367/304 318/379/315 327/391/326 328/385/320
f 316/371/308 315/382/317 324/392/327 325/387/322
f 323/375/311 322/384/319 331/393/328 332/389/324
f 325/387/322 324/392/327 333/394/329 334/395/330
f 332/389/324 331/393/328 340/396/331 341/397/332
f 329/386/321 328/385/320 337/95/89 338/398/333
f 326/388/323 325/387/322 334/395/330 335/399/334
f 420/400/12 332/389/324 341/397/332
f 330/390/325 329/386/321 338/398/333 339/401/335
f 327/391/326 326/388/323 335/399/334 336/402/336
f 324/392/327 387/403/10 333/394/329
f 331/393/328 330/390/325 339/401/335 340/396/331
f 328/385/320 327/391/326 336/402/336 337/95/89
f 337/95/89 336/402/336 345/404/337 346/405/338
f 334/395/330 333/394/329 342/406/339 343/407/340
f 341/397/332 340/396/331 349/408/341 350/409/342
f 338/398/333 337/95/89 346/405/338 347/410/343
f 335/399/334 334/395/330 343/407/340 344/411/344
f 420/412/12 341/397/332 350/409/342
f 339/401/335 338/398/333 347/410/343 348/413/345
f 336/402/336 335/399/334 344/411/344 345/404/337
f 333/394/329 387/414/10 342/406/339
f 340/396/331 339/401/335 348/413/345 349/408/341
f 342/406/339 387/137/10 351/415/346
f 349/408/341 348/413/345 357/416/347 358/417/348
f 346/405/338 345/404/337 354/418/349 355/419/350
f 343/407/340 342/406/339 351/415/346 352/420/351
f 350/409/342 349/408/341 358/417/348 359/421/352
f 347/410/343 346/405/338 355/419/350 356/422/353
f 344/411/344 343/407/340 352/420/351 353/423/354
f 420/139/12 350/409/342 359/421/352
f 348/413/345 347/410/343 356/422/353 357/416/347
f 345/404/337 344/411/344 353/423/354 354/418/349
f 357/416/347 356/422/353 365/424/355 366/425/356
f 354/418/349 353/423/354 362/426/357 363/427/358
f 351/415/346 387/428/10 360/429/359
f 358/417/348 357/416/347 366/425/356 367/430/360
f 355/419/350 354/418/349 363/427/358 364/171/154
f 352/420/351 351/415/346 360/429/359 361/431/361
f 359/421/352 358/417/348 367/430/360 368/432/362
f 356/422/353 355/419/350 364/171/154 365/424/355
f 353/423/354 352/420/351 361/431/361 362/426/357
f 420/433/12 359/421/352 368/432/362
f 362/426/357 361/431/361 370/434/363 371/435/364
f 420/436/12 368/432/362 377/437/365
f 366/425/356 365/424/355 374/438/366 375/439/367
f 363/427/358 362/426/357 371/435/364 372/440/368
f 360/429/359 387/441/10 369/442/369
f 367/430/360 366/425/356 375/439/367 376/443/370
f 364/171/154 363/427/358 372/440/368 373/444/371
f 361/431/361 360/429/359 369/442/369 370/434/363
f 368/432/362 367/430/360 376/443/370 377/437/365
f 365/424/355 364/171/154 373/444/371 374/438/366
f 374/438/366 373/444/371 382/445/372 383/446/373
f 371/435/364 370/434/363 379/447/374 380/448/375
f 420/449/12 377/437/365 386/450/376
f 375/439/367 374/438/366 383/446/373 384/451/377
f 372/440/368 371/435/364 380/448/375 381/452/378
f 369/442/369 387/453/10 378/454/379
f 376/443/370 375/439/367 384/451/377 385/455/380
f 373/444/371 372/440/368 381/452/378 382/445/372
f 370/434/363 369/442/369 378/454/379 379/447/374
f 377/437/365 376/443/370 385/455/380 386/450/376
f 379/447/374 378/454/379 388/456/381 389/457/382
f 386/450/376 385/455/380 395/458/383 396/459/384
f 383/446/373 382/445/372 392/259/233 393/460/385
f 380/448/375 379/447/374 389/457/382 390/461/386
f 420/462/12 386/450/376 396/459/384
f 384/451/377 383/446/373 393/460/385 394/463/387
f 381/452/378 380/448/375 390/461/386 391/464/388
f 378/454/379 387/465/10 388/456/381
f 385/455/380 384/451/377 394/463/387 395/458/383
f 382/445/372 381/452/378 391/464/388 392/259/233
f 395/466/383 394/467/387 403/468/389 404/469/390
f 392/295/233 391/470/388 400/471/391 401/472/392
f 389/473/382 388/474/381 397/475/393 398/476/394
f 396/477/384 395/466/383 404/469/390 405/478/395
f 393/479/385 392/295/233 401/472/392 402/480/396
f 390/481/386 389/473/382 398/476/394 399/482/397
f 420/483/12 396/477/384 405/478/395
f 394/467/387 393/479/385 402/480/396 403/468/389
f 391/470/388 390/481/386 399/482/397 400/471/391
f 388/474/381 387/484/10 397/475/393
f 400/471/391 399/482/397 408/485/398 409/486/399
f 397/475/393 387/487/10 406/488/400
f 404/469/390 403/468/389 412/489/401 413/490/402
f 401/472/392 400/471/391 409/486/399 410/491/403
f 398/476/394 397/475/393 406/488/400 407/492/404
f 405/478/395 404/469/390 413/490/402 414/493/405
f 402/480/396 401/472/392 410/491/403 411/494/406
f 399/482/397 398/476/394 407/492/404 408/485/398
f 420/495/12 405/478/395 414/493/405
f 403/468/389 402/480/396 411/494/406 412/489/401
f 412/489/401 411/494/406 418/366/303 313/376/312
f 409/486/399 408/485/398 312/369/306 416/378/314
f 406/488/400 387/496/10 311/380/316
f 413/490/402 412/489/401 313/376/312 419/383/318
f 410/491/403 409/486/399 416/378/314 417/5/5
f 407/492/404 406/488/400 311/380/316 415/370/307
f 414/493/405 413/490/402 419/383/318 314/374/310
f 411/494/406 410/491/403 417/5/5 418/366/303
f 408/485/398 407/492/404 415/370/307 312/369/306
f 420/497/12 414/493/405 314/374/310
usemtl Mat_ZombieEyeBlood
f 526/5/5 525/378/314 424/379/315 425/367/304
f 523/498/307 522/380/316 421/382/317 422/371/308
f 530/374/310 529/499/318 428/384/319 429/375/311
f 527/500/303 526/5/5 425/367/304 426/368/305
f 524/369/306 523/498/307 422/371/308 423/372/309
f 484/373/12 530/374/310 429/375/311
f 528/376/312 527/500/303 426/368/305 427/377/313
f 525/378/314 524/369/306 423/372/309 424/379/315
f 522/380/316 494/381/10 421/382/317
f 529/499/318 528/376/312 427/377/313 428/384/319
f 425/367/304 424/379/315 433/391/326 434/385/320
f 422/371/308 421/382/317 430/392/327 431/387/322
f 429/375/311 428/384/319 437/393/328 438/389/324
f 426/368/305 425/367/304 434/385/320 435/501/321
f 423/372/309 422/371/308 431/387/322 432/388/323
f 484/65/12 429/375/311 438/389/324
f 427/377/313 426/368/305 435/501/321 436/390/325
f 424/379/315 423/372/309 432/388/323 433/391/326
f 421/382/317 494/63/10 430/392/327
f 428/384/319 427/377/313 436/390/325 437/393/328
f 430/392/327 494/502/10 439/394/329
f 437/393/328 436/390/325 445/401/335 446/503/331
f 434/385/320 433/391/326 442/402/336 443/95/89
f 431/387/322 430/392/327 439/394/329 440/504/330
f 438/389/324 437/393/328 446/503/331 447/397/332
f 435/501/321 434/385/320 443/95/89 444/505/333
f 432/388/323 431/387/322 440/504/330 441/506/334
f 484/507/12 438/389/324 447/397/332
f 436/390/325 435/501/321 444/505/333 445/401/335
f 433/391/326 432/388/323 441/506/334 442/402/336
f 442/402/336 441/506/334 450/508/344 451/404/337
f 439/394/329 494/414/10 448/406/339
f 446/503/331 445/401/335 454/413/345 455/408/341
f 443/95/89 442/402/336 451/404/337 452/509/338
f 440/504/330 439/394/329 448/406/339 449/510/340
f 447/397/332 446/503/331 455/408/341 456/409/342
f 444/505/333 443/95/89 452/509/338 453/511/343
f 441/506/334 440/504/330 449/510/340 450/508/344
f 484/412/12 447/397/332 456/409/342
f 445/401/335 444/505/333 453/511/343 454/413/345
f 484/139/12 456/409/342 465/421/352
f 454/413/345 453/511/343 462/512/353 463/416/347
f 451/404/337 450/508/344 459/513/354 460/418/349
f 448/406/339 494/137/10 457/415/346
f 455/408/341 454/413/345 463/416/347 464/417/348
f 452/509/338 451/404/337 460/418/349 461/419/350
f 449/510/340 448/406/339 457/415/346 458/514/351
f 456/409/342 455/408/341 464/417/348 465/421/352
f 453/511/343 452/509/338 461/419/350 462/512/353
f 450/508/344 449/510/340 458/514/351 459/513/354
f 462/512/353 461/419/350 470/171/154 471/515/355
f 459/513/354 458/514/351 467/516/361 468/517/357
f 484/518/12 465/421/352 474/432/362
f 463/416/347 462/512/353 471/515/355 472/425/356
f 460/418/349 459/513/354 468/517/357 469/427/358
f 457/415/346 494/519/10 466/429/359
f 464/417/348 463/416/347 472/425/356 473/430/360
f 461/419/350 460/418/349 469/427/358 470/171/154
f 458/514/351 457/415/346 466/429/359 467/516/361
f 465/421/352 464/417/348 473/430/360 474/432/362
f 467/516/361 466/429/359 475/442/369 476/520/363
f 474/432/362 473/430/360 482/443/370 483/437/365
f 471/515/355 470/171/154 479/444/371 480/521/366
f 468/517/357 467/516/361 476/520/363 477/522/364
f 484/523/12 474/432/362 483/437/365
f 472/425/356 471/515/355 480/521/366 481/439/367
f 469/427/358 468/517/357 477/522/364 478/440/368
f 466/429/359 494/524/10 475/442/369
f 473/430/360 472/425/356 481/439/367 482/443/370
f 470/171/154 469/427/358 478/440/368 479/444/371
f 479/444/371 478/440/368 488/452/378 489/445/372
f 476/520/363 475/442/369 485/525/379 486/526/374
f 483/437/365 482/443/370 492/527/380 493/528/376
f 480/521/366 479/444/371 489/445/372 490/529/373
f 477/522/364 476/520/363 486/526/374 487/530/375
f 484/229/12 483/437/365 493/528/376
f 481/439/367 480/521/366 490/529/373 491/531/377
f 478/440/368 477/522/364 487/530/375 488/452/378
f 475/442/369 494/227/10 485/525/379
f 482/443/370 481/439/367 491/531/377 492/527/380
f 485/525/379 494/465/10 495/456/381
f 492/527/380 491/531/377 501/463/387 502/532/383
f 489/445/372 488/452/378 498/464/388 499/259/233
f 486/526/374 485/525/379 495/456/381 496/533/382
f 493/528/376 492/527/380 502/532/383 503/459/384
f 490/529/373 489/445/372 499/259/233 500/534/385
f 487/530/375 486/526/374 496/533/382 497/535/386
f 484/462/12 493/528/376 503/459/384
f 491/531/377 490/529/373 500/534/385 501/463/387
f 488/452/378 487/530/375 497/535/386 498/464/388
f 501/467/387 500/536/385 509/537/396 510/468/389
f 498/470/388 497/538/386 506/539/397 507/471/391
f 495/474/381 494/484/10 504/475/393
f 502/540/383 501/467/387 510/468/389 511/469/390
f 499/295/233 498/470/388 507/471/391 508/472/392
f 496/541/382 495/474/381 504/475/393 505/542/394
f 503/477/384 502/540/383 511/469/390 512/478/395
f 500/536/385 499/295/233 508/472/392 509/537/396
f 497/538/386 496/541/382 505/542/394 506/539/397
f 484/483/12 503/477/384 512/478/395
f 506/539/397 505/542/394 514/543/404 515/544/398
f 484/334/12 512/478/395 521/545/405
f 510/468/389 509/537/396 518/546/406 519/547/401
f 507/471/391 506/539/397 515/544/398 516/486/399
f 504/475/393 494/332/10 513/548/400
f 511/469/390 510/468/389 519/547/401 520/549/402
f 508/472/392 507/471/391 516/486/399 517/491/403
f 505/542/394 504/475/393 513/548/400 514/543/404
f 512/478/395 511/469/390 520/549/402 521/545/405
f 509/537/396 508/472/392 517/491/403 518/546/406
f 518/546/406 517/491/403 526/5/5 527/500/303
f 515/544/398 514/543/404 523/498/307 524/369/306
f 484/497/12 521/545/405 530/374/310
f 519/547/401 518/546/406 527/500/303 528/376/312
f 516/486/399 515/544/398 524/369/306 525/378/314
f 513/548/400 494/496/10 522/380/316
f 520/549/402 519/547/401 528/376/312 529/499/318
f 517/491/403 516/486/399 525/378/314 526/5/5
f 514/543/404 513/548/400 522/380/316 523/498/307
f 521/545/405 520/549/402 529/499/318 530/374/310
s 0
usemtl Mat_ZombieGore
f 539/139/233 540/65/233 542/356/233 541/357/233
f 541/357/5 542/356/5 546/358/5 545/359/5
f 545/359/89 546/358/89 544/360/89 543/361/89
f 543/361/154 544/360/154 540/63/154 539/137/154
f 541/362/12 545/359/12 543/361/12 539/363/12
f 546/358/10 542/364/10 540/365/10 544/360/10
f 571/139/233 572/65/233 574/356/233 573/357/233
f 573/357/5 574/356/5 578/358/5 577/359/5
f 577/359/89 578/358/89 576/360/89 575/361/89
f 575/361/154 576/360/154 572/63/154 571/137/154
f 573/362/12 577/359/12 575/361/12 571/363/12
f 578/358/10 574/364/10 572/365/10 576/360/10
f 743/139/233 744/65/233 746/356/233 745/357/233
f 745/357/5 746/356/5 750/358/5 749/359/5
f 749/359/89 750/358/89 748/360/89 747/361/89
f 747/361/154 748/360/154 744/63/154 743/137/154
f 745/362/12 749/359/12 747/361/12 743/363/12
f 750/358/10 746/364/10 744/365/10 748/360/10
f 787/139/233 788/65/233 790/356/233 789/357/233
f 789/357/5 790/356/5 794/358/5 793/359/5
f 793/359/89 794/358/89 792/360/89 791/361/89
f 791/361/154 792/360/154 788/63/154 787/137/154
f 789/362/12 793/359/12 791/361/12 787/363/12
f 794/358/10 790/364/10 788/365/10 792/360/10
f 803/139/233 804/65/233 806/356/233 805/357/233
f 805/357/5 806/356/5 810/358/5 809/359/5
f 809/359/89 810/358/89 808/360/89 807/361/89
f 807/361/154 808/360/154 804/63/154 803/137/154
f 805/362/12 809/359/12 807/361/12 803/363/12
f 810/358/10 806/364/10 804/365/10 808/360/10
f 1419/139/233 1420/65/233 1422/356/233 1421/357/233
f 1421/357/5 1422/356/5 1426/358/5 1425/359/5
f 1425/359/89 1426/358/89 1424/360/89 1423/361/89
f 1423/361/154 1424/360/154 1420/63/154 1419/137/154
f 1421/362/12 1425/359/12 1423/361/12 1419/363/12
f 1426/358/10 1422/364/10 1420/365/10 1424/360/10
f 1467/139/233 1468/65/233 1470/356/233 1469/357/233
f 1469/357/5 1470/356/5 1474/358/5 1473/359/5
f 1473/359/89 1474/358/89 1472/360/89 1471/361/89
f 1471/361/154 1472/360/154 1468/63/154 1467/137/154
f 1469/362/12 1473/359/12 1471/361/12 1467/363/12
f 1474/358/10 1470/364/10 1468/365/10 1472/360/10
usemtl Mat_ZombieBone
f 555/139/233 556/65/233 558/356/233 557/357/233
f 557/357/5 558/356/5 562/358/5 561/359/5
f 561/359/89 562/358/89 560/360/89 559/361/89
f 559/361/154 560/360/154 556/63/154 555/137/154
f 557/362/12 561/359/12 559/361/12 555/363/12
f 562/358/10 558/364/10 556/365/10 560/360/10
f 563/139/233 564/65/233 566/356/233 565/357/233
f 565/357/5 566/356/5 570/358/5 569/359/5
f 569/359/89 570/358/89 568/360/89 567/361/89
f 567/361/154 568/360/154 564/63/154 563/137/154
f 565/362/12 569/359/12 567/361/12 563/363/12
f 570/358/10 566/364/10 564/365/10 568/360/10
f 579/139/233 580/65/233 582/356/233 581/357/233
f 581/357/5 582/356/5 586/358/5 585/359/5
f 585/359/89 586/358/89 584/360/89 583/361/89
f 583/361/154 584/360/154 580/63/154 579/137/154
f 581/362/12 585/359/12 583/361/12 579/363/12
f 586/358/10 582/364/10 580/365/10 584/360/10
f 795/139/233 796/65/233 798/356/233 797/357/233
f 797/357/5 798/356/5 802/358/5 801/359/5
f 801/359/89 802/358/89 800/360/89 799/361/89
f 799/361/154 800/360/154 796/63/154 795/137/154
f 797/362/12 801/359/12 799/361/12 795/363/12
f 802/358/10 798/364/10 796/365/10 800/360/10
f 811/139/233 812/65/233 814/356/233 813/357/233
f 813/357/5 814/356/5 818/358/5 817/359/5
f 817/359/89 818/358/89 816/360/89 815/361/89
f 815/361/154 816/360/154 812/63/154 811/137/154
f 813/362/12 817/359/12 815/361/12 811/363/12
f 818/358/10 814/364/10 812/365/10 816/360/10
f 819/139/233 820/65/233 822/356/233 821/357/233
f 821/357/5 822/356/5 826/358/5 825/359/5
f 825/359/89 826/358/89 824/360/89 823/361/89
f 823/361/154 824/360/154 820/63/154 819/137/154
f 821/362/12 825/359/12 823/361/12 819/363/12
f 826/358/10 822/364/10 820/365/10 824/360/10
f 827/139/233 828/65/233 830/356/233 829/357/233
f 829/357/5 830/356/5 834/358/5 833/359/5
f 833/359/89 834/358/89 832/360/89 831/361/89
f 831/361/154 832/360/154 828/63/154 827/137/154
f 829/362/12 833/359/12 831/361/12 827/363/12
f 834/358/10 830/364/10 828/365/10 832/360/10
f 1105/139/233 1106/65/233 1108/356/233 1107/357/233
f 1107/357/5 1108/356/5 1112/358/5 1111/359/5
f 1111/359/89 1112/358/89 1110/360/89 1109/361/89
f 1109/361/154 1110/360/154 1106/63/154 1105/137/154
f 1107/362/12 1111/359/12 1109/361/12 1105/363/12
f 1112/358/10 1108/364/10 1106/365/10 1110/360/10
f 1125/139/233 1126/65/233 1128/356/233 1127/357/233
f 1127/357/5 1128/356/5 1132/358/5 1131/359/5
f 1131/359/89 1132/358/89 1130/360/89 1129/361/89
f 1129/361/154 1130/360/154 1126/63/154 1125/137/154
f 1127/362/12 1131/359/12 1129/361/12 1125/363/12
f 1132/358/10 1128/364/10 1126/365/10 1130/360/10
f 1145/139/233 1146/65/233 1148/356/233 1147/357/233
f 1147/357/5 1148/356/5 1152/358/5 1151/359/5
f 1151/359/89 1152/358/89 1150/360/89 1149/361/89
f 1149/361/154 1150/360/154 1146/63/154 1145/137/154
f 1147/362/12 1151/359/12 1149/361/12 1145/363/12
f 1152/358/10 1148/364/10 1146/365/10 1150/360/10
f 1165/139/233 1166/65/233 1168/356/233 1167/357/233
f 1167/357/5 1168/356/5 1172/358/5 1171/359/5
f 1171/359/89 1172/358/89 1170/360/89 1169/361/89
f 1169/361/154 1170/360/154 1166/63/154 1165/137/154
f 1167/362/12 1171/359/12 1169/361/12 1165/363/12
f 1172/358/10 1168/364/10 1166/365/10 1170/360/10
f 1185/139/233 1186/65/233 1188/356/233 1187/357/233
f 1187/357/5 1188/356/5 1192/358/5 1191/359/5
f 1191/359/89 1192/358/89 1190/360/89 1189/361/89
f 1189/361/154 1190/360/154 1186/63/154 1185/137/154
f 1187/362/12 1191/359/12 1189/361/12 1185/363/12
f 1192/358/10 1188/364/10 1186/365/10 1190/360/10
s 1
f 1531/1131/903 1530/1132/904 1479/1133/905 1480/356/906
f 1529/5/5 1528/1134/907 1477/1135/908 1478/358/625
f 1527/1136/909 1526/1137/910 1475/1138/911 1476/360/912
f 1532/1139/913 1531/1131/903 1480/356/906 1481/1140/914
f 1530/1132/904 1529/5/5 1478/358/625 1479/1133/905
f 1528/1134/907 1527/1136/909 1476/360/912 1477/1135/908
f 1526/1137/910 1525/1141/10 1475/1138/911
f 1524/1142/12 1532/1139/913 1481/1140/914
f 1481/1140/914 1480/356/906 1487/1143/915 1488/1144/916
f 1479/1133/905 1478/358/625 1485/95/89 1486/84/917
f 1477/1135/908 1476/360/912 1483/1145/918 1484/91/919
f 1475/1138/911 1525/1146/10 1482/100/920
f 1524/1147/12 1481/1140/914 1488/1144/916
f 1480/356/906 1479/1133/905 1486/84/917 1487/1143/915
f 1478/358/625 1477/1135/908 1484/91/919 1485/95/89
f 1476/360/912 1475/1138/911 1482/100/920 1483/1145/918
f 1484/91/919 1483/1145/918 1490/361/921 1491/1148/922
f 1482/100/920 1525/1149/10 1489/1150/923
f 1524/1151/12 1488/1144/916 1495/1152/924
f 1487/1143/915 1486/84/917 1493/1153/925 1494/357/926
f 1485/95/89 1484/91/919 1491/1148/922 1492/359/673
f 1483/1145/918 1482/100/920 1489/1150/923 1490/361/921
f 1488/1144/916 1487/1143/915 1494/357/926 1495/1152/924
f 1486/84/917 1485/95/89 1492/359/673 1493/1153/925
f 1524/1154/12 1495/1152/924 1502/1155/927
f 1494/357/926 1493/1153/925 1500/175/928 1501/1156/929
f 1492/359/673 1491/1148/922 1498/182/930 1499/171/154
f 1490/361/921 1489/1150/923 1496/1157/931 1497/1158/932
f 1495/1152/924 1494/357/926 1501/1156/929 1502/1155/927
f 1493/1153/925 1492/359/673 1499/171/154 1500/175/928
f 1491/1148/922 1490/361/921 1497/1158/932 1498/182/930
f 1489/1150/923 1525/1159/10 1496/1157/931
f 1497/1158/932 1496/1157/931 1503/1160/933 1504/363/934
f 1502/1155/927 1501/1156/929 1508/1161/935 1509/1162/936
f 1500/175/928 1499/171/154 1506/362/707 1507/1163/937
f 1498/182/930 1497/1158/932 1504/363/934 1505/1164/938
f 1496/1157/931 1525/1165/10 1503/1160/933
f 1524/1166/12 1502/1155/927 1509/1162/936
f 1501/1156/929 1500/175/928 1507/1163/937 1508/1161/935
f 1499/171/154 1498/182/930 1505/1164/938 1506/362/707
f 1509/1162/936 1508/1161/935 1515/920/939 1516/1167/940
f 1507/1163/937 1506/362/707 1513/259/233 1514/1168/941
f 1505/1164/938 1504/363/934 1511/1099/942 1512/1169/943
f 1503/1160/933 1525/1170/10 1510/1171/944
f 1524/1172/12 1509/1162/936 1516/1167/940
f 1508/1161/935 1507/1163/937 1514/1168/941 1515/920/939
f 1506/362/707 1505/1164/938 1512/1169/943 1513/259/233
f 1504/363/934 1503/1160/933 1510/1171/944 1511/1099/942
f 1510/1173/944 1525/1174/10 1517/1175/945
f 1524/1176/12 1516/1177/940 1523/1178/946
f 1515/929/939 1514/1179/941 1521/1180/947 1522/1181/948
f 1513/295/233 1512/287/943 1519/1182/949 1520/364/757
f 1511/1103/942 1510/1173/944 1517/1175/945 1518/365/950
f 1516/1177/940 1515/929/939 1522/1181/948 1523/1178/946
f 1514/1179/941 1513/295/233 1520/364/757 1521/1180/947
f 1512/287/943 1511/1103/942 1518/365/950 1519/1182/949
f 1522/1181/948 1521/1180/947 1530/1132/904 1531/1131/903
f 1520/364/757 1519/1182/949 1528/1134/907 1529/5/5
f 1518/365/950 1517/1175/945 1526/1137/910 1527/1136/909
f 1523/1178/946 1522/1181/948 1531/1131/903 1532/1139/913
f 1521/1180/947 1520/364/757 1529/5/5 1530/1132/904
f 1519/1182/949 1518/365/950 1527/1136/909 1528/1134/907
f 1517/1175/945 1525/1183/10 1526/1137/910
f 1524/1184/12 1523/1178/946 1532/1139/913
usemtl Mat_ZombieHair
f 590/550/413 714/551/414 599/552/415 600/553/416
f 589/554/5 588/555/417 596/556/418 597/557/419
f 712/558/420 711/559/421 593/560/422 594/561/423
f 591/562/424 590/550/413 600/553/416 601/563/425
f 713/564/426 589/554/5 597/557/419 598/565/427
f 587/566/428 712/558/420 594/561/423 595/567/429
f 674/568/12 591/562/424 601/563/425
f 714/551/414 713/564/426 598/565/427 599/552/415
f 588/555/417 587/566/428 595/567/429 596/556/418
f 711/559/421 592/569/10 593/560/422
f 597/557/419 596/556/418 605/570/430 606/571/431
f 594/561/423 593/560/422 602/572/432 603/573/433
f 601/563/425 600/553/416 609/574/434 610/575/435
f 598/565/427 597/557/419 606/571/431 607/576/436
f 595/567/429 594/561/423 603/573/433 604/577/437
f 674/578/12 601/563/425 610/575/435
f 599/552/415 598/565/427 607/576/436 608/579/438
f 596/556/418 595/567/429 604/577/437 605/570/430
f 593/560/422 592/580/10 602/572/432
f 600/553/416 599/552/415 608/579/438 609/574/434
f 602/572/432 592/581/10 611/582/439
f 609/574/434 608/579/438 617/401/440 618/396/441
f 606/571/431 605/570/430 614/402/442 615/95/443
f 603/573/433 602/572/432 611/582/439 612/583/444
f 610/575/435 609/574/434 618/396/441 619/584/445
f 607/576/436 606/571/431 615/95/443 616/398/446
f 604/577/437 603/573/433 612/583/444 613/399/447
f 674/585/12 610/575/435 619/584/445
f 608/579/438 607/576/436 616/398/446 617/401/440
f 605/570/430 604/577/437 613/399/447 614/402/442
f 617/401/440 616/398/446 625/586/448 626/587/449
f 614/402/442 613/399/447 622/588/450 623/589/451
f 611/582/439 592/590/10 620/591/452
f 618/396/441 617/401/440 626/587/449 627/592/453
f 615/95/443 614/402/442 623/589/451 624/593/454
f 612/583/444 611/582/439 620/591/452 621/594/455
f 619/584/445 618/396/441 627/592/453 628/595/456
f 616/398/446 615/95/443 624/593/454 625/586/448
f 613/399/447 612/583/444 621/594/455 622/588/450
f 674/596/12 619/584/445 628/595/456
f 622/588/450 621/594/455 630/597/457 631/598/458
f 674/599/12 628/595/456 637/600/459
f 626/587/449 625/586/448 634/601/460 635/602/461
f 623/589/451 622/588/450 631/598/458 632/603/462
f 620/591/452 592/604/10 629/605/463
f 627/592/453 626/587/449 635/602/461 636/606/464
f 624/593/454 623/589/451 632/603/462 633/607/465
f 621/594/455 620/591/452 629/605/463 630/597/457
f 628/595/456 627/592/453 636/606/464 637/600/459
f 625/586/448 624/593/454 633/607/465 634/601/460
f 634/601/460 633/607/465 642/608/466 643/609/467
f 631/598/458 630/597/457 639/610/468 640/611/469
f 674/612/12 637/600/459 646/613/470
f 635/602/461 634/601/460 643/609/467 644/614/471
f 632/603/462 631/598/458 640/611/469 641/615/472
f 629/605/463 592/616/10 638/617/473
f 636/606/464 635/602/461 644/614/471 645/618/474
f 633/607/465 632/603/462 641/615/472 642/608/466
f 630/597/457 629/605/463 638/617/473 639/610/468
f 637/600/459 636/606/464 645/618/474 646/613/470
f 639/610/468 638/617/473 647/619/475 648/620/476
f 646/613/470 645/618/474 654/621/477 655/622/478
f 643/609/467 642/608/466 651/623/154 652/624/479
f 640/611/469 639/610/468 648/620/476 649/625/480
f 674/626/12 646/613/470 655/622/478
f 644/614/471 643/609/467 652/624/479 653/627/481
f 641/615/472 640/611/469 649/625/480 650/628/482
f 638/617/473 592/629/10 647/619/475
f 645/618/474 644/614/471 653/627/481 654/621/477
f 642/608/466 641/615/472 650/628/482 651/623/154
f 654/621/477 653/627/481 662/630/483 663/631/484
f 651/623/154 650/628/482 659/632/485 660/633/486
f 648/620/476 647/619/475 656/634/487 657/635/488
f 655/622/478 654/621/477 663/631/484 664/636/489
f 652/624/479 651/623/154 660/633/486 661/637/490
f 649/625/480 648/620/476 657/635/488 658/638/491
f 674/639/12 655/622/478 664/636/489
f 653/627/481 652/624/479 661/637/490 662/630/483
f 650/628/482 649/625/480 658/638/491 659/632/485
f 647/619/475 592/640/10 656/634/487
f 659/632/485 658/638/491 667/641/492 668/642/493
f 656/634/487 592/643/10 665/644/494
f 663/631/484 662/630/483 671/645/495 672/646/496
f 660/633/486 659/632/485 668/642/493 669/647/497
f 657/635/488 656/634/487 665/644/494 666/648/498
f 664/636/489 663/631/484 672/646/496 673/649/499
f 661/637/490 660/633/486 669/647/497 670/650/500
f 658/638/491 657/635/488 666/648/498 667/641/492
f 674/651/12 664/636/489 673/649/499
f 662/630/483 661/637/490 670/650/500 671/645/495
f 671/645/495 670/650/500 680/460/501 681/463/502
f 668/642/493 667/641/492 677/461/503 678/464/504
f 665/644/494 592/652/10 675/653/505
f 672/646/496 671/645/495 681/463/502 682/458/506
f 669/647/497 668/642/493 678/464/504 679/259/507
f 666/648/498 665/644/494 675/653/505 676/457/508
f 673/649/499 672/646/496 682/458/506 683/654/509
f 670/650/500 669/647/497 679/259/507 680/460/501
f 667/641/492 666/648/498 676/457/508 677/461/503
f 674/655/12 673/649/499 683/654/509
f 677/481/503 676/473/508 685/656/510 686/657/511
f 674/658/12 683/659/509 692/660/512
f 681/467/502 680/479/501 689/661/513 690/662/514
f 678/470/504 677/481/503 686/657/511 687/663/515
f 675/664/505 592/665/10 684/666/516
f 682/466/506 681/467/502 690/662/514 691/667/517
f 679/295/507 678/470/504 687/663/515 688/668/518
f 676/473/508 675/664/505 684/666/516 685/656/510
f 683/659/509 682/466/506 691/667/517 692/660/512
f 680/479/501 679/295/507 688/668/518 689/661/513
f 692/660/512 691/667/517 700/669/519 701/670/520
f 689/661/513 688/668/518 697/671/521 698/672/522
f 686/657/511 685/656/510 694/673/523 695/674/524
f 674/675/12 692/660/512 701/670/520
f 690/662/514 689/661/513 698/672/522 699/676/525
f 687/663/515 686/657/511 695/674/524 696/677/526
f 684/666/516 592/678/10 693/679/527
f 691/667/517 690/662/514 699/676/525 700/669/519
f 688/668/518 687/663/515 696/677/526 697/671/521
f 685/656/510 684/666/516 693/679/527 694/673/523
f 697/671/521 696/677/526 705/680/528 706/681/529
f 694/673/523 693/679/527 702/682/530 703/683/531
f 701/670/520 700/669/519 709/684/532 710/685/533
f 698/672/522 697/671/521 706/681/529 707/686/534
f 695/674/524 694/673/523 703/683/531 704/687/535
f 674/688/12 701/670/520 710/685/533
f 699/676/525 698/672/522 707/686/534 708/689/536
f 696/677/526 695/674/524 704/687/535 705/680/528
f 693/679/527 592/690/10 702/682/530
f 700/669/519 699/676/525 708/689/536 709/684/532
f 702/682/530 592/691/10 711/559/421
f 709/684/532 708/689/536 714/551/414 590/550/413
f 706/681/529 705/680/528 588/555/417 589/554/5
f 703/683/531 702/682/530 711/559/421 712/558/420
f 710/685/533 709/684/532 590/550/413 591/562/424
f 707/686/534 706/681/529 589/554/5 713/564/426
f 704/687/535 703/683/531 712/558/420 587/566/428
f 674/692/12 710/685/533 591/562/424
f 708/689/536 707/686/534 713/564/426 714/551/414
f 705/680/528 704/687/535 587/566/428 588/555/417
s 0
usemtl Mat_ZombieTornShirt
f 751/139/565 752/65/565 754/356/565 753/357/565
f 753/357/566 754/356/566 758/358/566 757/359/566
f 757/359/567 758/358/567 756/360/567 755/361/567
f 755/361/568 756/360/568 752/63/568 751/137/568
f 753/362/569 757/359/569 755/361/569 751/363/569
f 758/358/570 754/364/570 752/365/570 756/360/570
s 1
f 759/295/571 760/693/572 762/694/573 761/668/574
f 761/668/574 762/694/573 764/695/575 763/671/576
f 763/671/576 764/695/575 766/696/577 765/697/578
f 765/697/578 766/696/577 768/698/579 767/699/580
f 767/699/580 768/698/579 770/700/581 769/701/582
f 769/701/582 770/700/581 772/702/583 771/703/584
f 771/703/584 772/702/583 774/704/585 773/705/586
f 773/705/586 774/704/585 776/706/587 775/707/588
f 775/707/588 776/706/587 778/708/589 777/709/590
f 777/709/590 778/708/589 780/710/591 779/711/592
f 779/711/592 780/710/591 782/712/593 781/713/594
f 781/713/594 782/712/593 784/714/595 783/715/596
f 762/748/573 760/717/572 786/749/597 784/719/595 782/720/593 780/750/591 778/722/589 776/751/587 774/724/585 772/752/583 770/726/581 768/753/579 766/728/577 764/729/575
f 783/715/596 784/714/595 786/730/597 785/731/598
f 785/731/598 786/730/597 760/732/572 759/733/571
f 759/734/571 761/754/574 763/736/576 765/737/578 767/755/580 769/739/582 771/756/584 773/741/586 775/757/588 777/743/590 779/758/592 781/745/594 783/746/596 785/759/598
f 837/760/599 1011/761/600 846/762/601 847/763/602
f 843/764/603 842/765/604 853/766/605 854/767/606
f 835/768/607 855/769/10 844/770/608
f 841/771/609 840/772/610 850/773/611 851/774/612
f 838/775/613 837/760/599 847/763/602 848/776/614
f 944/777/12 843/764/603 854/767/606
f 836/778/615 835/768/607 844/770/608 845/779/616
f 1012/780/617 841/771/609 851/774/612 852/781/618
f 839/5/5 838/775/613 848/776/614 849/782/619
f 1011/761/600 836/778/615 845/779/616 846/762/601
f 842/765/604 1012/780/617 852/781/618 853/766/605
f 840/772/610 839/5/5 849/782/619 850/773/611
f 845/779/616 844/770/608 856/783/620 857/784/621
f 852/781/618 851/774/612 863/785/622 864/356/623
f 849/782/619 848/776/614 860/786/624 861/358/625
f 846/762/601 845/779/616 857/784/621 858/360/626
f 853/766/605 852/781/618 864/356/623 865/787/627
f 850/773/611 849/782/619 861/358/625 862/788/628
f 847/763/602 846/762/601 858/360/626 859/789/629
f 854/767/606 853/766/605 865/787/627 866/790/630
f 844/770/608 855/791/10 856/783/620
f 851/774/612 850/773/611 862/788/628 863/785/622
f 848/776/614 847/763/602 859/789/629 860/786/624
f 944/792/12 854/767/606 866/790/630
f 866/790/630 865/787/627 876/793/631 877/794/632
f 856/783/620 855/795/10 867/796/633
f 863/785/622 862/788/628 873/797/634 874/798/635
f 860/786/624 859/789/629 870/799/636 871/800/637
f 944/801/12 866/790/630 877/794/632
f 857/784/621 856/783/620 867/796/633 868/802/638
f 864/356/623 863/785/622 874/798/635 875/803/639
f 861/358/625 860/786/624 871/800/637 872/804/640
f 858/360/626 857/784/621 868/802/638 869/805/641
f 865/787/627 864/356/623 875/803/639 876/793/631
f 862/788/628 861/358/625 872/804/640 873/797/634
f 859/789/629 858/360/626 869/805/641 870/799/636
f 869/805/641 868/802/638 879/806/642 880/807/643
f 876/793/631 875/803/639 886/808/644 887/809/645
f 873/797/634 872/804/640 883/810/89 884/811/646
f 870/799/636 869/805/641 880/807/643 881/812/647
f 877/794/632 876/793/631 887/809/645 888/813/648
f 867/796/633 855/814/10 878/815/649
f 874/798/635 873/797/634 884/811/646 885/816/650
f 871/800/637 870/799/636 881/812/647 882/817/651
f 944/818/12 877/794/632 888/813/648
f 868/802/638 867/796/633 878/815/649 879/806/642
f 875/803/639 874/798/635 885/816/650 886/808/644
f 872/804/640 871/800/637 882/817/651 883/810/89
f 944/819/12 888/813/648 899/820/652
f 879/806/642 878/815/649 889/821/653 890/822/654
f 886/808/644 885/816/650 896/823/655 897/824/656
f 883/810/89 882/817/651 893/825/657 894/826/658
f 880/807/643 879/806/642 890/822/654 891/827/659
f 887/809/645 886/808/644 897/824/656 898/828/660
f 884/811/646 883/810/89 894/826/658 895/829/661
f 881/812/647 880/807/643 891/827/659 892/830/662
f 888/813/648 887/809/645 898/828/660 899/820/652
f 878/815/649 855/831/10 889/821/653
f 885/816/650 884/811/646 895/829/661 896/823/655
f 882/817/651 881/812/647 892/830/662 893/825/657
f 892/830/662 891/827/659 902/832/663 903/833/664
f 899/820/652 898/828/660 909/834/665 910/835/666
f 889/821/653 855/836/10 900/837/667
f 896/823/655 895/829/661 906/838/668 907/839/669
f 893/825/657 892/830/662 903/833/664 904/840/670
f 944/841/12 899/820/652 910/835/666
f 890/822/654 889/821/653 900/837/667 901/842/671
f 897/824/656 896/823/655 907/839/669 908/843/672
f 894/826/658 893/825/657 904/840/670 905/359/673
f 891/827/659 890/822/654 901/842/671 902/832/663
f 898/828/660 897/824/656 908/843/672 909/834/665
f 895/829/661 894/826/658 905/359/673 906/838/668
f 902/832/663 901/842/671 912/844/674 913/845/675
f 909/834/665 908/843/672 919/846/676 920/847/677
f 906/838/668 905/359/673 916/848/678 917/849/679
f 903/833/664 902/832/663 913/845/675 914/850/680
f 910/835/666 909/834/665 920/847/677 921/851/681
f 900/837/667 855/852/10 911/853/682
f 907/839/669 906/838/668 917/849/679 918/854/683
f 904/840/670 903/833/664 914/850/680 915/855/684
f 944/856/12 910/835/666 921/851/681
f 901/842/671 900/837/667 911/853/682 912/844/674
f 908/843/672 907/839/669 918/854/683 919/846/676
f 905/359/673 904/840/670 915/855/684 916/848/678
f 915/855/684 914/850/680 925/857/685 926/858/686
f 944/859/12 921/851/681 932/860/687
f 912/844/674 911/853/682 922/861/688 923/862/689
f 919/846/676 918/854/683 929/863/690 930/864/691
f 916/848/678 915/855/684 926/858/686 927/865/154
f 913/845/675 912/844/674 923/862/689 924/866/692
f 920/847/677 919/846/676 930/864/691 931/867/693
f 917/849/679 916/848/678 927/865/154 928/868/694
f 914/850/680 913/845/675 924/866/692 925/857/685
f 921/851/681 920/847/677 931/867/693 932/860/687
f 911/853/682 855/869/10 922/861/688
f 918/854/683 917/849/679 928/868/694 929/863/690
f 925/857/685 924/866/692 935/870/695 936/871/696
f 932/860/687 931/867/693 942/872/697 943/873/698
f 922/861/688 855/874/10 933/875/699
f 929/863/690 928/868/694 939/876/700 940/877/701
f 926/858/686 925/857/685 936/871/696 937/878/702
f 944/879/12 932/860/687 943/873/698
f 923/862/689 922/861/688 933/875/699 934/880/703
f 930/864/691 929/863/690 940/877/701 941/881/704
f 927/865/154 926/858/686 937/878/702 938/882/705
f 924/866/692 923/862/689 934/880/703 935/870/695
f 931/867/693 930/864/691 941/881/704 942/872/697
f 928/868/694 927/865/154 938/882/705 939/876/700
f 938/882/705 937/878/702 949/883/706 950/884/707
f 935/870/695 934/880/703 946/885/708 947/886/709
f 942/872/697 941/881/704 953/887/710 954/888/711
f 939/876/700 938/882/705 950/884/707 951/889/712
f 936/871/696 935/870/695 947/886/709 948/890/713
f 943/873/698 942/872/697 954/888/711 955/891/714
f 933/875/699 855/892/10 945/893/715
f 940/877/701 939/876/700 951/889/712 952/894/716
f 937/878/702 936/871/696 948/890/713 949/883/706
f 944/895/12 943/873/698 955/891/714
f 934/880/703 933/875/699 945/893/715 946/885/708
f 941/881/704 940/877/701 952/894/716 953/887/710
f 949/883/706 948/890/713 959/896/717 960/897/718
f 944/898/12 955/891/714 966/899/719
f 946/885/708 945/893/715 956/900/720 957/901/721
f 953/887/710 952/894/716 963/902/722 964/903/723
f 950/884/707 949/883/706 960/897/718 961/904/724
f 947/886/709 946/885/708 957/901/721 958/905/725
f 954/888/711 953/887/710 964/903/723 965/906/726
f 951/889/712 950/884/707 961/904/724 962/907/727
f 948/890/713 947/886/709 958/905/725 959/896/717
f 955/891/714 954/888/711 965/906/726 966/899/719
f 945/893/715 855/908/10 956/900/720
f 952/894/716 951/889/712 962/907/727 963/902/722
f 962/907/727 961/904/724 972/259/233 973/909/728
f 959/896/717 958/905/725 969/910/729 970/911/730
f 966/899/719 965/906/726 976/912/731 977/913/732
f 956/900/720 855/914/10 967/915/733
f 963/902/722 962/907/727 973/909/728 974/916/734
f 960/897/718 959/896/717 970/911/730 971/917/735
f 944/918/12 966/899/719 977/913/732
f 957/901/721 956/900/720 967/915/733 968/919/736
f 964/903/723 963/902/722 974/916/734 975/920/737
f 961/904/724 960/897/718 971/917/735 972/259/233
f 958/905/725 957/901/721 968/919/736 969/910/729
f 965/906/726 964/903/723 975/920/737 976/912/731
f 972/295/233 971/921/735 982/922/738 983/923/739
f 969/924/729 968/925/736 979/926/740 980/927/741
f 976/928/731 975/929/737 986/930/742 987/931/743
f 973/932/728 972/295/233 983/923/739 984/933/744
f 970/934/730 969/924/729 980/927/741 981/935/745
f 977/936/732 976/928/731 987/931/743 988/937/746
f 967/938/733 855/939/10 978/940/747
f 974/941/734 973/932/728 984/933/744 985/942/748
f 971/921/735 970/934/730 981/935/745 982/922/738
f 944/943/12 977/936/732 988/937/746
f 968/925/736 967/938/733 978/940/747 979/926/740
f 975/929/737 974/941/734 985/942/748 986/930/742
f 985/942/748 984/933/744 995/944/749 996/945/750
f 982/922/738 981/935/745 992/946/751 993/947/752
f 944/948/12 988/937/746 999/949/753
f 979/926/740 978/940/747 989/950/754 990/951/755
f 986/930/742 985/942/748 996/945/750 997/952/756
f 983/923/739 982/922/738 993/947/752 994/953/757
f 980/927/741 979/926/740 990/951/755 991/954/758
f 987/931/743 986/930/742 997/952/756 998/955/759
f 984/933/744 983/923/739 994/953/757 995/944/749
f 981/935/745 980/927/741 991/954/758 992/946/751
f 988/937/746 987/931/743 998/955/759 999/949/753
f 978/940/747 855/956/10 989/950/754
f 995/944/749 994/953/757 1005/957/760 1006/958/761
f 992/946/751 991/954/758 1002/959/762 1003/960/763
f 999/949/753 998/955/759 1009/961/764 1010/962/765
f 989/950/754 855/963/10 1000/964/766
f 996/945/750 995/944/749 1006/958/761 1007/965/767
f 993/947/752 992/946/751 1003/960/763 1004/966/768
f 944/967/12 999/949/753 1010/962/765
f 990/951/755 989/950/754 1000/964/766 1001/968/769
f 997/952/756 996/945/750 1007/965/767 1008/969/770
f 994/953/757 993/947/752 1004/966/768 1005/957/760
f 991/954/758 990/951/755 1001/968/769 1002/959/762
f 998/955/759 997/952/756 1008/969/770 1009/961/764
f 1008/969/770 1007/965/767 841/771/609 1012/780/617
f 1005/957/760 1004/966/768 838/775/613 839/5/5
f 1002/959/762 1001/968/769 836/778/615 1011/761/600
f 1009/961/764 1008/969/770 1012/780/617 842/765/604
f 1006/958/761 1005/957/760 839/5/5 840/772/610
f 1003/960/763 1002/959/762 1011/761/600 837/760/599
f 1010/962/765 1009/961/764 842/765/604 843/764/603
f 1000/964/766 855/970/10 835/768/607
f 1007/965/767 1006/958/761 840/772/610 841/771/609
f 1004/966/768 1003/960/763 837/760/599 838/775/613
f 944/971/12 1010/962/765 843/764/603
f 1001/968/769 1000/964/766 835/768/607 836/778/615
f 1013/295/771 1014/693/772 1016/972/773 1015/973/774
f 1015/973/774 1016/972/773 1018/974/775 1017/491/776
f 1017/491/776 1018/974/775 1020/975/777 1019/976/778
f 1019/976/778 1020/975/777 1022/977/779 1021/978/780
f 1021/978/780 1022/977/779 1024/979/781 1023/980/782
f 1023/980/782 1024/979/781 1026/981/783 1025/982/784
f 1025/982/784 1026/981/783 1028/983/785 1027/984/786
f 1027/984/786 1028/983/785 1030/985/787 1029/986/788
f 1029/986/788 1030/985/787 1032/987/789 1031/988/790
f 1031/988/790 1032/987/789 1034/989/791 1033/990/792
f 1016/991/773 1014/717/772 1036/992/793 1034/993/791 1032/994/789 1030/995/787 1028/996/785 1026/724/783 1024/997/781 1022/998/779 1020/999/777 1018/1000/775
f 1033/990/792 1034/989/791 1036/1001/793 1035/1002/794
f 1035/1002/794 1036/1001/793 1014/1003/772 1013/1004/771
f 1013/734/771 1015/1005/774 1017/1006/776 1019/1007/778 1021/1008/780 1023/1009/782 1025/741/784 1027/1010/786 1029/1011/788 1031/1012/790 1033/1013/792 1035/1014/794
f 1037/295/771 1038/693/772 1040/972/773 1039/973/774
f 1039/973/774 1040/972/773 1042/974/775 1041/491/776
f 1041/491/776 1042/974/775 1044/975/777 1043/976/778
f 1043/976/778 1044/975/777 1046/977/779 1045/978/780
f 1045/978/780 1046/977/779 1048/979/781 1047/980/782
f 1047/980/782 1048/979/781 1050/981/783 1049/982/784
f 1049/982/784 1050/981/783 1052/983/785 1051/984/786
f 1051/984/786 1052/983/785 1054/985/787 1053/986/788
f 1053/986/788 1054/985/787 1056/987/789 1055/988/790
f 1055/988/790 1056/987/789 1058/989/791 1057/990/792
f 1040/991/773 1038/717/772 1060/992/793 1058/993/791 1056/994/789 1054/995/787 1052/996/785 1050/724/783 1048/997/781 1046/998/779 1044/999/777 1042/1000/775
f 1057/990/792 1058/989/791 1060/1001/793 1059/1002/794
f 1059/1002/794 1060/1001/793 1038/1003/772 1037/1004/771
f 1037/734/771 1039/1005/774 1041/1006/776 1043/1007/778 1045/1008/780 1047/1009/782 1049/741/784 1051/1010/786 1053/1011/788 1055/1012/790 1057/1013/792 1059/1014/794
f 1194/778/615 1193/768/607 1201/770/608 1202/779/616
f 1370/780/617 1198/771/609 1208/774/612 1209/781/618
f 1197/5/5 1196/775/613 1205/776/614 1206/782/619
f 1368/1051/600 1194/778/615 1202/779/616 1203/762/601
f 1199/765/604 1370/780/617 1209/781/618 1210/766/605
f 1369/1052/610 1197/5/5 1206/782/619 1207/773/611
f 1195/760/599 1368/1051/600 1203/762/601 1204/763/602
f 1200/764/603 1199/765/604 1210/766/605 1211/767/606
f 1193/768/607 1212/769/10 1201/770/608
f 1198/771/609 1369/1052/610 1207/773/611 1208/774/612
f 1196/775/613 1195/760/599 1204/763/602 1205/776/614
f 1301/777/12 1200/764/603 1211/767/606
f 1207/773/611 1206/782/619 1218/358/625 1219/788/628
f 1204/763/602 1203/762/601 1215/360/626 1216/789/629
f 1211/767/606 1210/766/605 1222/787/627 1223/790/630
f 1201/770/608 1212/791/10 1213/783/620
f 1208/774/612 1207/773/611 1219/788/628 1220/785/622
f 1205/776/614 1204/763/602 1216/789/629 1217/786/624
f 1301/792/12 1211/767/606 1223/790/630
f 1202/779/616 1201/770/608 1213/783/620 1214/784/621
f 1209/781/618 1208/774/612 1220/785/622 1221/356/623
f 1206/782/619 1205/776/614 1217/786/624 1218/358/625
f 1203/762/601 1202/779/616 1214/784/621 1215/360/626
f 1210/766/605 1209/781/618 1221/356/623 1222/787/627
f 1218/358/625 1217/786/624 1228/800/637 1229/804/640
f 1215/360/626 1214/784/621 1225/802/638 1226/805/641
f 1222/787/627 1221/356/623 1232/803/639 1233/793/631
f 1219/788/628 1218/358/625 1229/804/640 1230/797/634
f 1216/789/629 1215/360/626 1226/805/641 1227/799/636
f 1223/790/630 1222/787/627 1233/793/631 1234/794/632
f 1213/783/620 1212/795/10 1224/796/633
f 1220/785/622 1219/788/628 1230/797/634 1231/798/635
f 1217/786/624 1216/789/629 1227/799/636 1228/800/637
f 1301/801/12 1223/790/630 1234/794/632
f 1214/784/621 1213/783/620 1224/796/633 1225/802/638
f 1221/356/623 1220/785/622 1231/798/635 1232/803/639
f 1231/798/635 1230/797/634 1241/1053/646 1242/816/650
f 1228/800/637 1227/799/636 1238/1054/647 1239/817/651
f 1301/818/12 1234/794/632 1245/813/648
f 1225/802/638 1224/796/633 1235/815/649 1236/1055/642
f 1232/803/639 1231/798/635 1242/816/650 1243/808/644
f 1229/804/640 1228/800/637 1239/817/651 1240/810/89
f 1226/805/641 1225/802/638 1236/1055/642 1237/807/643
f 1233/793/631 1232/803/639 1243/808/644 1244/809/645
f 1230/797/634 1229/804/640 1240/810/89 1241/1053/646
f 1227/799/636 1226/805/641 1237/807/643 1238/1054/647
f 1234/794/632 1233/793/631 1244/809/645 1245/813/648
f 1224/796/633 1212/814/10 1235/815/649
f 1241/1053/646 1240/810/89 1251/826/658 1252/1056/661
f 1238/1054/647 1237/807/643 1248/827/659 1249/1057/662
f 1245/813/648 1244/809/645 1255/828/660 1256/820/652
f 1235/815/649 1212/1058/10 1246/821/653
f 1242/816/650 1241/1053/646 1252/1056/661 1253/823/655
f 1239/817/651 1238/1054/647 1249/1057/662 1250/825/657
f 1301/1059/12 1245/813/648 1256/820/652
f 1236/1055/642 1235/815/649 1246/821/653 1247/1060/654
f 1243/808/644 1242/816/650 1253/823/655 1254/824/656
f 1240/810/89 1239/817/651 1250/825/657 1251/826/658
f 1237/807/643 1236/1055/642 1247/1060/654 1248/827/659
f 1244/809/645 1243/808/644 1254/824/656 1255/828/660
f 1254/824/656 1253/823/655 1264/839/669 1265/843/672
f 1251/826/658 1250/825/657 1261/840/670 1262/1061/673
f 1248/827/659 1247/1060/654 1258/1062/671 1259/1063/663
f 1255/828/660 1254/824/656 1265/843/672 1266/1064/665
f 1252/1056/661 1251/826/658 1262/1061/673 1263/1065/668
f 1249/1057/662 1248/827/659 1259/1063/663 1260/1066/664
f 1256/820/652 1255/828/660 1266/1064/665 1267/1067/666
f 1246/821/653 1212/836/10 1257/1068/667
f 1253/823/655 1252/1056/661 1263/1065/668 1264/839/669
f 1250/825/657 1249/1057/662 1260/1066/664 1261/840/670
f 1301/841/12 1256/820/652 1267/1067/666
f 1247/1060/654 1246/821/653 1257/1068/667 1258/1062/671
f 1257/1068/667 1212/1069/10 1268/853/682
f 1264/839/669 1263/1065/668 1274/1070/679 1275/854/683
f 1261/840/670 1260/1066/664 1271/850/680 1272/855/684
f 1301/1071/12 1267/1067/666 1278/851/681
f 1258/1062/671 1257/1068/667 1268/853/682 1269/1072/674
f 1265/843/672 1264/839/669 1275/854/683 1276/846/676
f 1262/1061/673 1261/840/670 1272/855/684 1273/848/678
f 1259/1063/663 1258/1062/671 1269/1072/674 1270/1073/675
f 1266/1064/665 1265/843/672 1276/846/676 1277/847/677
f 1263/1065/668 1262/1061/673 1273/848/678 1274/1070/679
f 1260/1066/664 1259/1063/663 1270/1073/675 1271/850/680
f 1267/1067/666 1266/1064/665 1277/847/677 1278/851/681
f 1277/847/677 1276/846/676 1287/864/691 1288/867/693
f 1274/1070/679 1273/848/678 1284/865/154 1285/1074/694
f 1271/850/680 1270/1073/675 1281/1075/692 1282/857/685
f 1278/851/681 1277/847/677 1288/867/693 1289/860/687
f 1268/853/682 1212/1076/10 1279/861/688
f 1275/854/683 1274/1070/679 1285/1074/694 1286/863/690
f 1272/855/684 1271/850/680 1282/857/685 1283/858/686
f 1301/1077/12 1278/851/681 1289/860/687
f 1269/1072/674 1268/853/682 1279/861/688 1280/1078/689
f 1276/846/676 1275/854/683 1286/863/690 1287/864/691
f 1273/848/678 1272/855/684 1283/858/686 1284/865/154
f 1270/1073/675 1269/1072/674 1280/1078/689 1281/1075/692
f 1280/1078/689 1279/861/688 1290/875/699 1291/880/703
f 1287/864/691 1286/863/690 1297/877/701 1298/881/704
f 1284/865/154 1283/858/686 1294/878/702 1295/882/705
f 1281/1075/692 1280/1078/689 1291/880/703 1292/1079/695
f 1288/867/693 1287/864/691 1298/881/704 1299/1080/697
f 1285/1074/694 1284/865/154 1295/882/705 1296/1081/700
f 1282/857/685 1281/1075/692 1292/1079/695 1293/871/696
f 1289/860/687 1288/867/693 1299/1080/697 1300/873/698
f 1279/861/688 1212/1082/10 1290/875/699
f 1286/863/690 1285/1074/694 1296/1081/700 1297/877/701
f 1283/858/686 1282/857/685 1293/871/696 1294/878/702
f 1301/1083/12 1289/860/687 1300/873/698
f 1300/873/698 1299/1080/697 1311/1084/711 1312/1085/714
f 1290/875/699 1212/892/10 1302/1086/715
f 1297/877/701 1296/1081/700 1308/1087/712 1309/894/716
f 1294/878/702 1293/871/696 1305/890/713 1306/883/706
f 1301/895/12 1300/873/698 1312/1085/714
f 1291/880/703 1290/875/699 1302/1086/715 1303/1088/708
f 1298/881/704 1297/877/701 1309/894/716 1310/887/710
f 1295/882/705 1294/878/702 1306/883/706 1307/1089/707
f 1292/1079/695 1291/880/703 1303/1088/708 1304/1090/709
f 1299/1080/697 1298/881/704 1310/887/710 1311/1084/711
f 1296/1081/700 1295/882/705 1307/1089/707 1308/1087/712
f 1293/871/696 1292/1079/695 1304/1090/709 1305/890/713
f 1304/1090/709 1303/1088/708 1314/1091/721 1315/1092/725
f 1311/1084/711 1310/887/710 1321/903/723 1322/1093/726
f 1308/1087/712 1307/1089/707 1318/1094/724 1319/1095/727
f 1305/890/713 1304/1090/709 1315/1092/725 1316/896/717
f 1312/1085/714 1311/1084/711 1322/1093/726 1323/1096/719
f 1302/1086/715 1212/908/10 1313/1097/720
f 1309/894/716 1308/1087/712 1319/1095/727 1320/902/722
f 1306/883/706 1305/890/713 1316/896/717 1317/897/718
f 1301/898/12 1312/1085/714 1323/1096/719
f 1303/1088/708 1302/1086/715 1313/1097/720 1314/1091/721
f 1310/887/710 1309/894/716 1320/902/722 1321/903/723
f 1307/1089/707 1306/883/706 1317/897/718 1318/1094/724
f 1301/1098/12 1323/1096/719 1334/913/732
f 1314/1091/721 1313/1097/720 1324/915/733 1325/919/736
f 1321/903/723 1320/902/722 1331/916/734 1332/920/737
f 1318/1094/724 1317/897/718 1328/917/735 1329/259/233
f 1315/1092/725 1314/1091/721 1325/919/736 1326/1099/729
f 1322/1093/726 1321/903/723 1332/920/737 1333/1100/731
f 1319/1095/727 1318/1094/724 1329/259/233 1330/1101/728
f 1316/896/717 1315/1092/725 1326/1099/729 1327/911/730
f 1323/1096/719 1322/1093/726 1333/1100/731 1334/913/732
f 1313/1097/720 1212/1102/10 1324/915/733
f 1320/902/722 1319/1095/727 1330/1101/728 1331/916/734
f 1317/897/718 1316/896/717 1327/911/730 1328/917/735
f 1327/934/730 1326/1103/729 1337/1104/741 1338/1105/745
f 1334/936/732 1333/1106/731 1344/1107/743 1345/1108/746
f 1324/938/733 1212/1109/10 1335/1110/747
f 1331/941/734 1330/1111/728 1341/1112/744 1342/1113/748
f 1328/921/735 1327/934/730 1338/1105/745 1339/922/738
f 1301/1114/12 1334/936/732 1345/1108/746
f 1325/925/736 1324/938/733 1335/1110/747 1336/926/740
f 1332/929/737 1331/941/734 1342/1113/748 1343/930/742
f 1329/295/233 1328/921/735 1339/922/738 1340/923/739
f 1326/1103/729 1325/925/736 1336/926/740 1337/1104/741
f 1333/1106/731 1332/929/737 1343/930/742 1344/1107/743
f 1330/1111/728 1329/295/233 1340/923/739 1341/1112/744
f 1337/1104/741 1336/926/740 1347/951/755 1348/1115/758
f 1344/1107/743 1343/930/742 1354/952/756 1355/1116/759
f 1341/1112/744 1340/923/739 1351/953/757 1352/944/749
f 1338/1105/745 1337/1104/741 1348/1115/758 1349/946/751
f 1345/1108/746 1344/1107/743 1355/1116/759 1356/1117/753
f 1335/1110/747 1212/956/10 1346/1118/754
f 1342/1113/748 1341/1112/744 1352/944/749 1353/945/750
f 1339/922/738 1338/1105/745 1349/946/751 1350/947/752
f 1301/948/12 1345/1108/746 1356/1117/753
f 1336/926/740 1335/1110/747 1346/1118/754 1347/951/755
f 1343/930/742 1342/1113/748 1353/945/750 1354/952/756
f 1340/923/739 1339/922/738 1350/947/752 1351/953/757
f 1350/947/752 1349/946/751 1360/960/763 1361/966/768
f 1301/1119/12 1356/1117/753 1367/1120/765
f 1347/951/755 1346/1118/754 1357/1121/766 1358/1122/769
f 1354/952/756 1353/945/750 1364/965/767 1365/969/770
f 1351/953/757 1350/947/752 1361/966/768 1362/1123/760
f 1348/1115/758 1347/951/755 1358/1122/769 1359/1124/762
f 1355/1116/759 1354/952/756 1365/969/770 1366/1125/764
f 1352/944/749 1351/953/757 1362/1123/760 1363/958/761
f 1349/946/751 1348/1115/758 1359/1124/762 1360/960/763
f 1356/1117/753 1355/1116/759 1366/1125/764 1367/1120/765
f 1346/1118/754 1212/1126/10 1357/1121/766
f 1353/945/750 1352/944/749 1363/958/761 1364/965/767
f 1360/960/763 1359/1124/762 1368/1051/600 1195/760/599
f 1367/1120/765 1366/1125/764 1199/765/604 1200/764/603
f 1357/1121/766 1212/970/10 1193/768/607
f 1364/965/767 1363/958/761 1369/1052/610 1198/771/609
f 1361/966/768 1360/960/763 1195/760/599 1196/775/613
f 1301/971/12 1367/1120/765 1200/764/603
f 1358/1122/769 1357/1121/766 1193/768/607 1194/778/615
f 1365/969/770 1364/965/767 1198/771/609 1370/780/617
f 1362/1123/760 1361/966/768 1196/775/613 1197/5/5
f 1359/1124/762 1358/1122/769 1194/778/615 1368/1051/600
f 1366/1125/764 1365/969/770 1370/780/617 1199/765/604
f 1363/958/761 1362/1123/760 1197/5/5 1369/1052/610
f 1371/295/831 1372/693/832 1374/972/833 1373/973/834
f 1373/973/834 1374/972/833 1376/974/835 1375/491/836
f 1375/491/836 1376/974/835 1378/975/837 1377/976/838
f 1377/976/838 1378/975/837 1380/977/839 1379/978/840
f 1379/978/840 1380/977/839 1382/979/841 1381/980/842
f 1381/980/842 1382/979/841 1384/981/843 1383/982/844
f 1383/982/844 1384/981/843 1386/983/845 1385/984/846
f 1385/984/846 1386/983/845 1388/985/847 1387/986/848
f 1387/986/848 1388/985/847 1390/987/849 1389/988/850
f 1389/988/850 1390/987/849 1392/989/851 1391/990/852
f 1374/991/833 1372/717/832 1394/992/853 1392/993/851 1390/994/849 1388/995/847 1386/996/845 1384/724/843 1382/997/841 1380/998/839 1378/999/837 1376/1000/835
f 1391/990/852 1392/989/851 1394/1001/853 1393/1002/854
f 1393/1002/854 1394/1001/853 1372/1003/832 1371/1004/831
f 1371/734/831 1373/1005/834 1375/1006/836 1377/1007/838 1379/1008/840 1381/1009/842 1383/741/844 1385/1010/846 1387/1011/848 1389/1012/850 1391/1013/852 1393/1014/854
s 0
usemtl Mat_ZombieTornPants
f 1435/139/233 1436/65/233 1438/356/233 1437/357/233
f 1437/357/5 1438/356/5 1442/358/5 1441/359/5
f 1441/359/89 1442/358/89 1440/360/89 1439/361/89
f 1439/361/154 1440/360/154 1436/63/154 1435/137/154
f 1437/362/12 1441/359/12 1439/361/12 1435/363/12
f 1442/358/10 1438/364/10 1436/365/10 1440/360/10
s 1
f 1443/295/879 1444/693/880 1446/972/881 1445/973/882
f 1445/973/882 1446/972/881 1448/974/883 1447/491/884
f 1447/491/884 1448/974/883 1450/975/885 1449/976/886
f 1449/976/886 1450/975/885 1452/977/887 1451/978/888
f 1451/978/888 1452/977/887 1454/979/889 1453/980/890
f 1453/980/890 1454/979/889 1456/981/891 1455/982/892
f 1455/982/892 1456/981/891 1458/983/893 1457/984/894
f 1457/984/894 1458/983/893 1460/985/895 1459/986/896
f 1459/986/896 1460/985/895 1462/987/897 1461/988/898
f 1461/988/898 1462/987/897 1464/989/899 1463/990/900
f 1446/991/881 1444/717/880 1466/992/901 1464/1045/899 1462/994/897 1460/1046/895 1458/1127/893 1456/724/891 1454/1128/889 1452/998/887 1450/999/885 1448/1000/883
f 1463/990/900 1464/989/899 1466/1001/901 1465/1002/902
f 1465/1002/902 1466/1001/901 1444/1003/880 1443/1004/879
f 1443/734/879 1445/1005/882 1447/1006/884 1449/1007/886 1451/1008/888 1453/1129/890 1455/741/892 1457/1130/894 1459/1011/896 1461/1012/898 1463/1013/900 1465/1014/902
f 1533/295/879 1534/693/880 1536/972/881 1535/973/882
f 1535/973/882 1536/972/881 1538/974/883 1537/491/884
f 1537/491/884 1538/974/883 1540/975/885 1539/976/886
f 1539/976/886 1540/975/885 1542/977/887 1541/978/888
f 1541/978/888 1542/977/887 1544/979/889 1543/980/890
f 1543/980/890 1544/979/889 1546/981/891 1545/982/892
f 1545/982/892 1546/981/891 1548/983/893 1547/984/894
f 1547/984/894 1548/983/893 1550/985/895 1549/986/896
f 1549/986/896 1550/985/895 1552/987/897 1551/988/898
f 1551/988/898 1552/987/897 1554/989/899 1553/990/900
f 1536/991/881 1534/717/880 1556/992/901 1554/993/899 1552/994/897 1550/995/895 1548/996/893 1546/724/891 1544/997/889 1542/998/887 1540/999/885 1538/1000/883
f 1553/990/900 1554/989/899 1556/1001/901 1555/1002/902
f 1555/1002/902 1556/1001/901 1534/1003/880 1533/1004/879
f 1533/734/879 1535/1005/882 1537/1006/884 1539/1007/886 1541/1008/888 1543/1009/890 1545/741/892 1547/1010/894 1549/1011/896 1551/1012/898 1553/1013/900 1555/1014/902
f 1573/295/879 1574/693/880 1576/972/881 1575/973/882
f 1575/973/882 1576/972/881 1578/974/883 1577/491/884
f 1577/491/884 1578/974/883 1580/975/885 1579/976/886
f 1579/976/886 1580/975/885 1582/977/887 1581/978/888
f 1581/978/888 1582/977/887 1584/979/889 1583/980/890
f 1583/980/890 1584/979/889 1586/981/891 1585/982/892
f 1585/982/892 1586/981/891 1588/983/893 1587/984/894
f 1587/984/894 1588/983/893 1590/985/895 1589/986/896
f 1589/986/896 1590/985/895 1592/987/897 1591/988/898
f 1591/988/898 1592/987/897 1594/989/899 1593/990/900
f 1576/991/881 1574/717/880 1596/992/901 1594/1045/899 1592/994/897 1590/1046/895 1588/1127/893 1586/724/891 1584/1128/889 1582/998/887 1580/999/885 1578/1000/883
f 1593/990/900 1594/989/899 1596/1001/901 1595/1002/902
f 1595/1002/902 1596/1001/901 1574/1003/880 1573/1004/879
f 1573/734/879 1575/1005/882 1577/1006/884 1579/1007/886 1581/1008/888 1583/1129/890 1585/741/892 1587/1130/894 1589/1011/896 1591/1012/898 1593/1013/900 1595/1014/902
s 0
f 1621/139/233 1622/65/233 1624/356/233 1623/357/233
f 1623/357/5 1624/356/5 1628/358/5 1627/359/5
f 1627/359/89 1628/358/89 1626/360/89 1625/361/89
f 1625/361/154 1626/360/154 1622/63/154 1621/137/154
f 1623/362/12 1627/359/12 1625/361/12 1621/363/12
f 1628/358/10 1624/364/10 1622/365/10 1626/360/10
usemtl Mat_ZombieShoe
f 1557/139/233 1558/65/233 1560/356/233 1559/357/233
f 1559/357/5 1560/356/5 1564/358/5 1563/359/5
f 1563/359/89 1564/358/89 1562/360/89 1561/361/89
f 1561/361/154 1562/360/154 1558/63/154 1557/137/154
f 1559/362/12 1563/359/12 1561/361/12 1557/363/12
f 1564/358/10 1560/364/10 1558/365/10 1562/360/10
f 1629/139/233 1630/65/233 1632/356/233 1631/357/233
f 1631/357/5 1632/356/5 1636/358/5 1635/359/5
f 1635/359/89 1636/358/89 1634/360/89 1633/361/89
f 1633/361/154 1634/360/154 1630/63/154 1629/137/154
f 1631/362/12 1635/359/12 1633/361/12 1629/363/12
f 1636/358/10 1632/364/10 1630/365/10 1634/360/10
